{
"type": "FeatureCollection",
"name": "Node",
"crs": { "type": "name", "properties": { "name": "urn:ogc:def:crs:EPSG::28992" } },
"features": [
{ "type": "Feature", "properties": { "node_id": 1, "node_type": "Basin", "name": "2803", "subnetwork_id": null, "source_priority": null, "cyclic_time": false, "meta_categorie": "doorgaand", "meta_waterbeheerder": "HollandsNoorderkwartier", "meta_node_id": null, "meta_old_node_id": null, "meta_couple_authority": null }, "geometry": { "type": "Point", "coordinates": [ 115110.43091698383796, 544056.079800000414252 ] } },
{ "type": "Feature", "properties": { "node_id": 2, "node_type": "Basin", "name": "5170", "subnetwork_id": null, "source_priority": null, "cyclic_time": false, "meta_categorie": "doorgaand", "meta_waterbeheerder": "HollandsNoorderkwartier", "meta_node_id": null, "meta_old_node_id": null, "meta_couple_authority": null }, "geometry": { "type": "Point", "coordinates": [ 124479.30967901830445, 495040.773249998688698 ] } },
{ "type": "Feature", "properties": { "node_id": 3, "node_type": "Basin", "name": "1000", "subnetwork_id": null, "source_priority": null, "cyclic_time": false, "meta_categorie": "hoofdwater", "meta_waterbeheerder": "HollandsNoorderkwartier", "meta_node_id": null, "meta_old_node_id": null, "meta_couple_authority": null }, "geometry": { "type": "Point", "coordinates": [ 106183.917448062187759, 529300.55434999987483 ] } },
{ "type": "Feature", "properties": { "node_id": 4, "node_type": "Basin", "name": "5400", "subnetwork_id": null, "source_priority": null, "cyclic_time": false, "meta_categorie": "doorgaand", "meta_waterbeheerder": "HollandsNoorderkwartier", "meta_node_id": null, "meta_old_node_id": null, "meta_couple_authority": null }, "geometry": { "type": "Point", "coordinates": [ 121388.192907832519268, 508418.245100000873208 ] } },
{ "type": "Feature", "properties": { "node_id": 5, "node_type": "Basin", "name": "2852", "subnetwork_id": null, "source_priority": null, "cyclic_time": false, "meta_categorie": "doorgaand", "meta_waterbeheerder": "HollandsNoorderkwartier", "meta_node_id": null, "meta_old_node_id": null, "meta_couple_authority": null }, "geometry": { "type": "Point", "coordinates": [ 125921.644428861312917, 547064.765349999070168 ] } },
{ "type": "Feature", "properties": { "node_id": 6, "node_type": "Basin", "name": "04801", "subnetwork_id": null, "source_priority": null, "cyclic_time": false, "meta_categorie": "doorgaand", "meta_waterbeheerder": "HollandsNoorderkwartier", "meta_node_id": null, "meta_old_node_id": null, "meta_couple_authority": null }, "geometry": { "type": "Point", "coordinates": [ 117163.771975818497594, 509473.628249999135733 ] } },
{ "type": "Feature", "properties": { "node_id": 7, "node_type": "Basin", "name": "03802", "subnetwork_id": null, "source_priority": null, "cyclic_time": false, "meta_categorie": "doorgaand", "meta_waterbeheerder": "HollandsNoorderkwartier", "meta_node_id": null, "meta_old_node_id": null, "meta_couple_authority": null }, "geometry": { "type": "Point", "coordinates": [ 116771.401219982479233, 523913.723999999463558 ] } },
{ "type": "Feature", "properties": { "node_id": 8, "node_type": "Basin", "name": "2804", "subnetwork_id": null, "source_priority": null, "cyclic_time": false, "meta_categorie": "doorgaand", "meta_waterbeheerder": "HollandsNoorderkwartier", "meta_node_id": null, "meta_old_node_id": null, "meta_couple_authority": null }, "geometry": { "type": "Point", "coordinates": [ 116504.244997281464748, 541857.827650001272559 ] } },
{ "type": "Feature", "properties": { "node_id": 9, "node_type": "Basin", "name": "2855-2955", "subnetwork_id": null, "source_priority": null, "cyclic_time": false, "meta_categorie": "doorgaand", "meta_waterbeheerder": "HollandsNoorderkwartier", "meta_node_id": null, "meta_old_node_id": null, "meta_couple_authority": null }, "geometry": { "type": "Point", "coordinates": [ 127199.360676873271586, 546780.003100000321865 ] } },
{ "type": "Feature", "properties": { "node_id": 10, "node_type": "Basin", "name": "1800", "subnetwork_id": null, "source_priority": null, "cyclic_time": false, "meta_categorie": "hoofdwater", "meta_waterbeheerder": "HollandsNoorderkwartier", "meta_node_id": null, "meta_old_node_id": null, "meta_couple_authority": null }, "geometry": { "type": "Point", "coordinates": [ 121536.208292115567019, 531515.197599999606609 ] } },
{ "type": "Feature", "properties": { "node_id": 11, "node_type": "Basin", "name": "6751", "subnetwork_id": null, "source_priority": null, "cyclic_time": false, "meta_categorie": "doorgaand", "meta_waterbeheerder": "HollandsNoorderkwartier", "meta_node_id": null, "meta_old_node_id": null, "meta_couple_authority": null }, "geometry": { "type": "Point", "coordinates": [ 128905.985636077821255, 526316.214999999850988 ] } },
{ "type": "Feature", "properties": { "node_id": 12, "node_type": "Basin", "name": "04380", "subnetwork_id": null, "source_priority": null, "cyclic_time": false, "meta_categorie": "doorgaand", "meta_waterbeheerder": "HollandsNoorderkwartier", "meta_node_id": null, "meta_old_node_id": null, "meta_couple_authority": null }, "geometry": { "type": "Point", "coordinates": [ 112510.413051636103773, 503223.129000000655651 ] } },
{ "type": "Feature", "properties": { "node_id": 13, "node_type": "Basin", "name": "04170", "subnetwork_id": null, "source_priority": null, "cyclic_time": false, "meta_categorie": "doorgaand", "meta_waterbeheerder": "HollandsNoorderkwartier", "meta_node_id": null, "meta_old_node_id": null, "meta_couple_authority": null }, "geometry": { "type": "Point", "coordinates": [ 109536.485449643514585, 512729.673000000417233 ] } },
{ "type": "Feature", "properties": { "node_id": 14, "node_type": "Basin", "name": "04460", "subnetwork_id": null, "source_priority": null, "cyclic_time": false, "meta_categorie": "doorgaand", "meta_waterbeheerder": "HollandsNoorderkwartier", "meta_node_id": null, "meta_old_node_id": null, "meta_couple_authority": null }, "geometry": { "type": "Point", "coordinates": [ 115512.311782579607097, 505787.695700000971556 ] } },
{ "type": "Feature", "properties": { "node_id": 15, "node_type": "Basin", "name": "04020", "subnetwork_id": null, "source_priority": null, "cyclic_time": false, "meta_categorie": "doorgaand", "meta_waterbeheerder": "HollandsNoorderkwartier", "meta_node_id": null, "meta_old_node_id": null, "meta_couple_authority": null }, "geometry": { "type": "Point", "coordinates": [ 105865.628079524758505, 527883.847100000828505 ] } },
{ "type": "Feature", "properties": { "node_id": 16, "node_type": "Basin", "name": "5040", "subnetwork_id": null, "source_priority": null, "cyclic_time": false, "meta_categorie": "doorgaand", "meta_waterbeheerder": "HollandsNoorderkwartier", "meta_node_id": null, "meta_old_node_id": null, "meta_couple_authority": null }, "geometry": { "type": "Point", "coordinates": [ 129470.162284900725354, 510840.115000000223517 ] } },
{ "type": "Feature", "properties": { "node_id": 17, "node_type": "Basin", "name": "6130", "subnetwork_id": null, "source_priority": null, "cyclic_time": false, "meta_categorie": "doorgaand", "meta_waterbeheerder": "HollandsNoorderkwartier", "meta_node_id": null, "meta_old_node_id": null, "meta_couple_authority": null }, "geometry": { "type": "Point", "coordinates": [ 128363.290092056660797, 517851.747999999672174 ] } },
{ "type": "Feature", "properties": { "node_id": 18, "node_type": "Basin", "name": "2775", "subnetwork_id": null, "source_priority": null, "cyclic_time": false, "meta_categorie": "doorgaand", "meta_waterbeheerder": "HollandsNoorderkwartier", "meta_node_id": null, "meta_old_node_id": null, "meta_couple_authority": null }, "geometry": { "type": "Point", "coordinates": [ 108864.020796674798476, 535684.010049998760223 ] } },
{ "type": "Feature", "properties": { "node_id": 19, "node_type": "Basin", "name": "6090", "subnetwork_id": null, "source_priority": null, "cyclic_time": false, "meta_categorie": "doorgaand", "meta_waterbeheerder": "HollandsNoorderkwartier", "meta_node_id": null, "meta_old_node_id": null, "meta_couple_authority": null }, "geometry": { "type": "Point", "coordinates": [ 141092.061417992110364, 517992.77250000089407 ] } },
{ "type": "Feature", "properties": { "node_id": 20, "node_type": "Basin", "name": "8020", "subnetwork_id": null, "source_priority": null, "cyclic_time": false, "meta_categorie": "doorgaand", "meta_waterbeheerder": "HollandsNoorderkwartier", "meta_node_id": null, "meta_old_node_id": null, "meta_couple_authority": null }, "geometry": { "type": "Point", "coordinates": [ 116837.626518244651379, 563773.898800000548363 ] } },
{ "type": "Feature", "properties": { "node_id": 21, "node_type": "Basin", "name": "2754", "subnetwork_id": null, "source_priority": null, "cyclic_time": false, "meta_categorie": "doorgaand", "meta_waterbeheerder": "HollandsNoorderkwartier", "meta_node_id": null, "meta_old_node_id": null, "meta_couple_authority": null }, "geometry": { "type": "Point", "coordinates": [ 108138.089633696246892, 534248.716499999165535 ] } },
{ "type": "Feature", "properties": { "node_id": 22, "node_type": "Basin", "name": "2769", "subnetwork_id": null, "source_priority": null, "cyclic_time": false, "meta_categorie": "doorgaand", "meta_waterbeheerder": "HollandsNoorderkwartier", "meta_node_id": null, "meta_old_node_id": null, "meta_couple_authority": null }, "geometry": { "type": "Point", "coordinates": [ 113054.021341185143683, 538042.62555 ] } },
{ "type": "Feature", "properties": { "node_id": 23, "node_type": "Basin", "name": "2758", "subnetwork_id": null, "source_priority": null, "cyclic_time": false, "meta_categorie": "doorgaand", "meta_waterbeheerder": "HollandsNoorderkwartier", "meta_node_id": null, "meta_old_node_id": null, "meta_couple_authority": null }, "geometry": { "type": "Point", "coordinates": [ 108370.531977613485651, 531306.150100000202656 ] } },
{ "type": "Feature", "properties": { "node_id": 24, "node_type": "Basin", "name": "04410", "subnetwork_id": null, "source_priority": null, "cyclic_time": false, "meta_categorie": "doorgaand", "meta_waterbeheerder": "HollandsNoorderkwartier", "meta_node_id": null, "meta_old_node_id": null, "meta_couple_authority": null }, "geometry": { "type": "Point", "coordinates": [ 116791.608190494822338, 493277.380499999970198 ] } },
{ "type": "Feature", "properties": { "node_id": 25, "node_type": "Basin", "name": "03010", "subnetwork_id": null, "source_priority": null, "cyclic_time": false, "meta_categorie": "hoofdwater", "meta_waterbeheerder": "HollandsNoorderkwartier", "meta_node_id": null, "meta_old_node_id": null, "meta_couple_authority": null }, "geometry": { "type": "Point", "coordinates": [ 120158.142531358724227, 532715.7010000012815 ] } },
{ "type": "Feature", "properties": { "node_id": 26, "node_type": "Basin", "name": "5722", "subnetwork_id": null, "source_priority": null, "cyclic_time": false, "meta_categorie": "doorgaand", "meta_waterbeheerder": "HollandsNoorderkwartier", "meta_node_id": null, "meta_old_node_id": null, "meta_couple_authority": null }, "geometry": { "type": "Point", "coordinates": [ 125318.884516579302726, 498735.085200000554323 ] } },
{ "type": "Feature", "properties": { "node_id": 27, "node_type": "Basin", "name": "04610", "subnetwork_id": null, "source_priority": null, "cyclic_time": false, "meta_categorie": "doorgaand", "meta_waterbeheerder": "HollandsNoorderkwartier", "meta_node_id": null, "meta_old_node_id": null, "meta_couple_authority": null }, "geometry": { "type": "Point", "coordinates": [ 115180.42859449525713, 493668.061500001698732 ] } },
{ "type": "Feature", "properties": { "node_id": 28, "node_type": "Basin", "name": "04080", "subnetwork_id": null, "source_priority": null, "cyclic_time": false, "meta_categorie": "doorgaand", "meta_waterbeheerder": "HollandsNoorderkwartier", "meta_node_id": null, "meta_old_node_id": null, "meta_couple_authority": null }, "geometry": { "type": "Point", "coordinates": [ 106714.271510146631044, 518596.803649999201298 ] } },
{ "type": "Feature", "properties": { "node_id": 29, "node_type": "Basin", "name": "04320", "subnetwork_id": null, "source_priority": null, "cyclic_time": false, "meta_categorie": "doorgaand", "meta_waterbeheerder": "HollandsNoorderkwartier", "meta_node_id": null, "meta_old_node_id": null, "meta_couple_authority": null }, "geometry": { "type": "Point", "coordinates": [ 105309.010046917785075, 498356.15400000102818 ] } },
{ "type": "Feature", "properties": { "node_id": 30, "node_type": "Basin", "name": "04400", "subnetwork_id": null, "source_priority": null, "cyclic_time": false, "meta_categorie": "doorgaand", "meta_waterbeheerder": "HollandsNoorderkwartier", "meta_node_id": null, "meta_old_node_id": null, "meta_couple_authority": null }, "geometry": { "type": "Point", "coordinates": [ 114477.146173470100621, 498479.613600000739098 ] } },
{ "type": "Feature", "properties": { "node_id": 31, "node_type": "Basin", "name": "03170", "subnetwork_id": null, "source_priority": null, "cyclic_time": false, "meta_categorie": "doorgaand", "meta_waterbeheerder": "HollandsNoorderkwartier", "meta_node_id": null, "meta_old_node_id": null, "meta_couple_authority": null }, "geometry": { "type": "Point", "coordinates": [ 119481.186510636063758, 530734.471000000834465 ] } },
{ "type": "Feature", "properties": { "node_id": 32, "node_type": "Basin", "name": "03020", "subnetwork_id": null, "source_priority": null, "cyclic_time": false, "meta_categorie": "doorgaand", "meta_waterbeheerder": "HollandsNoorderkwartier", "meta_node_id": null, "meta_old_node_id": null, "meta_couple_authority": null }, "geometry": { "type": "Point", "coordinates": [ 115411.532384260368417, 532811.110499998554587 ] } },
{ "type": "Feature", "properties": { "node_id": 33, "node_type": "Basin", "name": "5300", "subnetwork_id": null, "source_priority": null, "cyclic_time": false, "meta_categorie": "doorgaand", "meta_waterbeheerder": "HollandsNoorderkwartier", "meta_node_id": null, "meta_old_node_id": null, "meta_couple_authority": null }, "geometry": { "type": "Point", "coordinates": [ 116919.417077776102815, 498940.86204999871552 ] } },
{ "type": "Feature", "properties": { "node_id": 34, "node_type": "Basin", "name": "03040", "subnetwork_id": null, "source_priority": null, "cyclic_time": false, "meta_categorie": "doorgaand", "meta_waterbeheerder": "HollandsNoorderkwartier", "meta_node_id": null, "meta_old_node_id": null, "meta_couple_authority": null }, "geometry": { "type": "Point", "coordinates": [ 121151.208531932526967, 534001.992499999701977 ] } },
{ "type": "Feature", "properties": { "node_id": 35, "node_type": "Basin", "name": "03150", "subnetwork_id": null, "source_priority": null, "cyclic_time": false, "meta_categorie": "doorgaand", "meta_waterbeheerder": "HollandsNoorderkwartier", "meta_node_id": null, "meta_old_node_id": null, "meta_couple_authority": null }, "geometry": { "type": "Point", "coordinates": [ 118769.982813530092244, 521280.559499999508262 ] } },
{ "type": "Feature", "properties": { "node_id": 36, "node_type": "Basin", "name": "2773", "subnetwork_id": null, "source_priority": null, "cyclic_time": false, "meta_categorie": "doorgaand", "meta_waterbeheerder": "HollandsNoorderkwartier", "meta_node_id": null, "meta_old_node_id": null, "meta_couple_authority": null }, "geometry": { "type": "Point", "coordinates": [ 113014.461870517552597, 539487.03999999910593 ] } },
{ "type": "Feature", "properties": { "node_id": 37, "node_type": "Basin", "name": "04110", "subnetwork_id": null, "source_priority": null, "cyclic_time": false, "meta_categorie": "doorgaand", "meta_waterbeheerder": "HollandsNoorderkwartier", "meta_node_id": null, "meta_old_node_id": null, "meta_couple_authority": null }, "geometry": { "type": "Point", "coordinates": [ 107990.574792186904233, 516206.848149999976158 ] } },
{ "type": "Feature", "properties": { "node_id": 38, "node_type": "Basin", "name": "5540", "subnetwork_id": null, "source_priority": null, "cyclic_time": false, "meta_categorie": "doorgaand", "meta_waterbeheerder": "HollandsNoorderkwartier", "meta_node_id": null, "meta_old_node_id": null, "meta_couple_authority": null }, "geometry": { "type": "Point", "coordinates": [ 129491.203479606148903, 495240.293349999934435 ] } },
{ "type": "Feature", "properties": { "node_id": 39, "node_type": "Basin", "name": "5620", "subnetwork_id": null, "source_priority": null, "cyclic_time": false, "meta_categorie": "doorgaand", "meta_waterbeheerder": "HollandsNoorderkwartier", "meta_node_id": null, "meta_old_node_id": null, "meta_couple_authority": null }, "geometry": { "type": "Point", "coordinates": [ 126731.11248948215507, 491379.292549999430776 ] } },
{ "type": "Feature", "properties": { "node_id": 40, "node_type": "Basin", "name": "04240", "subnetwork_id": null, "source_priority": null, "cyclic_time": false, "meta_categorie": "doorgaand", "meta_waterbeheerder": "HollandsNoorderkwartier", "meta_node_id": null, "meta_old_node_id": null, "meta_couple_authority": null }, "geometry": { "type": "Point", "coordinates": [ 111469.226059624081245, 510362.643450001254678 ] } },
{ "type": "Feature", "properties": { "node_id": 41, "node_type": "Basin", "name": "2805", "subnetwork_id": null, "source_priority": null, "cyclic_time": false, "meta_categorie": "doorgaand", "meta_waterbeheerder": "HollandsNoorderkwartier", "meta_node_id": null, "meta_old_node_id": null, "meta_couple_authority": null }, "geometry": { "type": "Point", "coordinates": [ 121463.95309285793337, 541636.530000001192093 ] } },
{ "type": "Feature", "properties": { "node_id": 42, "node_type": "Basin", "name": "5701", "subnetwork_id": null, "source_priority": null, "cyclic_time": false, "meta_categorie": "doorgaand", "meta_waterbeheerder": "HollandsNoorderkwartier", "meta_node_id": null, "meta_old_node_id": null, "meta_couple_authority": null }, "geometry": { "type": "Point", "coordinates": [ 129669.436552580591524, 506765.920199999585748 ] } },
{ "type": "Feature", "properties": { "node_id": 43, "node_type": "Basin", "name": "04803", "subnetwork_id": null, "source_priority": null, "cyclic_time": false, "meta_categorie": "doorgaand", "meta_waterbeheerder": "HollandsNoorderkwartier", "meta_node_id": null, "meta_old_node_id": null, "meta_couple_authority": null }, "geometry": { "type": "Point", "coordinates": [ 117333.054372946891817, 510231.118000000715256 ] } },
{ "type": "Feature", "properties": { "node_id": 44, "node_type": "Basin", "name": "03140", "subnetwork_id": null, "source_priority": null, "cyclic_time": false, "meta_categorie": "doorgaand", "meta_waterbeheerder": "HollandsNoorderkwartier", "meta_node_id": null, "meta_old_node_id": null, "meta_couple_authority": null }, "geometry": { "type": "Point", "coordinates": [ 121957.224563265452161, 522614.161641829879954 ] } },
{ "type": "Feature", "properties": { "node_id": 45, "node_type": "Basin", "name": "2774", "subnetwork_id": null, "source_priority": null, "cyclic_time": false, "meta_categorie": "doorgaand", "meta_waterbeheerder": "HollandsNoorderkwartier", "meta_node_id": null, "meta_old_node_id": null, "meta_couple_authority": null }, "geometry": { "type": "Point", "coordinates": [ 114051.049434928543633, 539760.064850000664592 ] } },
{ "type": "Feature", "properties": { "node_id": 46, "node_type": "Basin", "name": "04902", "subnetwork_id": null, "source_priority": null, "cyclic_time": false, "meta_categorie": "doorgaand", "meta_waterbeheerder": "HollandsNoorderkwartier", "meta_node_id": null, "meta_old_node_id": null, "meta_couple_authority": null }, "geometry": { "type": "Point", "coordinates": [ 105176.982626479293685, 511778.697599999606609 ] } },
{ "type": "Feature", "properties": { "node_id": 47, "node_type": "Basin", "name": "6110", "subnetwork_id": null, "source_priority": null, "cyclic_time": false, "meta_categorie": "doorgaand", "meta_waterbeheerder": "HollandsNoorderkwartier", "meta_node_id": null, "meta_old_node_id": null, "meta_couple_authority": null }, "geometry": { "type": "Point", "coordinates": [ 134097.848612767033046, 519237.299403991375584 ] } },
{ "type": "Feature", "properties": { "node_id": 48, "node_type": "Basin", "name": "8040", "subnetwork_id": null, "source_priority": null, "cyclic_time": false, "meta_categorie": "doorgaand", "meta_waterbeheerder": "HollandsNoorderkwartier", "meta_node_id": null, "meta_old_node_id": null, "meta_couple_authority": null }, "geometry": { "type": "Point", "coordinates": [ 120147.097968416957883, 571963.754499999806285 ] } },
{ "type": "Feature", "properties": { "node_id": 49, "node_type": "Basin", "name": "03180", "subnetwork_id": null, "source_priority": null, "cyclic_time": false, "meta_categorie": "doorgaand", "meta_waterbeheerder": "HollandsNoorderkwartier", "meta_node_id": null, "meta_old_node_id": null, "meta_couple_authority": null }, "geometry": { "type": "Point", "coordinates": [ 119958.580376620695461, 527830.039049999788404 ] } },
{ "type": "Feature", "properties": { "node_id": 50, "node_type": "Basin", "name": "04852", "subnetwork_id": null, "source_priority": null, "cyclic_time": false, "meta_categorie": "doorgaand", "meta_waterbeheerder": "HollandsNoorderkwartier", "meta_node_id": null, "meta_old_node_id": null, "meta_couple_authority": null }, "geometry": { "type": "Point", "coordinates": [ 119945.761316234187689, 512765.389550000429153 ] } },
{ "type": "Feature", "properties": { "node_id": 51, "node_type": "Basin", "name": "04230", "subnetwork_id": null, "source_priority": null, "cyclic_time": false, "meta_categorie": "doorgaand", "meta_waterbeheerder": "HollandsNoorderkwartier", "meta_node_id": null, "meta_old_node_id": null, "meta_couple_authority": null }, "geometry": { "type": "Point", "coordinates": [ 107796.350695755827473, 508459.906500000506639 ] } },
{ "type": "Feature", "properties": { "node_id": 52, "node_type": "Basin", "name": "5570", "subnetwork_id": null, "source_priority": null, "cyclic_time": false, "meta_categorie": "doorgaand", "meta_waterbeheerder": "HollandsNoorderkwartier", "meta_node_id": null, "meta_old_node_id": null, "meta_couple_authority": null }, "geometry": { "type": "Point", "coordinates": [ 131600.922676271118689, 492642.302503347862512 ] } },
{ "type": "Feature", "properties": { "node_id": 53, "node_type": "Basin", "name": "04070", "subnetwork_id": null, "source_priority": null, "cyclic_time": false, "meta_categorie": "doorgaand", "meta_waterbeheerder": "HollandsNoorderkwartier", "meta_node_id": null, "meta_old_node_id": null, "meta_couple_authority": null }, "geometry": { "type": "Point", "coordinates": [ 107142.190894493920496, 519650.280450001358986 ] } },
{ "type": "Feature", "properties": { "node_id": 54, "node_type": "Basin", "name": "5280", "subnetwork_id": null, "source_priority": null, "cyclic_time": false, "meta_categorie": "doorgaand", "meta_waterbeheerder": "HollandsNoorderkwartier", "meta_node_id": null, "meta_old_node_id": null, "meta_couple_authority": null }, "geometry": { "type": "Point", "coordinates": [ 119540.920151391910622, 502718.176999999210238 ] } },
{ "type": "Feature", "properties": { "node_id": 55, "node_type": "Basin", "name": "5520", "subnetwork_id": null, "source_priority": null, "cyclic_time": false, "meta_categorie": "doorgaand", "meta_waterbeheerder": "HollandsNoorderkwartier", "meta_node_id": null, "meta_old_node_id": null, "meta_couple_authority": null }, "geometry": { "type": "Point", "coordinates": [ 127239.931368220844888, 488819.29615000076592 ] } },
{ "type": "Feature", "properties": { "node_id": 56, "node_type": "Basin", "name": "2020", "subnetwork_id": null, "source_priority": null, "cyclic_time": false, "meta_categorie": "doorgaand", "meta_waterbeheerder": "HollandsNoorderkwartier", "meta_node_id": null, "meta_old_node_id": null, "meta_couple_authority": null }, "geometry": { "type": "Point", "coordinates": [ 110838.564549212038401, 541722.731000000610948 ] } },
{ "type": "Feature", "properties": { "node_id": 57, "node_type": "Basin", "name": "5803", "subnetwork_id": null, "source_priority": null, "cyclic_time": false, "meta_categorie": "doorgaand", "meta_waterbeheerder": "HollandsNoorderkwartier", "meta_node_id": null, "meta_old_node_id": null, "meta_couple_authority": null }, "geometry": { "type": "Point", "coordinates": [ 127150.997558138711611, 498902.050249999389052 ] } },
{ "type": "Feature", "properties": { "node_id": 58, "node_type": "Basin", "name": "04010", "subnetwork_id": null, "source_priority": null, "cyclic_time": false, "meta_categorie": "doorgaand", "meta_waterbeheerder": "HollandsNoorderkwartier", "meta_node_id": null, "meta_old_node_id": null, "meta_couple_authority": null }, "geometry": { "type": "Point", "coordinates": [ 104745.87826788390521, 526967.432000000029802 ] } },
{ "type": "Feature", "properties": { "node_id": 59, "node_type": "Basin", "name": "6210", "subnetwork_id": null, "source_priority": null, "cyclic_time": false, "meta_categorie": "doorgaand", "meta_waterbeheerder": "HollandsNoorderkwartier", "meta_node_id": null, "meta_old_node_id": null, "meta_couple_authority": null }, "geometry": { "type": "Point", "coordinates": [ 122272.08100193348946, 520278.41300000064075 ] } },
{ "type": "Feature", "properties": { "node_id": 60, "node_type": "Basin", "name": "5020", "subnetwork_id": null, "source_priority": null, "cyclic_time": false, "meta_categorie": "doorgaand", "meta_waterbeheerder": "HollandsNoorderkwartier", "meta_node_id": null, "meta_old_node_id": null, "meta_couple_authority": null }, "geometry": { "type": "Point", "coordinates": [ 130109.232011262851302, 512380.540049999952316 ] } },
{ "type": "Feature", "properties": { "node_id": 61, "node_type": "Basin", "name": "2780", "subnetwork_id": null, "source_priority": null, "cyclic_time": false, "meta_categorie": "doorgaand", "meta_waterbeheerder": "HollandsNoorderkwartier", "meta_node_id": null, "meta_old_node_id": null, "meta_couple_authority": null }, "geometry": { "type": "Point", "coordinates": [ 107847.209309949656017, 532522.100050000473857 ] } },
{ "type": "Feature", "properties": { "node_id": 62, "node_type": "Basin", "name": "6750", "subnetwork_id": null, "source_priority": null, "cyclic_time": false, "meta_categorie": "doorgaand", "meta_waterbeheerder": "HollandsNoorderkwartier", "meta_node_id": null, "meta_old_node_id": null, "meta_couple_authority": null }, "geometry": { "type": "Point", "coordinates": [ 137108.410775157914031, 525722.937049999833107 ] } },
{ "type": "Feature", "properties": { "node_id": 63, "node_type": "Basin", "name": "03120", "subnetwork_id": null, "source_priority": null, "cyclic_time": false, "meta_categorie": "doorgaand", "meta_waterbeheerder": "HollandsNoorderkwartier", "meta_node_id": null, "meta_old_node_id": null, "meta_couple_authority": null }, "geometry": { "type": "Point", "coordinates": [ 116963.663131421169965, 527417.185000000521541 ] } },
{ "type": "Feature", "properties": { "node_id": 64, "node_type": "Basin", "name": "03801", "subnetwork_id": null, "source_priority": null, "cyclic_time": false, "meta_categorie": "doorgaand", "meta_waterbeheerder": "HollandsNoorderkwartier", "meta_node_id": null, "meta_old_node_id": null, "meta_couple_authority": null }, "geometry": { "type": "Point", "coordinates": [ 116324.474138394856709, 522306.723600000143051 ] } },
{ "type": "Feature", "properties": { "node_id": 65, "node_type": "Basin", "name": "04851", "subnetwork_id": null, "source_priority": null, "cyclic_time": false, "meta_categorie": "doorgaand", "meta_waterbeheerder": "HollandsNoorderkwartier", "meta_node_id": null, "meta_old_node_id": null, "meta_couple_authority": null }, "geometry": { "type": "Point", "coordinates": [ 117310.076414847193519, 512702.767699999734759 ] } },
{ "type": "Feature", "properties": { "node_id": 66, "node_type": "Basin", "name": "6770", "subnetwork_id": null, "source_priority": null, "cyclic_time": false, "meta_categorie": "doorgaand", "meta_waterbeheerder": "HollandsNoorderkwartier", "meta_node_id": null, "meta_old_node_id": null, "meta_couple_authority": null }, "geometry": { "type": "Point", "coordinates": [ 142023.834256458852906, 529338.374549999833107 ] } },
{ "type": "Feature", "properties": { "node_id": 67, "node_type": "Basin", "name": "2752", "subnetwork_id": null, "source_priority": null, "cyclic_time": false, "meta_categorie": "doorgaand", "meta_waterbeheerder": "HollandsNoorderkwartier", "meta_node_id": null, "meta_old_node_id": null, "meta_couple_authority": null }, "geometry": { "type": "Point", "coordinates": [ 109761.289795367687475, 535569.193800000473857 ] } },
{ "type": "Feature", "properties": { "node_id": 68, "node_type": "Basin", "name": "2767", "subnetwork_id": null, "source_priority": null, "cyclic_time": false, "meta_categorie": "doorgaand", "meta_waterbeheerder": "HollandsNoorderkwartier", "meta_node_id": null, "meta_old_node_id": null, "meta_couple_authority": null }, "geometry": { "type": "Point", "coordinates": [ 116060.600886303000152, 536449.859600000083447 ] } },
{ "type": "Feature", "properties": { "node_id": 69, "node_type": "Basin", "name": "03200", "subnetwork_id": null, "source_priority": null, "cyclic_time": false, "meta_categorie": "doorgaand", "meta_waterbeheerder": "HollandsNoorderkwartier", "meta_node_id": null, "meta_old_node_id": null, "meta_couple_authority": null }, "geometry": { "type": "Point", "coordinates": [ 122574.784789253229974, 527196.539599999785423 ] } },
{ "type": "Feature", "properties": { "node_id": 70, "node_type": "Basin", "name": "04220", "subnetwork_id": null, "source_priority": null, "cyclic_time": false, "meta_categorie": "doorgaand", "meta_waterbeheerder": "HollandsNoorderkwartier", "meta_node_id": null, "meta_old_node_id": null, "meta_couple_authority": null }, "geometry": { "type": "Point", "coordinates": [ 106773.550205787323648, 511874.515049999579787 ] } },
{ "type": "Feature", "properties": { "node_id": 71, "node_type": "Basin", "name": "04050", "subnetwork_id": null, "source_priority": null, "cyclic_time": false, "meta_categorie": "doorgaand", "meta_waterbeheerder": "HollandsNoorderkwartier", "meta_node_id": null, "meta_old_node_id": null, "meta_couple_authority": null }, "geometry": { "type": "Point", "coordinates": [ 109234.282127066777321, 523305.399000000208616 ] } },
{ "type": "Feature", "properties": { "node_id": 72, "node_type": "Basin", "name": "6190", "subnetwork_id": null, "source_priority": null, "cyclic_time": false, "meta_categorie": "doorgaand", "meta_waterbeheerder": "HollandsNoorderkwartier", "meta_node_id": null, "meta_old_node_id": null, "meta_couple_authority": null }, "geometry": { "type": "Point", "coordinates": [ 123425.533727074362105, 518697.226999999955297 ] } },
{ "type": "Feature", "properties": { "node_id": 73, "node_type": "Basin", "name": "9550", "subnetwork_id": null, "source_priority": null, "cyclic_time": false, "meta_categorie": "doorgaand", "meta_waterbeheerder": "HollandsNoorderkwartier", "meta_node_id": null, "meta_old_node_id": null, "meta_couple_authority": null }, "geometry": { "type": "Point", "coordinates": [ 108640.674236579434364, 535801.529450001195073 ] } },
{ "type": "Feature", "properties": { "node_id": 74, "node_type": "Basin", "name": "03060", "subnetwork_id": null, "source_priority": null, "cyclic_time": false, "meta_categorie": "doorgaand", "meta_waterbeheerder": "HollandsNoorderkwartier", "meta_node_id": null, "meta_old_node_id": null, "meta_couple_authority": null }, "geometry": { "type": "Point", "coordinates": [ 117426.286058378900634, 530999.218499999493361 ] } },
{ "type": "Feature", "properties": { "node_id": 75, "node_type": "Basin", "name": "2856-2956", "subnetwork_id": null, "source_priority": null, "cyclic_time": false, "meta_categorie": "doorgaand", "meta_waterbeheerder": "HollandsNoorderkwartier", "meta_node_id": null, "meta_old_node_id": null, "meta_couple_authority": null }, "geometry": { "type": "Point", "coordinates": [ 130408.053981190634659, 548652.480049999430776 ] } },
{ "type": "Feature", "properties": { "node_id": 76, "node_type": "Basin", "name": "5470", "subnetwork_id": null, "source_priority": null, "cyclic_time": false, "meta_categorie": "doorgaand", "meta_waterbeheerder": "HollandsNoorderkwartier", "meta_node_id": null, "meta_old_node_id": null, "meta_couple_authority": null }, "geometry": { "type": "Point", "coordinates": [ 131143.49524221237516, 493065.518600000068545 ] } },
{ "type": "Feature", "properties": { "node_id": 77, "node_type": "Basin", "name": "2060", "subnetwork_id": null, "source_priority": null, "cyclic_time": false, "meta_categorie": "doorgaand", "meta_waterbeheerder": "HollandsNoorderkwartier", "meta_node_id": null, "meta_old_node_id": null, "meta_couple_authority": null }, "geometry": { "type": "Point", "coordinates": [ 112314.080365974034066, 546331.984999999403954 ] } },
{ "type": "Feature", "properties": { "node_id": 78, "node_type": "Basin", "name": "9830", "subnetwork_id": null, "source_priority": null, "cyclic_time": false, "meta_categorie": "doorgaand", "meta_waterbeheerder": "HollandsNoorderkwartier", "meta_node_id": null, "meta_old_node_id": null, "meta_couple_authority": null }, "geometry": { "type": "Point", "coordinates": [ 103954.471623253950384, 509196.94370000064373 ] } },
{ "type": "Feature", "properties": { "node_id": 79, "node_type": "Basin", "name": "6700", "subnetwork_id": null, "source_priority": null, "cyclic_time": false, "meta_categorie": "doorgaand", "meta_waterbeheerder": "HollandsNoorderkwartier", "meta_node_id": null, "meta_old_node_id": null, "meta_couple_authority": null }, "geometry": { "type": "Point", "coordinates": [ 142101.583519696549047, 522338.067949999123812 ] } },
{ "type": "Feature", "properties": { "node_id": 80, "node_type": "Basin", "name": "1700", "subnetwork_id": null, "source_priority": null, "cyclic_time": false, "meta_categorie": "hoofdwater", "meta_waterbeheerder": "HollandsNoorderkwartier", "meta_node_id": null, "meta_old_node_id": null, "meta_couple_authority": null }, "geometry": { "type": "Point", "coordinates": [ 121447.485781691299053, 539820.564999999478459 ] } },
{ "type": "Feature", "properties": { "node_id": 81, "node_type": "Basin", "name": "5742", "subnetwork_id": null, "source_priority": null, "cyclic_time": false, "meta_categorie": "doorgaand", "meta_waterbeheerder": "HollandsNoorderkwartier", "meta_node_id": null, "meta_old_node_id": null, "meta_couple_authority": null }, "geometry": { "type": "Point", "coordinates": [ 125987.12056116014719, 502800.880049999803305 ] } },
{ "type": "Feature", "properties": { "node_id": 82, "node_type": "Basin", "name": "5460", "subnetwork_id": null, "source_priority": null, "cyclic_time": false, "meta_categorie": "doorgaand", "meta_waterbeheerder": "HollandsNoorderkwartier", "meta_node_id": null, "meta_old_node_id": null, "meta_couple_authority": null }, "geometry": { "type": "Point", "coordinates": [ 124420.743778525356902, 492674.419999999925494 ] } },
{ "type": "Feature", "properties": { "node_id": 83, "node_type": "Basin", "name": "2766", "subnetwork_id": null, "source_priority": null, "cyclic_time": false, "meta_categorie": "doorgaand", "meta_waterbeheerder": "HollandsNoorderkwartier", "meta_node_id": null, "meta_old_node_id": null, "meta_couple_authority": null }, "geometry": { "type": "Point", "coordinates": [ 113062.768288055231096, 535025.976950000971556 ] } },
{ "type": "Feature", "properties": { "node_id": 84, "node_type": "Basin", "name": "04030", "subnetwork_id": null, "source_priority": null, "cyclic_time": false, "meta_categorie": "doorgaand", "meta_waterbeheerder": "HollandsNoorderkwartier", "meta_node_id": null, "meta_old_node_id": null, "meta_couple_authority": null }, "geometry": { "type": "Point", "coordinates": [ 107205.822408723412082, 527038.646749999374151 ] } },
{ "type": "Feature", "properties": { "node_id": 85, "node_type": "Basin", "name": "03160", "subnetwork_id": null, "source_priority": null, "cyclic_time": false, "meta_categorie": "doorgaand", "meta_waterbeheerder": "HollandsNoorderkwartier", "meta_node_id": null, "meta_old_node_id": null, "meta_couple_authority": null }, "geometry": { "type": "Point", "coordinates": [ 118183.65376627635851, 528688.21169999986887 ] } },
{ "type": "Feature", "properties": { "node_id": 86, "node_type": "Basin", "name": "7703", "subnetwork_id": null, "source_priority": null, "cyclic_time": false, "meta_categorie": "doorgaand", "meta_waterbeheerder": "HollandsNoorderkwartier", "meta_node_id": null, "meta_old_node_id": null, "meta_couple_authority": null }, "geometry": { "type": "Point", "coordinates": [ 129036.332143021078082, 540210.839999999850988 ] } },
{ "type": "Feature", "properties": { "node_id": 87, "node_type": "Basin", "name": "03130", "subnetwork_id": null, "source_priority": null, "cyclic_time": false, "meta_categorie": "doorgaand", "meta_waterbeheerder": "HollandsNoorderkwartier", "meta_node_id": null, "meta_old_node_id": null, "meta_couple_authority": null }, "geometry": { "type": "Point", "coordinates": [ 121253.748331033217255, 523616.51549999974668 ] } },
{ "type": "Feature", "properties": { "node_id": 88, "node_type": "Basin", "name": "9440", "subnetwork_id": null, "source_priority": null, "cyclic_time": false, "meta_categorie": "doorgaand", "meta_waterbeheerder": "HollandsNoorderkwartier", "meta_node_id": null, "meta_old_node_id": null, "meta_couple_authority": null }, "geometry": { "type": "Point", "coordinates": [ 105815.022898093622644, 518456.031649999320507 ] } },
{ "type": "Feature", "properties": { "node_id": 89, "node_type": "Basin", "name": "2756", "subnetwork_id": null, "source_priority": null, "cyclic_time": false, "meta_categorie": "doorgaand", "meta_waterbeheerder": "HollandsNoorderkwartier", "meta_node_id": null, "meta_old_node_id": null, "meta_couple_authority": null }, "geometry": { "type": "Point", "coordinates": [ 106866.814866609754972, 529063.939999999478459 ] } },
{ "type": "Feature", "properties": { "node_id": 90, "node_type": "Basin", "name": "04951", "subnetwork_id": null, "source_priority": null, "cyclic_time": false, "meta_categorie": "doorgaand", "meta_waterbeheerder": "HollandsNoorderkwartier", "meta_node_id": null, "meta_old_node_id": null, "meta_couple_authority": null }, "geometry": { "type": "Point", "coordinates": [ 110151.250691142835421, 515709.000149998813868 ] } },
{ "type": "Feature", "properties": { "node_id": 91, "node_type": "Basin", "name": "5290", "subnetwork_id": null, "source_priority": null, "cyclic_time": false, "meta_categorie": "doorgaand", "meta_waterbeheerder": "HollandsNoorderkwartier", "meta_node_id": null, "meta_old_node_id": null, "meta_couple_authority": null }, "geometry": { "type": "Point", "coordinates": [ 116665.14527925181028, 500026.91499999910593 ] } },
{ "type": "Feature", "properties": { "node_id": 92, "node_type": "Basin", "name": "04090", "subnetwork_id": null, "source_priority": null, "cyclic_time": false, "meta_categorie": "doorgaand", "meta_waterbeheerder": "HollandsNoorderkwartier", "meta_node_id": null, "meta_old_node_id": null, "meta_couple_authority": null }, "geometry": { "type": "Point", "coordinates": [ 109043.467416677915026, 518101.725700000301003 ] } },
{ "type": "Feature", "properties": { "node_id": 93, "node_type": "Basin", "name": "2759", "subnetwork_id": null, "source_priority": null, "cyclic_time": false, "meta_categorie": "doorgaand", "meta_waterbeheerder": "HollandsNoorderkwartier", "meta_node_id": null, "meta_old_node_id": null, "meta_couple_authority": null }, "geometry": { "type": "Point", "coordinates": [ 109531.570426785605378, 531964.739099999889731 ] } },
{ "type": "Feature", "properties": { "node_id": 94, "node_type": "Basin", "name": "03050", "subnetwork_id": null, "source_priority": null, "cyclic_time": false, "meta_categorie": "doorgaand", "meta_waterbeheerder": "HollandsNoorderkwartier", "meta_node_id": null, "meta_old_node_id": null, "meta_couple_authority": null }, "geometry": { "type": "Point", "coordinates": [ 118578.437928244733484, 532400.526499999687076 ] } },
{ "type": "Feature", "properties": { "node_id": 95, "node_type": "Basin", "name": "03080", "subnetwork_id": null, "source_priority": null, "cyclic_time": false, "meta_categorie": "doorgaand", "meta_waterbeheerder": "HollandsNoorderkwartier", "meta_node_id": null, "meta_old_node_id": null, "meta_couple_authority": null }, "geometry": { "type": "Point", "coordinates": [ 113462.568166961835232, 531113.924750000238419 ] } },
{ "type": "Feature", "properties": { "node_id": 96, "node_type": "Basin", "name": "04260", "subnetwork_id": null, "source_priority": null, "cyclic_time": false, "meta_categorie": "doorgaand", "meta_waterbeheerder": "HollandsNoorderkwartier", "meta_node_id": null, "meta_old_node_id": null, "meta_couple_authority": null }, "geometry": { "type": "Point", "coordinates": [ 110787.889940736495191, 507787.497100001201034 ] } },
{ "type": "Feature", "properties": { "node_id": 97, "node_type": "Basin", "name": "5802", "subnetwork_id": null, "source_priority": null, "cyclic_time": false, "meta_categorie": "doorgaand", "meta_waterbeheerder": "HollandsNoorderkwartier", "meta_node_id": null, "meta_old_node_id": null, "meta_couple_authority": null }, "geometry": { "type": "Point", "coordinates": [ 129432.217654700682033, 501326.43099999986589 ] } },
{ "type": "Feature", "properties": { "node_id": 98, "node_type": "Basin", "name": "04751", "subnetwork_id": null, "source_priority": null, "cyclic_time": false, "meta_categorie": "doorgaand", "meta_waterbeheerder": "HollandsNoorderkwartier", "meta_node_id": null, "meta_old_node_id": null, "meta_couple_authority": null }, "geometry": { "type": "Point", "coordinates": [ 109928.810642736032605, 498357.649049999192357 ] } },
{ "type": "Feature", "properties": { "node_id": 99, "node_type": "Basin", "name": "5340", "subnetwork_id": null, "source_priority": null, "cyclic_time": false, "meta_categorie": "doorgaand", "meta_waterbeheerder": "HollandsNoorderkwartier", "meta_node_id": null, "meta_old_node_id": null, "meta_couple_authority": null }, "geometry": { "type": "Point", "coordinates": [ 121202.622777238371782, 496073.570000000298023 ] } },
{ "type": "Feature", "properties": { "node_id": 100, "node_type": "Basin", "name": "2010", "subnetwork_id": null, "source_priority": null, "cyclic_time": false, "meta_categorie": "doorgaand", "meta_waterbeheerder": "HollandsNoorderkwartier", "meta_node_id": null, "meta_old_node_id": null, "meta_couple_authority": null }, "geometry": { "type": "Point", "coordinates": [ 110943.54762076609768, 551948.917000001296401 ] } },
{ "type": "Feature", "properties": { "node_id": 101, "node_type": "Basin", "name": "5010", "subnetwork_id": null, "source_priority": null, "cyclic_time": false, "meta_categorie": "doorgaand", "meta_waterbeheerder": "HollandsNoorderkwartier", "meta_node_id": null, "meta_old_node_id": null, "meta_couple_authority": null }, "geometry": { "type": "Point", "coordinates": [ 127076.002578740910394, 511680.511350000277162 ] } },
{ "type": "Feature", "properties": { "node_id": 102, "node_type": "Basin", "name": "04650", "subnetwork_id": null, "source_priority": null, "cyclic_time": false, "meta_categorie": "doorgaand", "meta_waterbeheerder": "HollandsNoorderkwartier", "meta_node_id": null, "meta_old_node_id": null, "meta_couple_authority": null }, "geometry": { "type": "Point", "coordinates": [ 111998.450617542068358, 514626.422649998217821 ] } },
{ "type": "Feature", "properties": { "node_id": 103, "node_type": "Basin", "name": "03752", "subnetwork_id": null, "source_priority": null, "cyclic_time": false, "meta_categorie": "doorgaand", "meta_waterbeheerder": "HollandsNoorderkwartier", "meta_node_id": null, "meta_old_node_id": null, "meta_couple_authority": null }, "geometry": { "type": "Point", "coordinates": [ 112001.75542924014735, 529231.771999999880791 ] } },
{ "type": "Feature", "properties": { "node_id": 104, "node_type": "Basin", "name": "5510", "subnetwork_id": null, "source_priority": null, "cyclic_time": false, "meta_categorie": "doorgaand", "meta_waterbeheerder": "HollandsNoorderkwartier", "meta_node_id": null, "meta_old_node_id": null, "meta_couple_authority": null }, "geometry": { "type": "Point", "coordinates": [ 129876.49029677832732, 490940.771549999713898 ] } },
{ "type": "Feature", "properties": { "node_id": 105, "node_type": "Basin", "name": "04130", "subnetwork_id": null, "source_priority": null, "cyclic_time": false, "meta_categorie": "doorgaand", "meta_waterbeheerder": "HollandsNoorderkwartier", "meta_node_id": null, "meta_old_node_id": null, "meta_couple_authority": null }, "geometry": { "type": "Point", "coordinates": [ 109774.139575447828975, 516235.508050000295043 ] } },
{ "type": "Feature", "properties": { "node_id": 106, "node_type": "Basin", "name": "03702", "subnetwork_id": null, "source_priority": null, "cyclic_time": false, "meta_categorie": "doorgaand", "meta_waterbeheerder": "HollandsNoorderkwartier", "meta_node_id": null, "meta_old_node_id": null, "meta_couple_authority": null }, "geometry": { "type": "Point", "coordinates": [ 112752.666350121115102, 533126.165999999269843 ] } },
{ "type": "Feature", "properties": { "node_id": 107, "node_type": "Basin", "name": "5270", "subnetwork_id": null, "source_priority": null, "cyclic_time": false, "meta_categorie": "doorgaand", "meta_waterbeheerder": "HollandsNoorderkwartier", "meta_node_id": null, "meta_old_node_id": null, "meta_couple_authority": null }, "geometry": { "type": "Point", "coordinates": [ 115055.218574222933967, 502695.742550000548363 ] } },
{ "type": "Feature", "properties": { "node_id": 108, "node_type": "Basin", "name": "5410", "subnetwork_id": null, "source_priority": null, "cyclic_time": false, "meta_categorie": "doorgaand", "meta_waterbeheerder": "HollandsNoorderkwartier", "meta_node_id": null, "meta_old_node_id": null, "meta_couple_authority": null }, "geometry": { "type": "Point", "coordinates": [ 127653.07935787414317, 492043.010150000452995 ] } },
{ "type": "Feature", "properties": { "node_id": 109, "node_type": "Basin", "name": "04300", "subnetwork_id": null, "source_priority": null, "cyclic_time": false, "meta_categorie": "doorgaand", "meta_waterbeheerder": "HollandsNoorderkwartier", "meta_node_id": null, "meta_old_node_id": null, "meta_couple_authority": null }, "geometry": { "type": "Point", "coordinates": [ 108596.720999045035569, 504577.464999999850988 ] } },
{ "type": "Feature", "properties": { "node_id": 110, "node_type": "Basin", "name": "04952", "subnetwork_id": null, "source_priority": null, "cyclic_time": false, "meta_categorie": "doorgaand", "meta_waterbeheerder": "HollandsNoorderkwartier", "meta_node_id": null, "meta_old_node_id": null, "meta_couple_authority": null }, "geometry": { "type": "Point", "coordinates": [ 111326.212559893683647, 517164.430250000208616 ] } },
{ "type": "Feature", "properties": { "node_id": 111, "node_type": "Basin", "name": "9310", "subnetwork_id": null, "source_priority": null, "cyclic_time": false, "meta_categorie": "doorgaand", "meta_waterbeheerder": "HollandsNoorderkwartier", "meta_node_id": null, "meta_old_node_id": null, "meta_couple_authority": null }, "geometry": { "type": "Point", "coordinates": [ 111985.021255187195493, 559331.097849998623133 ] } },
{ "type": "Feature", "properties": { "node_id": 112, "node_type": "Basin", "name": "5761", "subnetwork_id": null, "source_priority": null, "cyclic_time": false, "meta_categorie": "doorgaand", "meta_waterbeheerder": "HollandsNoorderkwartier", "meta_node_id": null, "meta_old_node_id": null, "meta_couple_authority": null }, "geometry": { "type": "Point", "coordinates": [ 132996.785876019421266, 501768.923200000077486 ] } },
{ "type": "Feature", "properties": { "node_id": 114, "node_type": "Basin", "name": "5801", "subnetwork_id": null, "source_priority": null, "cyclic_time": false, "meta_categorie": "doorgaand", "meta_waterbeheerder": "HollandsNoorderkwartier", "meta_node_id": null, "meta_old_node_id": null, "meta_couple_authority": null }, "geometry": { "type": "Point", "coordinates": [ 127390.42168950435007, 501742.22014999948442 ] } },
{ "type": "Feature", "properties": { "node_id": 115, "node_type": "Basin", "name": "5550", "subnetwork_id": null, "source_priority": null, "cyclic_time": false, "meta_categorie": "doorgaand", "meta_waterbeheerder": "HollandsNoorderkwartier", "meta_node_id": null, "meta_old_node_id": null, "meta_couple_authority": null }, "geometry": { "type": "Point", "coordinates": [ 127979.337449949089205, 491251.473950000479817 ] } },
{ "type": "Feature", "properties": { "node_id": 116, "node_type": "Basin", "name": "5230", "subnetwork_id": null, "source_priority": null, "cyclic_time": false, "meta_categorie": "doorgaand", "meta_waterbeheerder": "HollandsNoorderkwartier", "meta_node_id": null, "meta_old_node_id": null, "meta_couple_authority": null }, "geometry": { "type": "Point", "coordinates": [ 129430.215610815415857, 492835.663100000470877 ] } },
{ "type": "Feature", "properties": { "node_id": 118, "node_type": "Basin", "name": "04040", "subnetwork_id": null, "source_priority": null, "cyclic_time": false, "meta_categorie": "doorgaand", "meta_waterbeheerder": "HollandsNoorderkwartier", "meta_node_id": null, "meta_old_node_id": null, "meta_couple_authority": null }, "geometry": { "type": "Point", "coordinates": [ 108190.039674548403127, 525439.217000000178814 ] } },
{ "type": "Feature", "properties": { "node_id": 119, "node_type": "Basin", "name": "5360", "subnetwork_id": null, "source_priority": null, "cyclic_time": false, "meta_categorie": "doorgaand", "meta_waterbeheerder": "HollandsNoorderkwartier", "meta_node_id": null, "meta_old_node_id": null, "meta_couple_authority": null }, "geometry": { "type": "Point", "coordinates": [ 130196.684624105546391, 498754.319649999961257 ] } },
{ "type": "Feature", "properties": { "node_id": 120, "node_type": "Basin", "name": "5782", "subnetwork_id": null, "source_priority": null, "cyclic_time": false, "meta_categorie": "doorgaand", "meta_waterbeheerder": "HollandsNoorderkwartier", "meta_node_id": null, "meta_old_node_id": null, "meta_couple_authority": null }, "geometry": { "type": "Point", "coordinates": [ 131305.241968166985316, 500990.89299999922514 ] } },
{ "type": "Feature", "properties": { "node_id": 121, "node_type": "Basin", "name": "04150", "subnetwork_id": null, "source_priority": null, "cyclic_time": false, "meta_categorie": "doorgaand", "meta_waterbeheerder": "HollandsNoorderkwartier", "meta_node_id": null, "meta_old_node_id": null, "meta_couple_authority": null }, "geometry": { "type": "Point", "coordinates": [ 106519.733312595300958, 513952.256599999964237 ] } },
{ "type": "Feature", "properties": { "node_id": 122, "node_type": "Basin", "name": "2779", "subnetwork_id": null, "source_priority": null, "cyclic_time": false, "meta_categorie": "doorgaand", "meta_waterbeheerder": "HollandsNoorderkwartier", "meta_node_id": null, "meta_old_node_id": null, "meta_couple_authority": null }, "geometry": { "type": "Point", "coordinates": [ 106091.486585601902334, 531584.868500001728535 ] } },
{ "type": "Feature", "properties": { "node_id": 123, "node_type": "Basin", "name": "04200", "subnetwork_id": null, "source_priority": null, "cyclic_time": false, "meta_categorie": "doorgaand", "meta_waterbeheerder": "HollandsNoorderkwartier", "meta_node_id": null, "meta_old_node_id": null, "meta_couple_authority": null }, "geometry": { "type": "Point", "coordinates": [ 111713.062475349724991, 512306.385999999940395 ] } },
{ "type": "Feature", "properties": { "node_id": 124, "node_type": "Basin", "name": "03190", "subnetwork_id": null, "source_priority": null, "cyclic_time": false, "meta_categorie": "doorgaand", "meta_waterbeheerder": "HollandsNoorderkwartier", "meta_node_id": null, "meta_old_node_id": null, "meta_couple_authority": null }, "geometry": { "type": "Point", "coordinates": [ 123023.604800160828745, 529489.408549999818206 ] } },
{ "type": "Feature", "properties": { "node_id": 125, "node_type": "Basin", "name": "04541", "subnetwork_id": null, "source_priority": null, "cyclic_time": false, "meta_categorie": "doorgaand", "meta_waterbeheerder": "HollandsNoorderkwartier", "meta_node_id": null, "meta_old_node_id": null, "meta_couple_authority": null }, "geometry": { "type": "Point", "coordinates": [ 105170.51741796186252, 500364.858999999240041 ] } },
{ "type": "Feature", "properties": { "node_id": 126, "node_type": "Basin", "name": "2763", "subnetwork_id": null, "source_priority": null, "cyclic_time": false, "meta_categorie": "doorgaand", "meta_waterbeheerder": "HollandsNoorderkwartier", "meta_node_id": null, "meta_old_node_id": null, "meta_couple_authority": null }, "geometry": { "type": "Point", "coordinates": [ 111538.3670562938496, 533574.77559999935329 ] } },
{ "type": "Feature", "properties": { "node_id": 127, "node_type": "Basin", "name": "5440", "subnetwork_id": null, "source_priority": null, "cyclic_time": false, "meta_categorie": "doorgaand", "meta_waterbeheerder": "HollandsNoorderkwartier", "meta_node_id": null, "meta_old_node_id": null, "meta_couple_authority": null }, "geometry": { "type": "Point", "coordinates": [ 128063.131756363145541, 488423.195000000298023 ] } },
{ "type": "Feature", "properties": { "node_id": 128, "node_type": "Basin", "name": "03030", "subnetwork_id": null, "source_priority": null, "cyclic_time": false, "meta_categorie": "doorgaand", "meta_waterbeheerder": "HollandsNoorderkwartier", "meta_node_id": null, "meta_old_node_id": null, "meta_couple_authority": null }, "geometry": { "type": "Point", "coordinates": [ 119147.408296689638519, 534001.792999999597669 ] } },
{ "type": "Feature", "properties": { "node_id": 129, "node_type": "Basin", "name": "9220", "subnetwork_id": null, "source_priority": null, "cyclic_time": false, "meta_categorie": "doorgaand", "meta_waterbeheerder": "HollandsNoorderkwartier", "meta_node_id": null, "meta_old_node_id": null, "meta_couple_authority": null }, "geometry": { "type": "Point", "coordinates": [ 102197.75197667327302, 500600.807450000196695 ] } },
{ "type": "Feature", "properties": { "node_id": 130, "node_type": "Basin", "name": "5310", "subnetwork_id": null, "source_priority": null, "cyclic_time": false, "meta_categorie": "doorgaand", "meta_waterbeheerder": "HollandsNoorderkwartier", "meta_node_id": null, "meta_old_node_id": null, "meta_couple_authority": null }, "geometry": { "type": "Point", "coordinates": [ 120879.76088430712116, 500334.840250000357628 ] } },
{ "type": "Feature", "properties": { "node_id": 131, "node_type": "Basin", "name": "8030", "subnetwork_id": null, "source_priority": null, "cyclic_time": false, "meta_categorie": "doorgaand", "meta_waterbeheerder": "HollandsNoorderkwartier", "meta_node_id": null, "meta_old_node_id": null, "meta_couple_authority": null }, "geometry": { "type": "Point", "coordinates": [ 115886.095487564685754, 567227.890500001609325 ] } },
{ "type": "Feature", "properties": { "node_id": 132, "node_type": "Basin", "name": "2772", "subnetwork_id": null, "source_priority": null, "cyclic_time": false, "meta_categorie": "doorgaand", "meta_waterbeheerder": "HollandsNoorderkwartier", "meta_node_id": null, "meta_old_node_id": null, "meta_couple_authority": null }, "geometry": { "type": "Point", "coordinates": [ 114969.232672049693065, 537856.479950001463294 ] } },
{ "type": "Feature", "properties": { "node_id": 133, "node_type": "Basin", "name": "2751", "subnetwork_id": null, "source_priority": null, "cyclic_time": false, "meta_categorie": "doorgaand", "meta_waterbeheerder": "HollandsNoorderkwartier", "meta_node_id": null, "meta_old_node_id": null, "meta_couple_authority": null }, "geometry": { "type": "Point", "coordinates": [ 110853.519266029878054, 538139.500099999830127 ] } },
{ "type": "Feature", "properties": { "node_id": 134, "node_type": "Basin", "name": "6100", "subnetwork_id": null, "source_priority": null, "cyclic_time": false, "meta_categorie": "doorgaand", "meta_waterbeheerder": "HollandsNoorderkwartier", "meta_node_id": null, "meta_old_node_id": null, "meta_couple_authority": null }, "geometry": { "type": "Point", "coordinates": [ 136425.394124664162518, 516936.503499999642372 ] } },
{ "type": "Feature", "properties": { "node_id": 135, "node_type": "Basin", "name": "04100", "subnetwork_id": null, "source_priority": null, "cyclic_time": false, "meta_categorie": "doorgaand", "meta_waterbeheerder": "HollandsNoorderkwartier", "meta_node_id": null, "meta_old_node_id": null, "meta_couple_authority": null }, "geometry": { "type": "Point", "coordinates": [ 106545.5663783607597, 517355.449049999937415 ] } },
{ "type": "Feature", "properties": { "node_id": 136, "node_type": "Basin", "name": "2030", "subnetwork_id": null, "source_priority": null, "cyclic_time": false, "meta_categorie": "doorgaand", "meta_waterbeheerder": "HollandsNoorderkwartier", "meta_node_id": null, "meta_old_node_id": null, "meta_couple_authority": null }, "geometry": { "type": "Point", "coordinates": [ 109754.688539280105033, 539890.865500001236796 ] } },
{ "type": "Feature", "properties": { "node_id": 137, "node_type": "Basin", "name": "7701", "subnetwork_id": null, "source_priority": null, "cyclic_time": false, "meta_categorie": "doorgaand", "meta_waterbeheerder": "HollandsNoorderkwartier", "meta_node_id": null, "meta_old_node_id": null, "meta_couple_authority": null }, "geometry": { "type": "Point", "coordinates": [ 125601.740628533400013, 543359.990249998867512 ] } },
{ "type": "Feature", "properties": { "node_id": 138, "node_type": "Basin", "name": "5530", "subnetwork_id": null, "source_priority": null, "cyclic_time": false, "meta_categorie": "doorgaand", "meta_waterbeheerder": "HollandsNoorderkwartier", "meta_node_id": null, "meta_old_node_id": null, "meta_couple_authority": null }, "geometry": { "type": "Point", "coordinates": [ 129009.081729293437093, 497060.184599999338388 ] } },
{ "type": "Feature", "properties": { "node_id": 139, "node_type": "Basin", "name": "5781", "subnetwork_id": null, "source_priority": null, "cyclic_time": false, "meta_categorie": "doorgaand", "meta_waterbeheerder": "HollandsNoorderkwartier", "meta_node_id": null, "meta_old_node_id": null, "meta_couple_authority": null }, "geometry": { "type": "Point", "coordinates": [ 131760.478183750761673, 499039.148049999028444 ] } },
{ "type": "Feature", "properties": { "node_id": 140, "node_type": "Basin", "name": "03210", "subnetwork_id": null, "source_priority": null, "cyclic_time": false, "meta_categorie": "doorgaand", "meta_waterbeheerder": "HollandsNoorderkwartier", "meta_node_id": null, "meta_old_node_id": null, "meta_couple_authority": null }, "geometry": { "type": "Point", "coordinates": [ 121296.810762480716221, 525779.752049999311566 ] } },
{ "type": "Feature", "properties": { "node_id": 141, "node_type": "Basin", "name": "03300", "subnetwork_id": null, "source_priority": null, "cyclic_time": false, "meta_categorie": "doorgaand", "meta_waterbeheerder": "HollandsNoorderkwartier", "meta_node_id": null, "meta_old_node_id": null, "meta_couple_authority": null }, "geometry": { "type": "Point", "coordinates": [ 108499.832317229011096, 526950.737099999561906 ] } },
{ "type": "Feature", "properties": { "node_id": 142, "node_type": "Basin", "name": "6200", "subnetwork_id": null, "source_priority": null, "cyclic_time": false, "meta_categorie": "doorgaand", "meta_waterbeheerder": "HollandsNoorderkwartier", "meta_node_id": null, "meta_old_node_id": null, "meta_couple_authority": null }, "geometry": { "type": "Point", "coordinates": [ 120678.197278908686712, 518675.555499998852611 ] } },
{ "type": "Feature", "properties": { "node_id": 143, "node_type": "Basin", "name": "5741", "subnetwork_id": null, "source_priority": null, "cyclic_time": false, "meta_categorie": "doorgaand", "meta_waterbeheerder": "HollandsNoorderkwartier", "meta_node_id": null, "meta_old_node_id": null, "meta_couple_authority": null }, "geometry": { "type": "Point", "coordinates": [ 126820.579145000170683, 503720.815199999138713 ] } },
{ "type": "Feature", "properties": { "node_id": 144, "node_type": "Basin", "name": "04250", "subnetwork_id": null, "source_priority": null, "cyclic_time": false, "meta_categorie": "doorgaand", "meta_waterbeheerder": "HollandsNoorderkwartier", "meta_node_id": null, "meta_old_node_id": null, "meta_couple_authority": null }, "geometry": { "type": "Point", "coordinates": [ 110764.722884753442486, 508700.37360000051558 ] } },
{ "type": "Feature", "properties": { "node_id": 145, "node_type": "Basin", "name": "5180", "subnetwork_id": null, "source_priority": null, "cyclic_time": false, "meta_categorie": "doorgaand", "meta_waterbeheerder": "HollandsNoorderkwartier", "meta_node_id": null, "meta_old_node_id": null, "meta_couple_authority": null }, "geometry": { "type": "Point", "coordinates": [ 124705.702908686798764, 490673.960750000551343 ] } },
{ "type": "Feature", "properties": { "node_id": 146, "node_type": "Basin", "name": "04390", "subnetwork_id": null, "source_priority": null, "cyclic_time": false, "meta_categorie": "doorgaand", "meta_waterbeheerder": "HollandsNoorderkwartier", "meta_node_id": null, "meta_old_node_id": null, "meta_couple_authority": null }, "geometry": { "type": "Point", "coordinates": [ 113893.544609402102651, 503259.522099999710917 ] } },
{ "type": "Feature", "properties": { "node_id": 147, "node_type": "Basin", "name": "7702", "subnetwork_id": null, "source_priority": null, "cyclic_time": false, "meta_categorie": "doorgaand", "meta_waterbeheerder": "HollandsNoorderkwartier", "meta_node_id": null, "meta_old_node_id": null, "meta_couple_authority": null }, "geometry": { "type": "Point", "coordinates": [ 126082.278088033141103, 534642.431450000032783 ] } },
{ "type": "Feature", "properties": { "node_id": 148, "node_type": "Basin", "name": "", "subnetwork_id": null, "source_priority": null, "cyclic_time": false, "meta_categorie": "doorgaand", "meta_waterbeheerder": "HollandsNoorderkwartier", "meta_node_id": null, "meta_old_node_id": null, "meta_couple_authority": null }, "geometry": { "type": "Point", "coordinates": [ 122448.061866357238614, 491302.378399999812245 ] } },
{ "type": "Feature", "properties": { "node_id": 149, "node_type": "Basin", "name": "2764", "subnetwork_id": null, "source_priority": null, "cyclic_time": false, "meta_categorie": "doorgaand", "meta_waterbeheerder": "HollandsNoorderkwartier", "meta_node_id": null, "meta_old_node_id": null, "meta_couple_authority": null }, "geometry": { "type": "Point", "coordinates": [ 110577.939127898571314, 534372.73505000025034 ] } },
{ "type": "Feature", "properties": { "node_id": 150, "node_type": "Basin", "name": "03240", "subnetwork_id": null, "source_priority": null, "cyclic_time": false, "meta_categorie": "doorgaand", "meta_waterbeheerder": "HollandsNoorderkwartier", "meta_node_id": null, "meta_old_node_id": null, "meta_couple_authority": null }, "geometry": { "type": "Point", "coordinates": [ 112577.176834037702065, 523699.853999998420477 ] } },
{ "type": "Feature", "properties": { "node_id": 151, "node_type": "Basin", "name": "5330", "subnetwork_id": null, "source_priority": null, "cyclic_time": false, "meta_categorie": "doorgaand", "meta_waterbeheerder": "HollandsNoorderkwartier", "meta_node_id": null, "meta_old_node_id": null, "meta_couple_authority": null }, "geometry": { "type": "Point", "coordinates": [ 118400.395234492490999, 495802.546550000086427 ] } },
{ "type": "Feature", "properties": { "node_id": 152, "node_type": "Basin", "name": "04060", "subnetwork_id": null, "source_priority": null, "cyclic_time": false, "meta_categorie": "doorgaand", "meta_waterbeheerder": "HollandsNoorderkwartier", "meta_node_id": null, "meta_old_node_id": null, "meta_couple_authority": null }, "geometry": { "type": "Point", "coordinates": [ 108885.699188161845086, 521318.04615000076592 ] } },
{ "type": "Feature", "properties": { "node_id": 153, "node_type": "Basin", "name": "5240", "subnetwork_id": null, "source_priority": null, "cyclic_time": false, "meta_categorie": "doorgaand", "meta_waterbeheerder": "HollandsNoorderkwartier", "meta_node_id": null, "meta_old_node_id": null, "meta_couple_authority": null }, "geometry": { "type": "Point", "coordinates": [ 130672.181304851648747, 490812.541600000113249 ] } },
{ "type": "Feature", "properties": { "node_id": 154, "node_type": "Basin", "name": "5220", "subnetwork_id": null, "source_priority": null, "cyclic_time": false, "meta_categorie": "doorgaand", "meta_waterbeheerder": "HollandsNoorderkwartier", "meta_node_id": null, "meta_old_node_id": null, "meta_couple_authority": null }, "geometry": { "type": "Point", "coordinates": [ 126835.609728527371772, 493094.880139900720678 ] } },
{ "type": "Feature", "properties": { "node_id": 155, "node_type": "Basin", "name": "6240", "subnetwork_id": null, "source_priority": null, "cyclic_time": false, "meta_categorie": "doorgaand", "meta_waterbeheerder": "HollandsNoorderkwartier", "meta_node_id": null, "meta_old_node_id": null, "meta_couple_authority": null }, "geometry": { "type": "Point", "coordinates": [ 123262.296485438157106, 524267.491949999704957 ] } },
{ "type": "Feature", "properties": { "node_id": 156, "node_type": "Basin", "name": "5600", "subnetwork_id": null, "source_priority": null, "cyclic_time": false, "meta_categorie": "doorgaand", "meta_waterbeheerder": "HollandsNoorderkwartier", "meta_node_id": null, "meta_old_node_id": null, "meta_couple_authority": null }, "geometry": { "type": "Point", "coordinates": [ 127411.37025188919506, 494318.151500001549721 ] } },
{ "type": "Feature", "properties": { "node_id": 157, "node_type": "Basin", "name": "5610", "subnetwork_id": null, "source_priority": null, "cyclic_time": false, "meta_categorie": "doorgaand", "meta_waterbeheerder": "HollandsNoorderkwartier", "meta_node_id": null, "meta_old_node_id": null, "meta_couple_authority": null }, "geometry": { "type": "Point", "coordinates": [ 131172.758220218151109, 494381.703499998897314 ] } },
{ "type": "Feature", "properties": { "node_id": 158, "node_type": "Basin", "name": "04470", "subnetwork_id": null, "source_priority": null, "cyclic_time": false, "meta_categorie": "doorgaand", "meta_waterbeheerder": "HollandsNoorderkwartier", "meta_node_id": null, "meta_old_node_id": null, "meta_couple_authority": null }, "geometry": { "type": "Point", "coordinates": [ 117071.893463541011442, 506406.323499999940395 ] } },
{ "type": "Feature", "properties": { "node_id": 159, "node_type": "Basin", "name": "5080", "subnetwork_id": null, "source_priority": null, "cyclic_time": false, "meta_categorie": "doorgaand", "meta_waterbeheerder": "HollandsNoorderkwartier", "meta_node_id": null, "meta_old_node_id": null, "meta_couple_authority": null }, "geometry": { "type": "Point", "coordinates": [ 130102.879634060605895, 511801.379999998956919 ] } },
{ "type": "Feature", "properties": { "node_id": 160, "node_type": "Basin", "name": "04590", "subnetwork_id": null, "source_priority": null, "cyclic_time": false, "meta_categorie": "doorgaand", "meta_waterbeheerder": "HollandsNoorderkwartier", "meta_node_id": null, "meta_old_node_id": null, "meta_couple_authority": null }, "geometry": { "type": "Point", "coordinates": [ 112605.750549319156562, 494139.08049999922514 ] } },
{ "type": "Feature", "properties": { "node_id": 161, "node_type": "Basin", "name": "03110", "subnetwork_id": null, "source_priority": null, "cyclic_time": false, "meta_categorie": "doorgaand", "meta_waterbeheerder": "HollandsNoorderkwartier", "meta_node_id": null, "meta_old_node_id": null, "meta_couple_authority": null }, "geometry": { "type": "Point", "coordinates": [ 115426.016429824318038, 527201.157499998807907 ] } },
{ "type": "Feature", "properties": { "node_id": 162, "node_type": "Basin", "name": "04752", "subnetwork_id": null, "source_priority": null, "cyclic_time": false, "meta_categorie": "doorgaand", "meta_waterbeheerder": "HollandsNoorderkwartier", "meta_node_id": null, "meta_old_node_id": null, "meta_couple_authority": null }, "geometry": { "type": "Point", "coordinates": [ 111521.010693338699639, 496821.86629999987781 ] } },
{ "type": "Feature", "properties": { "node_id": 163, "node_type": "Basin", "name": "9430", "subnetwork_id": null, "source_priority": null, "cyclic_time": false, "meta_categorie": "doorgaand", "meta_waterbeheerder": "HollandsNoorderkwartier", "meta_node_id": null, "meta_old_node_id": null, "meta_couple_authority": null }, "geometry": { "type": "Point", "coordinates": [ 107704.661767881625565, 520122.691250000149012 ] } },
{ "type": "Feature", "properties": { "node_id": 164, "node_type": "Basin", "name": "5490", "subnetwork_id": null, "source_priority": null, "cyclic_time": false, "meta_categorie": "doorgaand", "meta_waterbeheerder": "HollandsNoorderkwartier", "meta_node_id": null, "meta_old_node_id": null, "meta_couple_authority": null }, "geometry": { "type": "Point", "coordinates": [ 127097.205727533029858, 489504.595049999654293 ] } },
{ "type": "Feature", "properties": { "node_id": 165, "node_type": "Basin", "name": "5260", "subnetwork_id": null, "source_priority": null, "cyclic_time": false, "meta_categorie": "doorgaand", "meta_waterbeheerder": "HollandsNoorderkwartier", "meta_node_id": null, "meta_old_node_id": null, "meta_couple_authority": null }, "geometry": { "type": "Point", "coordinates": [ 129046.957466355408542, 487774.564999999478459 ] } },
{ "type": "Feature", "properties": { "node_id": 166, "node_type": "Basin", "name": "5480", "subnetwork_id": null, "source_priority": null, "cyclic_time": false, "meta_categorie": "doorgaand", "meta_waterbeheerder": "HollandsNoorderkwartier", "meta_node_id": null, "meta_old_node_id": null, "meta_couple_authority": null }, "geometry": { "type": "Point", "coordinates": [ 123142.184825535587152, 490566.203999999910593 ] } },
{ "type": "Feature", "properties": { "node_id": 167, "node_type": "Basin", "name": "6180", "subnetwork_id": null, "source_priority": null, "cyclic_time": false, "meta_categorie": "doorgaand", "meta_waterbeheerder": "HollandsNoorderkwartier", "meta_node_id": null, "meta_old_node_id": null, "meta_couple_authority": null }, "geometry": { "type": "Point", "coordinates": [ 122646.406501190329436, 516470.389549998566508 ] } },
{ "type": "Feature", "properties": { "node_id": 168, "node_type": "Basin", "name": "04420", "subnetwork_id": null, "source_priority": null, "cyclic_time": false, "meta_categorie": "doorgaand", "meta_waterbeheerder": "HollandsNoorderkwartier", "meta_node_id": null, "meta_old_node_id": null, "meta_couple_authority": null }, "geometry": { "type": "Point", "coordinates": [ 112892.692387027462246, 506427.86009999923408 ] } },
{ "type": "Feature", "properties": { "node_id": 169, "node_type": "Basin", "name": "5390", "subnetwork_id": null, "source_priority": null, "cyclic_time": false, "meta_categorie": "doorgaand", "meta_waterbeheerder": "HollandsNoorderkwartier", "meta_node_id": null, "meta_old_node_id": null, "meta_couple_authority": null }, "geometry": { "type": "Point", "coordinates": [ 122100.747252855275292, 491988.040999999269843 ] } },
{ "type": "Feature", "properties": { "node_id": 170, "node_type": "Basin", "name": "2781", "subnetwork_id": null, "source_priority": null, "cyclic_time": false, "meta_categorie": "doorgaand", "meta_waterbeheerder": "HollandsNoorderkwartier", "meta_node_id": null, "meta_old_node_id": null, "meta_couple_authority": null }, "geometry": { "type": "Point", "coordinates": [ 109771.2243765660387, 530128.899050001055002 ] } },
{ "type": "Feature", "properties": { "node_id": 171, "node_type": "Basin", "name": "04290", "subnetwork_id": null, "source_priority": null, "cyclic_time": false, "meta_categorie": "doorgaand", "meta_waterbeheerder": "HollandsNoorderkwartier", "meta_node_id": null, "meta_old_node_id": null, "meta_couple_authority": null }, "geometry": { "type": "Point", "coordinates": [ 107101.437595538314781, 506494.822499999776483 ] } },
{ "type": "Feature", "properties": { "node_id": 172, "node_type": "Basin", "name": "2757", "subnetwork_id": null, "source_priority": null, "cyclic_time": false, "meta_categorie": "doorgaand", "meta_waterbeheerder": "HollandsNoorderkwartier", "meta_node_id": null, "meta_old_node_id": null, "meta_couple_authority": null }, "geometry": { "type": "Point", "coordinates": [ 108068.370635303930612, 528707.595000000670552 ] } },
{ "type": "Feature", "properties": { "node_id": 173, "node_type": "Basin", "name": "03763", "subnetwork_id": null, "source_priority": null, "cyclic_time": false, "meta_categorie": "doorgaand", "meta_waterbeheerder": "HollandsNoorderkwartier", "meta_node_id": null, "meta_old_node_id": null, "meta_couple_authority": null }, "geometry": { "type": "Point", "coordinates": [ 109359.142114982649218, 525484.879499999806285 ] } },
{ "type": "Feature", "properties": { "node_id": 174, "node_type": "Basin", "name": "5560", "subnetwork_id": null, "source_priority": null, "cyclic_time": false, "meta_categorie": "doorgaand", "meta_waterbeheerder": "HollandsNoorderkwartier", "meta_node_id": null, "meta_old_node_id": null, "meta_couple_authority": null }, "geometry": { "type": "Point", "coordinates": [ 129046.548039247165434, 490378.422900000587106 ] } },
{ "type": "Feature", "properties": { "node_id": 175, "node_type": "Basin", "name": "5842", "subnetwork_id": null, "source_priority": null, "cyclic_time": false, "meta_categorie": "doorgaand", "meta_waterbeheerder": "HollandsNoorderkwartier", "meta_node_id": null, "meta_old_node_id": null, "meta_couple_authority": null }, "geometry": { "type": "Point", "coordinates": [ 122727.840454101853538, 498587.673000000417233 ] } },
{ "type": "Feature", "properties": { "node_id": 176, "node_type": "Basin", "name": "04310", "subnetwork_id": null, "source_priority": null, "cyclic_time": false, "meta_categorie": "doorgaand", "meta_waterbeheerder": "HollandsNoorderkwartier", "meta_node_id": null, "meta_old_node_id": null, "meta_couple_authority": null }, "geometry": { "type": "Point", "coordinates": [ 108251.873621639650082, 502303.145800000056624 ] } },
{ "type": "Feature", "properties": { "node_id": 177, "node_type": "Basin", "name": "03090", "subnetwork_id": null, "source_priority": null, "cyclic_time": false, "meta_categorie": "doorgaand", "meta_waterbeheerder": "HollandsNoorderkwartier", "meta_node_id": null, "meta_old_node_id": null, "meta_couple_authority": null }, "geometry": { "type": "Point", "coordinates": [ 115069.425387631927151, 530545.182049999013543 ] } },
{ "type": "Feature", "properties": { "node_id": 178, "node_type": "Basin", "name": "04160", "subnetwork_id": null, "source_priority": null, "cyclic_time": false, "meta_categorie": "doorgaand", "meta_waterbeheerder": "HollandsNoorderkwartier", "meta_node_id": null, "meta_old_node_id": null, "meta_couple_authority": null }, "geometry": { "type": "Point", "coordinates": [ 107694.353409621864557, 513328.024000000208616 ] } },
{ "type": "Feature", "properties": { "node_id": 179, "node_type": "Basin", "name": "03751", "subnetwork_id": null, "source_priority": null, "cyclic_time": false, "meta_categorie": "doorgaand", "meta_waterbeheerder": "HollandsNoorderkwartier", "meta_node_id": null, "meta_old_node_id": null, "meta_couple_authority": null }, "geometry": { "type": "Point", "coordinates": [ 113168.964314941404155, 522426.340500000864267 ] } },
{ "type": "Feature", "properties": { "node_id": 180, "node_type": "Basin", "name": "8010", "subnetwork_id": null, "source_priority": null, "cyclic_time": false, "meta_categorie": "doorgaand", "meta_waterbeheerder": "HollandsNoorderkwartier", "meta_node_id": null, "meta_old_node_id": null, "meta_couple_authority": null }, "geometry": { "type": "Point", "coordinates": [ 113686.268494447445846, 559003.56900000013411 ] } },
{ "type": "Feature", "properties": { "node_id": 181, "node_type": "Basin", "name": "2110", "subnetwork_id": null, "source_priority": null, "cyclic_time": false, "meta_categorie": "doorgaand", "meta_waterbeheerder": "HollandsNoorderkwartier", "meta_node_id": null, "meta_old_node_id": null, "meta_couple_authority": null }, "geometry": { "type": "Point", "coordinates": [ 121839.737951314120437, 533715.86600000038743 ] } },
{ "type": "Feature", "properties": { "node_id": 183, "node_type": "Basin", "name": "04520", "subnetwork_id": null, "source_priority": null, "cyclic_time": false, "meta_categorie": "doorgaand", "meta_waterbeheerder": "HollandsNoorderkwartier", "meta_node_id": null, "meta_old_node_id": null, "meta_couple_authority": null }, "geometry": { "type": "Point", "coordinates": [ 123039.300712595315417, 513992.270649999380112 ] } },
{ "type": "Feature", "properties": { "node_id": 184, "node_type": "Basin", "name": "04340", "subnetwork_id": null, "source_priority": null, "cyclic_time": false, "meta_categorie": "doorgaand", "meta_waterbeheerder": "HollandsNoorderkwartier", "meta_node_id": null, "meta_old_node_id": null, "meta_couple_authority": null }, "geometry": { "type": "Point", "coordinates": [ 107448.539663556992309, 497121.007000001147389 ] } },
{ "type": "Feature", "properties": { "node_id": 185, "node_type": "Basin", "name": "2768", "subnetwork_id": null, "source_priority": null, "cyclic_time": false, "meta_categorie": "doorgaand", "meta_waterbeheerder": "HollandsNoorderkwartier", "meta_node_id": null, "meta_old_node_id": null, "meta_couple_authority": null }, "geometry": { "type": "Point", "coordinates": [ 113463.595483397250064, 536431.635000001639128 ] } },
{ "type": "Feature", "properties": { "node_id": 186, "node_type": "Basin", "name": "5821", "subnetwork_id": null, "source_priority": null, "cyclic_time": false, "meta_categorie": "doorgaand", "meta_waterbeheerder": "HollandsNoorderkwartier", "meta_node_id": null, "meta_old_node_id": null, "meta_couple_authority": null }, "geometry": { "type": "Point", "coordinates": [ 129057.671352630626643, 494153.795049998909235 ] } },
{ "type": "Feature", "properties": { "node_id": 187, "node_type": "Basin", "name": "03764", "subnetwork_id": null, "source_priority": null, "cyclic_time": false, "meta_categorie": "doorgaand", "meta_waterbeheerder": "HollandsNoorderkwartier", "meta_node_id": null, "meta_old_node_id": null, "meta_couple_authority": null }, "geometry": { "type": "Point", "coordinates": [ 111975.074668794797617, 517170.761749999597669 ] } },
{ "type": "Feature", "properties": { "node_id": 188, "node_type": "Basin", "name": "6230", "subnetwork_id": null, "source_priority": null, "cyclic_time": false, "meta_categorie": "doorgaand", "meta_waterbeheerder": "HollandsNoorderkwartier", "meta_node_id": null, "meta_old_node_id": null, "meta_couple_authority": null }, "geometry": { "type": "Point", "coordinates": [ 123719.818055252893828, 522329.733500000089407 ] } },
{ "type": "Feature", "properties": { "node_id": 189, "node_type": "Basin", "name": "2854", "subnetwork_id": null, "source_priority": null, "cyclic_time": false, "meta_categorie": "doorgaand", "meta_waterbeheerder": "HollandsNoorderkwartier", "meta_node_id": null, "meta_old_node_id": null, "meta_couple_authority": null }, "geometry": { "type": "Point", "coordinates": [ 129716.263277536054375, 547160.365000000223517 ] } },
{ "type": "Feature", "properties": { "node_id": 191, "node_type": "Basin", "name": "5580", "subnetwork_id": null, "source_priority": null, "cyclic_time": false, "meta_categorie": "doorgaand", "meta_waterbeheerder": "HollandsNoorderkwartier", "meta_node_id": null, "meta_old_node_id": null, "meta_couple_authority": null }, "geometry": { "type": "Point", "coordinates": [ 122120.691947801009519, 492883.930650001391768 ] } },
{ "type": "Feature", "properties": { "node_id": 193, "node_type": "Basin", "name": "5841", "subnetwork_id": null, "source_priority": null, "cyclic_time": false, "meta_categorie": "doorgaand", "meta_waterbeheerder": "HollandsNoorderkwartier", "meta_node_id": null, "meta_old_node_id": null, "meta_couple_authority": null }, "geometry": { "type": "Point", "coordinates": [ 124108.718620595012908, 499960.400149999186397 ] } },
{ "type": "Feature", "properties": { "node_id": 194, "node_type": "Basin", "name": "04802", "subnetwork_id": null, "source_priority": null, "cyclic_time": false, "meta_categorie": "doorgaand", "meta_waterbeheerder": "HollandsNoorderkwartier", "meta_node_id": null, "meta_old_node_id": null, "meta_couple_authority": null }, "geometry": { "type": "Point", "coordinates": [ 116300.805883171036839, 508026.674850000068545 ] } },
{ "type": "Feature", "properties": { "node_id": 195, "node_type": "Basin", "name": "04853", "subnetwork_id": null, "source_priority": null, "cyclic_time": false, "meta_categorie": "doorgaand", "meta_waterbeheerder": "HollandsNoorderkwartier", "meta_node_id": null, "meta_old_node_id": null, "meta_couple_authority": null }, "geometry": { "type": "Point", "coordinates": [ 115105.886996551707853, 511501.846099998801947 ] } },
{ "type": "Feature", "properties": { "node_id": 196, "node_type": "Basin", "name": "03701", "subnetwork_id": null, "source_priority": null, "cyclic_time": false, "meta_categorie": "doorgaand", "meta_waterbeheerder": "HollandsNoorderkwartier", "meta_node_id": null, "meta_old_node_id": null, "meta_couple_authority": null }, "geometry": { "type": "Point", "coordinates": [ 116597.33375343165244, 534407.485999999567866 ] } },
{ "type": "Feature", "properties": { "node_id": 197, "node_type": "Basin", "name": "04270", "subnetwork_id": null, "source_priority": null, "cyclic_time": false, "meta_categorie": "doorgaand", "meta_waterbeheerder": "HollandsNoorderkwartier", "meta_node_id": null, "meta_old_node_id": null, "meta_couple_authority": null }, "geometry": { "type": "Point", "coordinates": [ 111218.452830052672653, 506956.403200000524521 ] } },
{ "type": "Feature", "properties": { "node_id": 198, "node_type": "Basin", "name": "5210", "subnetwork_id": null, "source_priority": null, "cyclic_time": false, "meta_categorie": "doorgaand", "meta_waterbeheerder": "HollandsNoorderkwartier", "meta_node_id": null, "meta_old_node_id": null, "meta_couple_authority": null }, "geometry": { "type": "Point", "coordinates": [ 127338.038017611936084, 495182.217550000175834 ] } },
{ "type": "Feature", "properties": { "node_id": 199, "node_type": "Basin", "name": "5050", "subnetwork_id": null, "source_priority": null, "cyclic_time": false, "meta_categorie": "doorgaand", "meta_waterbeheerder": "HollandsNoorderkwartier", "meta_node_id": null, "meta_old_node_id": null, "meta_couple_authority": null }, "geometry": { "type": "Point", "coordinates": [ 128363.552067276817979, 510814.420150000602007 ] } },
{ "type": "Feature", "properties": { "node_id": 200, "node_type": "Basin", "name": "5721", "subnetwork_id": null, "source_priority": null, "cyclic_time": false, "meta_categorie": "doorgaand", "meta_waterbeheerder": "HollandsNoorderkwartier", "meta_node_id": null, "meta_old_node_id": null, "meta_couple_authority": null }, "geometry": { "type": "Point", "coordinates": [ 125728.040222182971775, 501363.020150000229478 ] } },
{ "type": "Feature", "properties": { "node_id": 202, "node_type": "Basin", "name": "04953", "subnetwork_id": null, "source_priority": null, "cyclic_time": false, "meta_categorie": "doorgaand", "meta_waterbeheerder": "HollandsNoorderkwartier", "meta_node_id": null, "meta_old_node_id": null, "meta_couple_authority": null }, "geometry": { "type": "Point", "coordinates": [ 111282.068664741702378, 517614.030350001528859 ] } },
{ "type": "Feature", "properties": { "node_id": 204, "node_type": "Basin", "name": "5160", "subnetwork_id": null, "source_priority": null, "cyclic_time": false, "meta_categorie": "doorgaand", "meta_waterbeheerder": "HollandsNoorderkwartier", "meta_node_id": null, "meta_old_node_id": null, "meta_couple_authority": null }, "geometry": { "type": "Point", "coordinates": [ 136464.111605905636679, 496738.50620000064373 ] } },
{ "type": "Feature", "properties": { "node_id": 205, "node_type": "Basin", "name": "6753", "subnetwork_id": null, "source_priority": null, "cyclic_time": false, "meta_categorie": "doorgaand", "meta_waterbeheerder": "HollandsNoorderkwartier", "meta_node_id": null, "meta_old_node_id": null, "meta_couple_authority": null }, "geometry": { "type": "Point", "coordinates": [ 124605.378022915741894, 529417.774100000038743 ] } },
{ "type": "Feature", "properties": { "node_id": 206, "node_type": "Basin", "name": "5200", "subnetwork_id": null, "source_priority": null, "cyclic_time": false, "meta_categorie": "doorgaand", "meta_waterbeheerder": "HollandsNoorderkwartier", "meta_node_id": null, "meta_old_node_id": null, "meta_couple_authority": null }, "geometry": { "type": "Point", "coordinates": [ 129961.088044734424329, 496325.657449999824166 ] } },
{ "type": "Feature", "properties": { "node_id": 207, "node_type": "Basin", "name": "04280", "subnetwork_id": null, "source_priority": null, "cyclic_time": false, "meta_categorie": "doorgaand", "meta_waterbeheerder": "HollandsNoorderkwartier", "meta_node_id": null, "meta_old_node_id": null, "meta_couple_authority": null }, "geometry": { "type": "Point", "coordinates": [ 110256.147592413122766, 506136.219550000503659 ] } },
{ "type": "Feature", "properties": { "node_id": 208, "node_type": "Basin", "name": "2851", "subnetwork_id": null, "source_priority": null, "cyclic_time": false, "meta_categorie": "doorgaand", "meta_waterbeheerder": "HollandsNoorderkwartier", "meta_node_id": null, "meta_old_node_id": null, "meta_couple_authority": null }, "geometry": { "type": "Point", "coordinates": [ 123836.348900866694748, 544677.405000001192093 ] } },
{ "type": "Feature", "properties": { "node_id": 209, "node_type": "Basin", "name": "03340", "subnetwork_id": null, "source_priority": null, "cyclic_time": false, "meta_categorie": "doorgaand", "meta_waterbeheerder": "HollandsNoorderkwartier", "meta_node_id": null, "meta_old_node_id": null, "meta_couple_authority": null }, "geometry": { "type": "Point", "coordinates": [ 115922.500080236262875, 525240.304099999368191 ] } },
{ "type": "Feature", "properties": { "node_id": 210, "node_type": "Basin", "name": "5762", "subnetwork_id": null, "source_priority": null, "cyclic_time": false, "meta_categorie": "doorgaand", "meta_waterbeheerder": "HollandsNoorderkwartier", "meta_node_id": null, "meta_old_node_id": null, "meta_couple_authority": null }, "geometry": { "type": "Point", "coordinates": [ 133573.489898428728338, 501158.505999999120831 ] } },
{ "type": "Feature", "properties": { "node_id": 211, "node_type": "Basin", "name": "03100", "subnetwork_id": null, "source_priority": null, "cyclic_time": false, "meta_categorie": "doorgaand", "meta_waterbeheerder": "HollandsNoorderkwartier", "meta_node_id": null, "meta_old_node_id": null, "meta_couple_authority": null }, "geometry": { "type": "Point", "coordinates": [ 114397.916324250836624, 527654.587000001221895 ] } },
{ "type": "Feature", "properties": { "node_id": 212, "node_type": "Basin", "name": "7704", "subnetwork_id": null, "source_priority": null, "cyclic_time": false, "meta_categorie": "doorgaand", "meta_waterbeheerder": "HollandsNoorderkwartier", "meta_node_id": null, "meta_old_node_id": null, "meta_couple_authority": null }, "geometry": { "type": "Point", "coordinates": [ 133716.033477705786936, 536423.370999999344349 ] } },
{ "type": "Feature", "properties": { "node_id": 213, "node_type": "Basin", "name": "2080", "subnetwork_id": null, "source_priority": null, "cyclic_time": false, "meta_categorie": "doorgaand", "meta_waterbeheerder": "HollandsNoorderkwartier", "meta_node_id": null, "meta_old_node_id": null, "meta_couple_authority": null }, "geometry": { "type": "Point", "coordinates": [ 119918.133572970284149, 536920.239349998533726 ] } },
{ "type": "Feature", "properties": { "node_id": 215, "node_type": "Basin", "name": "5150", "subnetwork_id": null, "source_priority": null, "cyclic_time": false, "meta_categorie": "doorgaand", "meta_waterbeheerder": "HollandsNoorderkwartier", "meta_node_id": null, "meta_old_node_id": null, "meta_couple_authority": null }, "geometry": { "type": "Point", "coordinates": [ 131981.04659892161726, 496794.398150000721216 ] } },
{ "type": "Feature", "properties": { "node_id": 216, "node_type": "Basin", "name": "2765", "subnetwork_id": null, "source_priority": null, "cyclic_time": false, "meta_categorie": "doorgaand", "meta_waterbeheerder": "HollandsNoorderkwartier", "meta_node_id": null, "meta_old_node_id": null, "meta_couple_authority": null }, "geometry": { "type": "Point", "coordinates": [ 112325.780781878565904, 535659.880149999633431 ] } },
{ "type": "Feature", "properties": { "node_id": 217, "node_type": "Basin", "name": "03765", "subnetwork_id": null, "source_priority": null, "cyclic_time": false, "meta_categorie": "doorgaand", "meta_waterbeheerder": "HollandsNoorderkwartier", "meta_node_id": null, "meta_old_node_id": null, "meta_couple_authority": null }, "geometry": { "type": "Point", "coordinates": [ 113071.373704453959363, 516205.433650000020862 ] } },
{ "type": "Feature", "properties": { "node_id": 219, "node_type": "Basin", "name": "03070", "subnetwork_id": null, "source_priority": null, "cyclic_time": false, "meta_categorie": "doorgaand", "meta_waterbeheerder": "HollandsNoorderkwartier", "meta_node_id": null, "meta_old_node_id": null, "meta_couple_authority": null }, "geometry": { "type": "Point", "coordinates": [ 120558.262037397333188, 532122.137500001117587 ] } },
{ "type": "Feature", "properties": { "node_id": 220, "node_type": "Basin", "name": "5030", "subnetwork_id": null, "source_priority": null, "cyclic_time": false, "meta_categorie": "doorgaand", "meta_waterbeheerder": "HollandsNoorderkwartier", "meta_node_id": null, "meta_old_node_id": null, "meta_couple_authority": null }, "geometry": { "type": "Point", "coordinates": [ 130412.404000699956669, 511001.080000000074506 ] } },
{ "type": "Feature", "properties": { "node_id": 221, "node_type": "Basin", "name": "04580", "subnetwork_id": null, "source_priority": null, "cyclic_time": false, "meta_categorie": "doorgaand", "meta_waterbeheerder": "HollandsNoorderkwartier", "meta_node_id": null, "meta_old_node_id": null, "meta_couple_authority": null }, "geometry": { "type": "Point", "coordinates": [ 111094.583016654098174, 494453.728999998420477 ] } },
{ "type": "Feature", "properties": { "node_id": 222, "node_type": "Basin", "name": "2120", "subnetwork_id": null, "source_priority": null, "cyclic_time": false, "meta_categorie": "doorgaand", "meta_waterbeheerder": "HollandsNoorderkwartier", "meta_node_id": null, "meta_old_node_id": null, "meta_couple_authority": null }, "geometry": { "type": "Point", "coordinates": [ 115896.270059174130438, 538810.02449999935925 ] } },
{ "type": "Feature", "properties": { "node_id": 223, "node_type": "Basin", "name": "5822", "subnetwork_id": null, "source_priority": null, "cyclic_time": false, "meta_categorie": "doorgaand", "meta_waterbeheerder": "HollandsNoorderkwartier", "meta_node_id": null, "meta_old_node_id": null, "meta_couple_authority": null }, "geometry": { "type": "Point", "coordinates": [ 130085.446900745591847, 493749.944500001147389 ] } },
{ "type": "Feature", "properties": { "node_id": 224, "node_type": "Basin", "name": "2100", "subnetwork_id": null, "source_priority": null, "cyclic_time": false, "meta_categorie": "doorgaand", "meta_waterbeheerder": "HollandsNoorderkwartier", "meta_node_id": null, "meta_old_node_id": null, "meta_couple_authority": null }, "geometry": { "type": "Point", "coordinates": [ 123388.009235637335223, 531692.298049999400973 ] } },
{ "type": "Feature", "properties": { "node_id": 225, "node_type": "Basin", "name": "5250", "subnetwork_id": null, "source_priority": null, "cyclic_time": false, "meta_categorie": "doorgaand", "meta_waterbeheerder": "HollandsNoorderkwartier", "meta_node_id": null, "meta_old_node_id": null, "meta_couple_authority": null }, "geometry": { "type": "Point", "coordinates": [ 134096.493586950062308, 494042.531050000339746 ] } },
{ "type": "Feature", "properties": { "node_id": 226, "node_type": "Basin", "name": "03703", "subnetwork_id": null, "source_priority": null, "cyclic_time": false, "meta_categorie": "doorgaand", "meta_waterbeheerder": "HollandsNoorderkwartier", "meta_node_id": null, "meta_old_node_id": null, "meta_couple_authority": null }, "geometry": { "type": "Point", "coordinates": [ 118134.870846359001007, 535046.514000000432134 ] } },
{ "type": "Feature", "properties": { "node_id": 228, "node_type": "Basin", "name": "5320", "subnetwork_id": null, "source_priority": null, "cyclic_time": false, "meta_categorie": "doorgaand", "meta_waterbeheerder": "HollandsNoorderkwartier", "meta_node_id": null, "meta_old_node_id": null, "meta_couple_authority": null }, "geometry": { "type": "Point", "coordinates": [ 124528.217433275305666, 502701.213250000029802 ] } },
{ "type": "Feature", "properties": { "node_id": 232, "node_type": "Basin", "name": "6080", "subnetwork_id": null, "source_priority": null, "cyclic_time": false, "meta_categorie": "doorgaand", "meta_waterbeheerder": "HollandsNoorderkwartier", "meta_node_id": null, "meta_old_node_id": null, "meta_couple_authority": null }, "geometry": { "type": "Point", "coordinates": [ 140425.532554774545133, 527747.8260000012815 ] } },
{ "type": "Feature", "properties": { "node_id": 239, "node_type": "Pump", "name": "", "subnetwork_id": null, "source_priority": null, "cyclic_time": false, "meta_categorie": null, "meta_waterbeheerder": null, "meta_node_id": 239.0, "meta_old_node_id": null, "meta_couple_authority": null }, "geometry": { "type": "Point", "coordinates": [ 116513.085999998540501, 543704.953999999444932 ] } },
{ "type": "Feature", "properties": { "node_id": 240, "node_type": "Outlet", "name": "", "subnetwork_id": null, "source_priority": null, "cyclic_time": false, "meta_categorie": null, "meta_waterbeheerder": null, "meta_node_id": 240.0, "meta_old_node_id": null, "meta_couple_authority": null }, "geometry": { "type": "Point", "coordinates": [ 128030.298999997758074, 494367.346000002871733 ] } },
{ "type": "Feature", "properties": { "node_id": 241, "node_type": "Outlet", "name": "", "subnetwork_id": null, "source_priority": null, "cyclic_time": false, "meta_categorie": null, "meta_waterbeheerder": null, "meta_node_id": 241.0, "meta_old_node_id": null, "meta_couple_authority": null }, "geometry": { "type": "Point", "coordinates": [ 118614.030999999537016, 543959.670000001438893 ] } },
{ "type": "Feature", "properties": { "node_id": 242, "node_type": "Outlet", "name": "", "subnetwork_id": null, "source_priority": null, "cyclic_time": false, "meta_categorie": null, "meta_waterbeheerder": null, "meta_node_id": 242.0, "meta_old_node_id": null, "meta_couple_authority": null }, "geometry": { "type": "Point", "coordinates": [ 113452.059399999619927, 508184.909600001818035 ] } },
{ "type": "Feature", "properties": { "node_id": 243, "node_type": "Pump", "name": "Wouter Sluis", "subnetwork_id": null, "source_priority": null, "cyclic_time": false, "meta_categorie": null, "meta_waterbeheerder": null, "meta_node_id": 243.0, "meta_old_node_id": null, "meta_couple_authority": null }, "geometry": { "type": "Point", "coordinates": [ 119501.318999998620711, 509100.627000001259148 ] } },
{ "type": "Feature", "properties": { "node_id": 245, "node_type": "Outlet", "name": "", "subnetwork_id": null, "source_priority": null, "cyclic_time": false, "meta_categorie": null, "meta_waterbeheerder": null, "meta_node_id": 245.0, "meta_old_node_id": null, "meta_couple_authority": null }, "geometry": { "type": "Point", "coordinates": [ 127565.82039999900735, 548417.259500001440756 ] } },
{ "type": "Feature", "properties": { "node_id": 246, "node_type": "Outlet", "name": "", "subnetwork_id": null, "source_priority": null, "cyclic_time": false, "meta_categorie": null, "meta_waterbeheerder": null, "meta_node_id": 246.0, "meta_old_node_id": null, "meta_couple_authority": null }, "geometry": { "type": "Point", "coordinates": [ 135680.468999997538049, 541716.016000000410713 ] } },
{ "type": "Feature", "properties": { "node_id": 247, "node_type": "Outlet", "name": "", "subnetwork_id": null, "source_priority": null, "cyclic_time": false, "meta_categorie": null, "meta_waterbeheerder": null, "meta_node_id": 247.0, "meta_old_node_id": null, "meta_couple_authority": null }, "geometry": { "type": "Point", "coordinates": [ 116937.696299999865005, 510812.251400001288857 ] } },
{ "type": "Feature", "properties": { "node_id": 248, "node_type": "Pump", "name": "Langebalk", "subnetwork_id": null, "source_priority": null, "cyclic_time": false, "meta_categorie": null, "meta_waterbeheerder": null, "meta_node_id": 248.0, "meta_old_node_id": null, "meta_couple_authority": null }, "geometry": { "type": "Point", "coordinates": [ 116837.552999998588348, 523352.326000004424714 ] } },
{ "type": "Feature", "properties": { "node_id": 249, "node_type": "Outlet", "name": "", "subnetwork_id": null, "source_priority": null, "cyclic_time": false, "meta_categorie": null, "meta_waterbeheerder": null, "meta_node_id": 249.0, "meta_old_node_id": null, "meta_couple_authority": null }, "geometry": { "type": "Point", "coordinates": [ 119106.558999998305808, 543673.193999998271465 ] } },
{ "type": "Feature", "properties": { "node_id": 250, "node_type": "Outlet", "name": "", "subnetwork_id": null, "source_priority": null, "cyclic_time": false, "meta_categorie": null, "meta_waterbeheerder": null, "meta_node_id": 250.0, "meta_old_node_id": null, "meta_couple_authority": null }, "geometry": { "type": "Point", "coordinates": [ 127873.654800001633703, 545894.016199998557568 ] } },
{ "type": "Feature", "properties": { "node_id": 251, "node_type": "Pump", "name": "Kamerhop", "subnetwork_id": null, "source_priority": null, "cyclic_time": false, "meta_categorie": null, "meta_waterbeheerder": null, "meta_node_id": 251.0, "meta_old_node_id": null, "meta_couple_authority": null }, "geometry": { "type": "Point", "coordinates": [ 117512.701980910307611, 506137.575207307178061 ] } },
{ "type": "Feature", "properties": { "node_id": 252, "node_type": "Outlet", "name": "", "subnetwork_id": null, "source_priority": null, "cyclic_time": false, "meta_categorie": null, "meta_waterbeheerder": null, "meta_node_id": 252.0, "meta_old_node_id": null, "meta_couple_authority": null }, "geometry": { "type": "Point", "coordinates": [ 125629.753400005443837, 503396.080100000137463 ] } },
{ "type": "Feature", "properties": { "node_id": 253, "node_type": "Outlet", "name": "", "subnetwork_id": null, "source_priority": null, "cyclic_time": false, "meta_categorie": null, "meta_waterbeheerder": null, "meta_node_id": 253.0, "meta_old_node_id": null, "meta_couple_authority": null }, "geometry": { "type": "Point", "coordinates": [ 118042.449000000910019, 525908.894000001251698 ] } },
{ "type": "Feature", "properties": { "node_id": 254, "node_type": "Outlet", "name": "", "subnetwork_id": null, "source_priority": null, "cyclic_time": false, "meta_categorie": null, "meta_waterbeheerder": null, "meta_node_id": 254.0, "meta_old_node_id": null, "meta_couple_authority": null }, "geometry": { "type": "Point", "coordinates": [ 125651.975000003367313, 511105.340000002237502 ] } },
{ "type": "Feature", "properties": { "node_id": 255, "node_type": "Outlet", "name": "", "subnetwork_id": null, "source_priority": null, "cyclic_time": false, "meta_categorie": null, "meta_waterbeheerder": null, "meta_node_id": 255.0, "meta_old_node_id": null, "meta_couple_authority": null }, "geometry": { "type": "Point", "coordinates": [ 124568.383999999336083, 493373.054000001517124 ] } },
{ "type": "Feature", "properties": { "node_id": 256, "node_type": "Outlet", "name": "", "subnetwork_id": null, "source_priority": null, "cyclic_time": false, "meta_categorie": null, "meta_waterbeheerder": null, "meta_node_id": 256.0, "meta_old_node_id": null, "meta_couple_authority": null }, "geometry": { "type": "Point", "coordinates": [ 126157.420000000638538, 501993.374000002106186 ] } },
{ "type": "Feature", "properties": { "node_id": 257, "node_type": "Outlet", "name": "", "subnetwork_id": null, "source_priority": null, "cyclic_time": false, "meta_categorie": null, "meta_waterbeheerder": null, "meta_node_id": 257.0, "meta_old_node_id": null, "meta_couple_authority": null }, "geometry": { "type": "Point", "coordinates": [ 134990.971999999164836, 526030.256999999284744 ] } },
{ "type": "Feature", "properties": { "node_id": 258, "node_type": "Outlet", "name": "", "subnetwork_id": null, "source_priority": null, "cyclic_time": false, "meta_categorie": null, "meta_waterbeheerder": null, "meta_node_id": 258.0, "meta_old_node_id": null, "meta_couple_authority": null }, "geometry": { "type": "Point", "coordinates": [ 110805.311999998550164, 501430.809999999066349 ] } },
{ "type": "Feature", "properties": { "node_id": 259, "node_type": "Pump", "name": "Boekel Oosterzijpolder", "subnetwork_id": null, "source_priority": null, "cyclic_time": false, "meta_categorie": null, "meta_waterbeheerder": null, "meta_node_id": 259.0, "meta_old_node_id": null, "meta_couple_authority": null }, "geometry": { "type": "Point", "coordinates": [ 112791.588517096606665, 513471.344450513250194 ] } },
{ "type": "Feature", "properties": { "node_id": 260, "node_type": "Outlet", "name": "", "subnetwork_id": null, "source_priority": null, "cyclic_time": false, "meta_categorie": null, "meta_waterbeheerder": null, "meta_node_id": 260.0, "meta_old_node_id": null, "meta_couple_authority": null }, "geometry": { "type": "Point", "coordinates": [ 121557.740200000451296, 531457.159800001070835 ] } },
{ "type": "Feature", "properties": { "node_id": 261, "node_type": "Pump", "name": "Starnmeer", "subnetwork_id": null, "source_priority": null, "cyclic_time": false, "meta_categorie": null, "meta_waterbeheerder": null, "meta_node_id": 261.0, "meta_old_node_id": null, "meta_couple_authority": null }, "geometry": { "type": "Point", "coordinates": [ 115884.258999999525258, 506538.250000000058208 ] } },
{ "type": "Feature", "properties": { "node_id": 262, "node_type": "Outlet", "name": "", "subnetwork_id": null, "source_priority": null, "cyclic_time": false, "meta_categorie": null, "meta_waterbeheerder": null, "meta_node_id": 262.0, "meta_old_node_id": null, "meta_couple_authority": null }, "geometry": { "type": "Point", "coordinates": [ 109433.23600000028091, 524562.603999998304062 ] } },
{ "type": "Feature", "properties": { "node_id": 263, "node_type": "Outlet", "name": "", "subnetwork_id": null, "source_priority": null, "cyclic_time": false, "meta_categorie": null, "meta_waterbeheerder": null, "meta_node_id": 263.0, "meta_old_node_id": null, "meta_couple_authority": null }, "geometry": { "type": "Point", "coordinates": [ 130382.239999998259009, 491671.45300000149291 ] } },
{ "type": "Feature", "properties": { "node_id": 264, "node_type": "Outlet", "name": "", "subnetwork_id": null, "source_priority": null, "cyclic_time": false, "meta_categorie": null, "meta_waterbeheerder": null, "meta_node_id": 264.0, "meta_old_node_id": null, "meta_couple_authority": null }, "geometry": { "type": "Point", "coordinates": [ 122456.221000000703498, 499582.436999998928513 ] } },
{ "type": "Feature", "properties": { "node_id": 265, "node_type": "Outlet", "name": "", "subnetwork_id": null, "source_priority": null, "cyclic_time": false, "meta_categorie": null, "meta_waterbeheerder": null, "meta_node_id": 265.0, "meta_old_node_id": null, "meta_couple_authority": null }, "geometry": { "type": "Point", "coordinates": [ 130018.006999999226537, 495678.331999998539686 ] } },
{ "type": "Feature", "properties": { "node_id": 266, "node_type": "Pump", "name": "Hargerpolder", "subnetwork_id": null, "source_priority": null, "cyclic_time": false, "meta_categorie": null, "meta_waterbeheerder": null, "meta_node_id": 266.0, "meta_old_node_id": null, "meta_couple_authority": null }, "geometry": { "type": "Point", "coordinates": [ 105834.499000001495006, 528730.278800000087358 ] } },
{ "type": "Feature", "properties": { "node_id": 267, "node_type": "Pump", "name": "Grote Westerkoog", "subnetwork_id": null, "source_priority": null, "cyclic_time": false, "meta_categorie": null, "meta_waterbeheerder": null, "meta_node_id": 267.0, "meta_old_node_id": null, "meta_couple_authority": null }, "geometry": { "type": "Point", "coordinates": [ 129261.809599999905913, 511779.783799998578615 ] } },
{ "type": "Feature", "properties": { "node_id": 268, "node_type": "Outlet", "name": "", "subnetwork_id": null, "source_priority": null, "cyclic_time": false, "meta_categorie": null, "meta_waterbeheerder": null, "meta_node_id": 268.0, "meta_old_node_id": null, "meta_couple_authority": null }, "geometry": { "type": "Point", "coordinates": [ 122497.903999996357015, 525323.03800000261981 ] } },
{ "type": "Feature", "properties": { "node_id": 269, "node_type": "ManningResistance", "name": "", "subnetwork_id": null, "source_priority": null, "cyclic_time": false, "meta_categorie": null, "meta_waterbeheerder": null, "meta_node_id": 269.0, "meta_old_node_id": null, "meta_couple_authority": null }, "geometry": { "type": "Point", "coordinates": [ 110457.515999998722691, 542705.309999999590218 ] } },
{ "type": "Feature", "properties": { "node_id": 270, "node_type": "Outlet", "name": "", "subnetwork_id": null, "source_priority": null, "cyclic_time": false, "meta_categorie": null, "meta_waterbeheerder": null, "meta_node_id": 270.0, "meta_old_node_id": null, "meta_couple_authority": null }, "geometry": { "type": "Point", "coordinates": [ 125345.057199999893783, 521638.151500002190005 ] } },
{ "type": "Feature", "properties": { "node_id": 271, "node_type": "Pump", "name": "KGM-Q-24978", "subnetwork_id": null, "source_priority": null, "cyclic_time": false, "meta_categorie": null, "meta_waterbeheerder": null, "meta_node_id": 271.0, "meta_old_node_id": null, "meta_couple_authority": null }, "geometry": { "type": "Point", "coordinates": [ 108861.046000000802451, 535293.044000001391396 ] } },
{ "type": "Feature", "properties": { "node_id": 272, "node_type": "Outlet", "name": "", "subnetwork_id": null, "source_priority": null, "cyclic_time": false, "meta_categorie": null, "meta_waterbeheerder": null, "meta_node_id": 272.0, "meta_old_node_id": null, "meta_couple_authority": null }, "geometry": { "type": "Point", "coordinates": [ 127469.081999998525134, 548082.723999999463558 ] } },
{ "type": "Feature", "properties": { "node_id": 273, "node_type": "Outlet", "name": "", "subnetwork_id": null, "source_priority": null, "cyclic_time": false, "meta_categorie": null, "meta_waterbeheerder": null, "meta_node_id": 273.0, "meta_old_node_id": null, "meta_couple_authority": null }, "geometry": { "type": "Point", "coordinates": [ 139017.361400000867434, 515183.111400002380833 ] } },
{ "type": "Feature", "properties": { "node_id": 274, "node_type": "Outlet", "name": "", "subnetwork_id": null, "source_priority": null, "cyclic_time": false, "meta_categorie": null, "meta_waterbeheerder": null, "meta_node_id": 274.0, "meta_old_node_id": null, "meta_couple_authority": null }, "geometry": { "type": "Point", "coordinates": [ 126042.6601000038645, 491462.897600001771934 ] } },
{ "type": "Feature", "properties": { "node_id": 276, "node_type": "Outlet", "name": "", "subnetwork_id": null, "source_priority": null, "cyclic_time": false, "meta_categorie": null, "meta_waterbeheerder": null, "meta_node_id": 276.0, "meta_old_node_id": null, "meta_couple_authority": null }, "geometry": { "type": "Point", "coordinates": [ 111765.913100000689155, 540178.50050000147894 ] } },
{ "type": "Feature", "properties": { "node_id": 278, "node_type": "Outlet", "name": "", "subnetwork_id": null, "source_priority": null, "cyclic_time": false, "meta_categorie": null, "meta_waterbeheerder": null, "meta_node_id": 278.0, "meta_old_node_id": null, "meta_couple_authority": null }, "geometry": { "type": "Point", "coordinates": [ 107801.783199994184542, 533666.119000003440306 ] } },
{ "type": "Feature", "properties": { "node_id": 279, "node_type": "Outlet", "name": "", "subnetwork_id": null, "source_priority": null, "cyclic_time": false, "meta_categorie": null, "meta_waterbeheerder": null, "meta_node_id": 279.0, "meta_old_node_id": null, "meta_couple_authority": null }, "geometry": { "type": "Point", "coordinates": [ 115488.976922834219295, 547520.233046720619313 ] } },
{ "type": "Feature", "properties": { "node_id": 280, "node_type": "Outlet", "name": "", "subnetwork_id": null, "source_priority": null, "cyclic_time": false, "meta_categorie": null, "meta_waterbeheerder": null, "meta_node_id": 280.0, "meta_old_node_id": null, "meta_couple_authority": null }, "geometry": { "type": "Point", "coordinates": [ 115085.69399999846064, 528306.211000000010245 ] } },
{ "type": "Feature", "properties": { "node_id": 282, "node_type": "Pump", "name": "PV", "subnetwork_id": null, "source_priority": null, "cyclic_time": false, "meta_categorie": null, "meta_waterbeheerder": null, "meta_node_id": 282.0, "meta_old_node_id": null, "meta_couple_authority": null }, "geometry": { "type": "Point", "coordinates": [ 114510.272999998633168, 538490.776000001351349 ] } },
{ "type": "Feature", "properties": { "node_id": 283, "node_type": "Pump", "name": "ZG", "subnetwork_id": null, "source_priority": null, "cyclic_time": false, "meta_categorie": null, "meta_waterbeheerder": null, "meta_node_id": 283.0, "meta_old_node_id": null, "meta_couple_authority": null }, "geometry": { "type": "Point", "coordinates": [ 109065.684300001026713, 529894.495499996817671 ] } },
{ "type": "Feature", "properties": { "node_id": 284, "node_type": "Outlet", "name": "", "subnetwork_id": null, "source_priority": null, "cyclic_time": false, "meta_categorie": null, "meta_waterbeheerder": null, "meta_node_id": 284.0, "meta_old_node_id": null, "meta_couple_authority": null }, "geometry": { "type": "Point", "coordinates": [ 136314.607999998988817, 536754.965000000083819 ] } },
{ "type": "Feature", "properties": { "node_id": 285, "node_type": "Outlet", "name": "", "subnetwork_id": null, "source_priority": null, "cyclic_time": false, "meta_categorie": null, "meta_waterbeheerder": null, "meta_node_id": 285.0, "meta_old_node_id": null, "meta_couple_authority": null }, "geometry": { "type": "Point", "coordinates": [ 113647.478000000293832, 505211.747000002593268 ] } },
{ "type": "Feature", "properties": { "node_id": 286, "node_type": "Outlet", "name": "", "subnetwork_id": null, "source_priority": null, "cyclic_time": false, "meta_categorie": null, "meta_waterbeheerder": null, "meta_node_id": 286.0, "meta_old_node_id": null, "meta_couple_authority": null }, "geometry": { "type": "Point", "coordinates": [ 125639.026999998604879, 511010.713000000454485 ] } },
{ "type": "Feature", "properties": { "node_id": 288, "node_type": "Outlet", "name": "", "subnetwork_id": null, "source_priority": null, "cyclic_time": false, "meta_categorie": null, "meta_waterbeheerder": null, "meta_node_id": 288.0, "meta_old_node_id": null, "meta_couple_authority": null }, "geometry": { "type": "Point", "coordinates": [ 120933.484000000520609, 516243.587000000930857 ] } },
{ "type": "Feature", "properties": { "node_id": 289, "node_type": "Outlet", "name": "", "subnetwork_id": null, "source_priority": null, "cyclic_time": false, "meta_categorie": null, "meta_waterbeheerder": null, "meta_node_id": 289.0, "meta_old_node_id": null, "meta_couple_authority": null }, "geometry": { "type": "Point", "coordinates": [ 117047.967999998334562, 523230.298000001581386 ] } },
{ "type": "Feature", "properties": { "node_id": 290, "node_type": "Outlet", "name": "", "subnetwork_id": null, "source_priority": null, "cyclic_time": false, "meta_categorie": null, "meta_waterbeheerder": null, "meta_node_id": 290.0, "meta_old_node_id": null, "meta_couple_authority": null }, "geometry": { "type": "Point", "coordinates": [ 117573.879500001872657, 492865.782100000302307 ] } },
{ "type": "Feature", "properties": { "node_id": 292, "node_type": "Pump", "name": "Westerveer", "subnetwork_id": null, "source_priority": null, "cyclic_time": false, "meta_categorie": null, "meta_waterbeheerder": null, "meta_node_id": 292.0, "meta_old_node_id": null, "meta_couple_authority": null }, "geometry": { "type": "Point", "coordinates": [ 126046.554000000891392, 522661.929000002215616 ] } },
{ "type": "Feature", "properties": { "node_id": 295, "node_type": "Pump", "name": "Zandkes", "subnetwork_id": null, "source_priority": null, "cyclic_time": false, "meta_categorie": null, "meta_waterbeheerder": null, "meta_node_id": 295.0, "meta_old_node_id": null, "meta_couple_authority": null }, "geometry": { "type": "Point", "coordinates": [ 120839.51700000121491, 564551.142999999341555 ] } },
{ "type": "Feature", "properties": { "node_id": 296, "node_type": "Outlet", "name": "", "subnetwork_id": null, "source_priority": null, "cyclic_time": false, "meta_categorie": null, "meta_waterbeheerder": null, "meta_node_id": 296.0, "meta_old_node_id": null, "meta_couple_authority": null }, "geometry": { "type": "Point", "coordinates": [ 116694.891000000585336, 506430.140999999362975 ] } },
{ "type": "Feature", "properties": { "node_id": 298, "node_type": "Outlet", "name": "", "subnetwork_id": null, "source_priority": null, "cyclic_time": false, "meta_categorie": null, "meta_waterbeheerder": null, "meta_node_id": 298.0, "meta_old_node_id": null, "meta_couple_authority": null }, "geometry": { "type": "Point", "coordinates": [ 117509.215999998050393, 533094.65399999904912 ] } },
{ "type": "Feature", "properties": { "node_id": 299, "node_type": "Outlet", "name": "", "subnetwork_id": null, "source_priority": null, "cyclic_time": false, "meta_categorie": null, "meta_waterbeheerder": null, "meta_node_id": 299.0, "meta_old_node_id": null, "meta_couple_authority": null }, "geometry": { "type": "Point", "coordinates": [ 130793.191199999506352, 500706.99740000104066 ] } },
{ "type": "Feature", "properties": { "node_id": 300, "node_type": "Pump", "name": "Vurige Staart", "subnetwork_id": null, "source_priority": null, "cyclic_time": false, "meta_categorie": null, "meta_waterbeheerder": null, "meta_node_id": 300.0, "meta_old_node_id": null, "meta_couple_authority": null }, "geometry": { "type": "Point", "coordinates": [ 125589.765999996598111, 499931.471000002231449 ] } },
{ "type": "Feature", "properties": { "node_id": 301, "node_type": "Pump", "name": "Zaandammerpolder", "subnetwork_id": null, "source_priority": null, "cyclic_time": false, "meta_categorie": null, "meta_waterbeheerder": null, "meta_node_id": 301.0, "meta_old_node_id": null, "meta_couple_authority": null }, "geometry": { "type": "Point", "coordinates": [ 114083.666999999724794, 493704.334000000730157 ] } },
{ "type": "Feature", "properties": { "node_id": 302, "node_type": "Pump", "name": "KGM-Q-25345", "subnetwork_id": null, "source_priority": null, "cyclic_time": false, "meta_categorie": null, "meta_waterbeheerder": null, "meta_node_id": 302.0, "meta_old_node_id": null, "meta_couple_authority": null }, "geometry": { "type": "Point", "coordinates": [ 112960.385000002308516, 541231.979000000515953 ] } },
{ "type": "Feature", "properties": { "node_id": 303, "node_type": "Outlet", "name": "", "subnetwork_id": null, "source_priority": null, "cyclic_time": false, "meta_categorie": null, "meta_waterbeheerder": null, "meta_node_id": 303.0, "meta_old_node_id": null, "meta_couple_authority": null }, "geometry": { "type": "Point", "coordinates": [ 113971.011100001764135, 534862.425099999178201 ] } },
{ "type": "Feature", "properties": { "node_id": 304, "node_type": "Pump", "name": "Philisteinsche molen", "subnetwork_id": null, "source_priority": null, "cyclic_time": false, "meta_categorie": null, "meta_waterbeheerder": null, "meta_node_id": 304.0, "meta_old_node_id": null, "meta_couple_authority": null }, "geometry": { "type": "Point", "coordinates": [ 107206.397599998454098, 518400.673300003749318 ] } },
{ "type": "Feature", "properties": { "node_id": 305, "node_type": "Outlet", "name": "", "subnetwork_id": null, "source_priority": null, "cyclic_time": false, "meta_categorie": null, "meta_waterbeheerder": null, "meta_node_id": 305.0, "meta_old_node_id": null, "meta_couple_authority": null }, "geometry": { "type": "Point", "coordinates": [ 124973.443999998184154, 501913.796999999845866 ] } },
{ "type": "Feature", "properties": { "node_id": 306, "node_type": "Outlet", "name": "", "subnetwork_id": null, "source_priority": null, "cyclic_time": false, "meta_categorie": null, "meta_waterbeheerder": null, "meta_node_id": 306.0, "meta_old_node_id": null, "meta_couple_authority": null }, "geometry": { "type": "Point", "coordinates": [ 109719.859999999534921, 524361.471000000834465 ] } },
{ "type": "Feature", "properties": { "node_id": 307, "node_type": "Pump", "name": "Vishevelpomp Meerweiden", "subnetwork_id": null, "source_priority": null, "cyclic_time": false, "meta_categorie": null, "meta_waterbeheerder": null, "meta_node_id": 307.0, "meta_old_node_id": null, "meta_couple_authority": null }, "geometry": { "type": "Point", "coordinates": [ 105068.812100000795908, 497724.23789999994915 ] } },
{ "type": "Feature", "properties": { "node_id": 308, "node_type": "Outlet", "name": "", "subnetwork_id": null, "source_priority": null, "cyclic_time": false, "meta_categorie": null, "meta_waterbeheerder": null, "meta_node_id": 308.0, "meta_old_node_id": null, "meta_couple_authority": null }, "geometry": { "type": "Point", "coordinates": [ 114200.677000001160195, 493895.028000000864267 ] } },
{ "type": "Feature", "properties": { "node_id": 309, "node_type": "Outlet", "name": "", "subnetwork_id": null, "source_priority": null, "cyclic_time": false, "meta_categorie": null, "meta_waterbeheerder": null, "meta_node_id": 309.0, "meta_old_node_id": null, "meta_couple_authority": null }, "geometry": { "type": "Point", "coordinates": [ 119316.366399997976259, 529928.880100001930259 ] } },
{ "type": "Feature", "properties": { "node_id": 310, "node_type": "Outlet", "name": "", "subnetwork_id": null, "source_priority": null, "cyclic_time": false, "meta_categorie": null, "meta_waterbeheerder": null, "meta_node_id": 310.0, "meta_old_node_id": null, "meta_couple_authority": null }, "geometry": { "type": "Point", "coordinates": [ 113132.940000000118744, 534232.910000001080334 ] } },
{ "type": "Feature", "properties": { "node_id": 311, "node_type": "Outlet", "name": "", "subnetwork_id": null, "source_priority": null, "cyclic_time": false, "meta_categorie": null, "meta_waterbeheerder": null, "meta_node_id": 311.0, "meta_old_node_id": null, "meta_couple_authority": null }, "geometry": { "type": "Point", "coordinates": [ 116160.600699998671189, 499626.328299999237061 ] } },
{ "type": "Feature", "properties": { "node_id": 312, "node_type": "Outlet", "name": "", "subnetwork_id": null, "source_priority": null, "cyclic_time": false, "meta_categorie": null, "meta_waterbeheerder": null, "meta_node_id": 312.0, "meta_old_node_id": null, "meta_couple_authority": null }, "geometry": { "type": "Point", "coordinates": [ 128755.852115311645321, 491503.911378632648848 ] } },
{ "type": "Feature", "properties": { "node_id": 313, "node_type": "Outlet", "name": "", "subnetwork_id": null, "source_priority": null, "cyclic_time": false, "meta_categorie": null, "meta_waterbeheerder": null, "meta_node_id": 313.0, "meta_old_node_id": null, "meta_couple_authority": null }, "geometry": { "type": "Point", "coordinates": [ 110434.954999997455161, 540927.774000000557862 ] } },
{ "type": "Feature", "properties": { "node_id": 314, "node_type": "Pump", "name": "Schrinkkaag", "subnetwork_id": null, "source_priority": null, "cyclic_time": false, "meta_categorie": null, "meta_waterbeheerder": null, "meta_node_id": 314.0, "meta_old_node_id": null, "meta_couple_authority": null }, "geometry": { "type": "Point", "coordinates": [ 121035.488000000768807, 533611.477999999187887 ] } },
{ "type": "Feature", "properties": { "node_id": 315, "node_type": "Outlet", "name": "", "subnetwork_id": null, "source_priority": null, "cyclic_time": false, "meta_categorie": null, "meta_waterbeheerder": null, "meta_node_id": 315.0, "meta_old_node_id": null, "meta_couple_authority": null }, "geometry": { "type": "Point", "coordinates": [ 130899.631000000605127, 493082.221999999892432 ] } },
{ "type": "Feature", "properties": { "node_id": 316, "node_type": "Outlet", "name": "", "subnetwork_id": null, "source_priority": null, "cyclic_time": false, "meta_categorie": null, "meta_waterbeheerder": null, "meta_node_id": 316.0, "meta_old_node_id": null, "meta_couple_authority": null }, "geometry": { "type": "Point", "coordinates": [ 107012.646999999880791, 519334.83500000089407 ] } },
{ "type": "Feature", "properties": { "node_id": 317, "node_type": "Pump", "name": "Poldermuseum Heerhugowaard", "subnetwork_id": null, "source_priority": null, "cyclic_time": false, "meta_categorie": null, "meta_waterbeheerder": null, "meta_node_id": 317.0, "meta_old_node_id": null, "meta_couple_authority": null }, "geometry": { "type": "Point", "coordinates": [ 115314.554000001444365, 516707.534000001905952 ] } },
{ "type": "Feature", "properties": { "node_id": 318, "node_type": "Pump", "name": "W", "subnetwork_id": null, "source_priority": null, "cyclic_time": false, "meta_categorie": null, "meta_waterbeheerder": null, "meta_node_id": 318.0, "meta_old_node_id": null, "meta_couple_authority": null }, "geometry": { "type": "Point", "coordinates": [ 112797.910999996995088, 539757.667000001296401 ] } },
{ "type": "Feature", "properties": { "node_id": 319, "node_type": "Pump", "name": "Egmondermeer", "subnetwork_id": null, "source_priority": null, "cyclic_time": false, "meta_categorie": null, "meta_waterbeheerder": null, "meta_node_id": 319.0, "meta_old_node_id": null, "meta_couple_authority": null }, "geometry": { "type": "Point", "coordinates": [ 108505.092999998596497, 517351.337000001221895 ] } },
{ "type": "Feature", "properties": { "node_id": 321, "node_type": "Pump", "name": "KGM-B-1680", "subnetwork_id": null, "source_priority": null, "cyclic_time": false, "meta_categorie": null, "meta_waterbeheerder": null, "meta_node_id": 321.0, "meta_old_node_id": null, "meta_couple_authority": null }, "geometry": { "type": "Point", "coordinates": [ 114213.639999999795691, 540490.833999997703359 ] } },
{ "type": "Feature", "properties": { "node_id": 322, "node_type": "Outlet", "name": "", "subnetwork_id": null, "source_priority": null, "cyclic_time": false, "meta_categorie": null, "meta_waterbeheerder": null, "meta_node_id": 322.0, "meta_old_node_id": null, "meta_couple_authority": null }, "geometry": { "type": "Point", "coordinates": [ 136371.03999999500229, 537339.741000002948567 ] } },
{ "type": "Feature", "properties": { "node_id": 323, "node_type": "Outlet", "name": "", "subnetwork_id": null, "source_priority": null, "cyclic_time": false, "meta_categorie": null, "meta_waterbeheerder": null, "meta_node_id": 323.0, "meta_old_node_id": null, "meta_couple_authority": null }, "geometry": { "type": "Point", "coordinates": [ 109666.671000004222151, 524716.035999998915941 ] } },
{ "type": "Feature", "properties": { "node_id": 324, "node_type": "Pump", "name": "KGM-J-913", "subnetwork_id": null, "source_priority": null, "cyclic_time": false, "meta_categorie": null, "meta_waterbeheerder": null, "meta_node_id": 324.0, "meta_old_node_id": null, "meta_couple_authority": null }, "geometry": { "type": "Point", "coordinates": [ 128285.770999999323976, 495240.435000000754371 ] } },
{ "type": "Feature", "properties": { "node_id": 325, "node_type": "Pump", "name": "KGM-JL-17", "subnetwork_id": null, "source_priority": null, "cyclic_time": false, "meta_categorie": null, "meta_waterbeheerder": null, "meta_node_id": 325.0, "meta_old_node_id": null, "meta_couple_authority": null }, "geometry": { "type": "Point", "coordinates": [ 105985.726000001450302, 514589.475000002537854 ] } },
{ "type": "Feature", "properties": { "node_id": 326, "node_type": "Pump", "name": "KGM-Q-29244", "subnetwork_id": null, "source_priority": null, "cyclic_time": false, "meta_categorie": null, "meta_waterbeheerder": null, "meta_node_id": 326.0, "meta_old_node_id": null, "meta_couple_authority": null }, "geometry": { "type": "Point", "coordinates": [ 124974.856999999654363, 491771.98600000073202 ] } },
{ "type": "Feature", "properties": { "node_id": 327, "node_type": "Outlet", "name": "", "subnetwork_id": null, "source_priority": null, "cyclic_time": false, "meta_categorie": null, "meta_waterbeheerder": null, "meta_node_id": 327.0, "meta_old_node_id": null, "meta_couple_authority": null }, "geometry": { "type": "Point", "coordinates": [ 112906.519000001935638, 498318.519000004162081 ] } },
{ "type": "Feature", "properties": { "node_id": 328, "node_type": "Outlet", "name": "", "subnetwork_id": null, "source_priority": null, "cyclic_time": false, "meta_categorie": null, "meta_waterbeheerder": null, "meta_node_id": 328.0, "meta_old_node_id": null, "meta_couple_authority": null }, "geometry": { "type": "Point", "coordinates": [ 130075.926100000811857, 512761.134300001373049 ] } },
{ "type": "Feature", "properties": { "node_id": 329, "node_type": "Pump", "name": "Zwartedijkspolder", "subnetwork_id": null, "source_priority": null, "cyclic_time": false, "meta_categorie": null, "meta_waterbeheerder": null, "meta_node_id": 329.0, "meta_old_node_id": null, "meta_couple_authority": null }, "geometry": { "type": "Point", "coordinates": [ 111800.072000001004199, 510532.81500000320375 ] } },
{ "type": "Feature", "properties": { "node_id": 330, "node_type": "Outlet", "name": "", "subnetwork_id": null, "source_priority": null, "cyclic_time": false, "meta_categorie": null, "meta_waterbeheerder": null, "meta_node_id": 330.0, "meta_old_node_id": null, "meta_couple_authority": null }, "geometry": { "type": "Point", "coordinates": [ 129696.120000000621076, 521004.61800000135554 ] } },
{ "type": "Feature", "properties": { "node_id": 331, "node_type": "Pump", "name": "Kooyhoek", "subnetwork_id": null, "source_priority": null, "cyclic_time": false, "meta_categorie": null, "meta_waterbeheerder": null, "meta_node_id": 331.0, "meta_old_node_id": null, "meta_couple_authority": null }, "geometry": { "type": "Point", "coordinates": [ 114803.42514101236884, 546471.633448328939267 ] } },
{ "type": "Feature", "properties": { "node_id": 332, "node_type": "Outlet", "name": "", "subnetwork_id": null, "source_priority": null, "cyclic_time": false, "meta_categorie": null, "meta_waterbeheerder": null, "meta_node_id": 332.0, "meta_old_node_id": null, "meta_couple_authority": null }, "geometry": { "type": "Point", "coordinates": [ 129915.618500000957283, 512872.961900000926107 ] } },
{ "type": "Feature", "properties": { "node_id": 334, "node_type": "Outlet", "name": "", "subnetwork_id": null, "source_priority": null, "cyclic_time": false, "meta_categorie": null, "meta_waterbeheerder": null, "meta_node_id": 334.0, "meta_old_node_id": null, "meta_couple_authority": null }, "geometry": { "type": "Point", "coordinates": [ 121035.85679999992135, 543475.994899999233894 ] } },
{ "type": "Feature", "properties": { "node_id": 335, "node_type": "Outlet", "name": "", "subnetwork_id": null, "source_priority": null, "cyclic_time": false, "meta_categorie": null, "meta_waterbeheerder": null, "meta_node_id": 335.0, "meta_old_node_id": null, "meta_couple_authority": null }, "geometry": { "type": "Point", "coordinates": [ 127758.346000000790809, 503820.102000001817942 ] } },
{ "type": "Feature", "properties": { "node_id": 337, "node_type": "Outlet", "name": "", "subnetwork_id": null, "source_priority": null, "cyclic_time": false, "meta_categorie": null, "meta_waterbeheerder": null, "meta_node_id": 337.0, "meta_old_node_id": null, "meta_couple_authority": null }, "geometry": { "type": "Point", "coordinates": [ 123023.095659030819661, 490420.064000153157394 ] } },
{ "type": "Feature", "properties": { "node_id": 338, "node_type": "Pump", "name": "Noordeindermeer", "subnetwork_id": null, "source_priority": null, "cyclic_time": false, "meta_categorie": null, "meta_waterbeheerder": null, "meta_node_id": 338.0, "meta_old_node_id": null, "meta_couple_authority": null }, "geometry": { "type": "Point", "coordinates": [ 117501.068899992358638, 509611.945100007171277 ] } },
{ "type": "Feature", "properties": { "node_id": 339, "node_type": "Outlet", "name": "", "subnetwork_id": null, "source_priority": null, "cyclic_time": false, "meta_categorie": null, "meta_waterbeheerder": null, "meta_node_id": 339.0, "meta_old_node_id": null, "meta_couple_authority": null }, "geometry": { "type": "Point", "coordinates": [ 114264.335000000879518, 537028.820000000530854 ] } },
{ "type": "Feature", "properties": { "node_id": 340, "node_type": "Outlet", "name": "", "subnetwork_id": null, "source_priority": null, "cyclic_time": false, "meta_categorie": null, "meta_waterbeheerder": null, "meta_node_id": 340.0, "meta_old_node_id": null, "meta_couple_authority": null }, "geometry": { "type": "Point", "coordinates": [ 119033.706000000107451, 526339.995000001508743 ] } },
{ "type": "Feature", "properties": { "node_id": 341, "node_type": "Pump", "name": "Berkmeer", "subnetwork_id": null, "source_priority": null, "cyclic_time": false, "meta_categorie": null, "meta_waterbeheerder": null, "meta_node_id": 341.0, "meta_old_node_id": null, "meta_couple_authority": null }, "geometry": { "type": "Point", "coordinates": [ 121350.742600001743995, 522683.532900003599934 ] } },
{ "type": "Feature", "properties": { "node_id": 342, "node_type": "Pump", "name": "KGM-Q-24889", "subnetwork_id": null, "source_priority": null, "cyclic_time": false, "meta_categorie": null, "meta_waterbeheerder": null, "meta_node_id": 342.0, "meta_old_node_id": null, "meta_couple_authority": null }, "geometry": { "type": "Point", "coordinates": [ 114153.541000002383953, 539524.782999999821186 ] } },
{ "type": "Feature", "properties": { "node_id": 343, "node_type": "Outlet", "name": "", "subnetwork_id": null, "source_priority": null, "cyclic_time": false, "meta_categorie": null, "meta_waterbeheerder": null, "meta_node_id": 343.0, "meta_old_node_id": null, "meta_couple_authority": null }, "geometry": { "type": "Point", "coordinates": [ 105824.977000001556007, 515332.855999999039341 ] } },
{ "type": "Feature", "properties": { "node_id": 344, "node_type": "Pump", "name": "KGM-Q-25197", "subnetwork_id": null, "source_priority": null, "cyclic_time": false, "meta_categorie": null, "meta_waterbeheerder": null, "meta_node_id": 344.0, "meta_old_node_id": null, "meta_couple_authority": null }, "geometry": { "type": "Point", "coordinates": [ 110824.331999997230014, 542452.765000001294538 ] } },
{ "type": "Feature", "properties": { "node_id": 345, "node_type": "Pump", "name": "KGM-Q-25380", "subnetwork_id": null, "source_priority": null, "cyclic_time": false, "meta_categorie": null, "meta_waterbeheerder": null, "meta_node_id": 345.0, "meta_old_node_id": null, "meta_couple_authority": null }, "geometry": { "type": "Point", "coordinates": [ 115311.734000001699314, 542319.874000003095716 ] } },
{ "type": "Feature", "properties": { "node_id": 346, "node_type": "Outlet", "name": "", "subnetwork_id": null, "source_priority": null, "cyclic_time": false, "meta_categorie": null, "meta_waterbeheerder": null, "meta_node_id": 346.0, "meta_old_node_id": null, "meta_couple_authority": null }, "geometry": { "type": "Point", "coordinates": [ 130270.881999996927334, 503962.173999997321516 ] } },
{ "type": "Feature", "properties": { "node_id": 347, "node_type": "Outlet", "name": "", "subnetwork_id": null, "source_priority": null, "cyclic_time": false, "meta_categorie": null, "meta_waterbeheerder": null, "meta_node_id": 347.0, "meta_old_node_id": null, "meta_couple_authority": null }, "geometry": { "type": "Point", "coordinates": [ 135939.445999998308253, 520631.798999998602085 ] } },
{ "type": "Feature", "properties": { "node_id": 348, "node_type": "Pump", "name": "Eijerland", "subnetwork_id": null, "source_priority": null, "cyclic_time": false, "meta_categorie": null, "meta_waterbeheerder": null, "meta_node_id": 348.0, "meta_old_node_id": null, "meta_couple_authority": null }, "geometry": { "type": "Point", "coordinates": [ 120867.780500000051688, 574620.255400000722148 ] } },
{ "type": "Feature", "properties": { "node_id": 349, "node_type": "Pump", "name": "Wijdenes Spaans", "subnetwork_id": null, "source_priority": null, "cyclic_time": false, "meta_categorie": null, "meta_waterbeheerder": null, "meta_node_id": 349.0, "meta_old_node_id": null, "meta_couple_authority": null }, "geometry": { "type": "Point", "coordinates": [ 118028.576000008164556, 541847.52799999283161 ] } },
{ "type": "Feature", "properties": { "node_id": 350, "node_type": "Outlet", "name": "", "subnetwork_id": null, "source_priority": null, "cyclic_time": false, "meta_categorie": null, "meta_waterbeheerder": null, "meta_node_id": 350.0, "meta_old_node_id": null, "meta_couple_authority": null }, "geometry": { "type": "Point", "coordinates": [ 119100.714899997736211, 527323.838699999847449 ] } },
{ "type": "Feature", "properties": { "node_id": 351, "node_type": "Outlet", "name": "", "subnetwork_id": null, "source_priority": null, "cyclic_time": false, "meta_categorie": null, "meta_waterbeheerder": null, "meta_node_id": 351.0, "meta_old_node_id": null, "meta_couple_authority": null }, "geometry": { "type": "Point", "coordinates": [ 125641.59169999884034, 499887.705400001374073 ] } },
{ "type": "Feature", "properties": { "node_id": 353, "node_type": "Outlet", "name": "", "subnetwork_id": null, "source_priority": null, "cyclic_time": false, "meta_categorie": null, "meta_waterbeheerder": null, "meta_node_id": 353.0, "meta_old_node_id": null, "meta_couple_authority": null }, "geometry": { "type": "Point", "coordinates": [ 111507.375000002444722, 534330.019999999902211 ] } },
{ "type": "Feature", "properties": { "node_id": 354, "node_type": "Outlet", "name": "", "subnetwork_id": null, "source_priority": null, "cyclic_time": false, "meta_categorie": null, "meta_waterbeheerder": null, "meta_node_id": 354.0, "meta_old_node_id": null, "meta_couple_authority": null }, "geometry": { "type": "Point", "coordinates": [ 111587.859088894751039, 506967.362775330489967 ] } },
{ "type": "Feature", "properties": { "node_id": 355, "node_type": "Outlet", "name": "", "subnetwork_id": null, "source_priority": null, "cyclic_time": false, "meta_categorie": null, "meta_waterbeheerder": null, "meta_node_id": 355.0, "meta_old_node_id": null, "meta_couple_authority": null }, "geometry": { "type": "Point", "coordinates": [ 114957.752999998687301, 512575.5 ] } },
{ "type": "Feature", "properties": { "node_id": 356, "node_type": "Outlet", "name": "", "subnetwork_id": null, "source_priority": null, "cyclic_time": false, "meta_categorie": null, "meta_waterbeheerder": null, "meta_node_id": 356.0, "meta_old_node_id": null, "meta_couple_authority": null }, "geometry": { "type": "Point", "coordinates": [ 129790.631000000794302, 493685.315699998347554 ] } },
{ "type": "Feature", "properties": { "node_id": 357, "node_type": "Outlet", "name": "", "subnetwork_id": null, "source_priority": null, "cyclic_time": false, "meta_categorie": null, "meta_waterbeheerder": null, "meta_node_id": 357.0, "meta_old_node_id": null, "meta_couple_authority": null }, "geometry": { "type": "Point", "coordinates": [ 107298.39799999751267, 518606.61400000093272 ] } },
{ "type": "Feature", "properties": { "node_id": 358, "node_type": "Outlet", "name": "", "subnetwork_id": null, "source_priority": null, "cyclic_time": false, "meta_categorie": null, "meta_waterbeheerder": null, "meta_node_id": 358.0, "meta_old_node_id": null, "meta_couple_authority": null }, "geometry": { "type": "Point", "coordinates": [ 108820.56996231393714, 506719.670844038075302 ] } },
{ "type": "Feature", "properties": { "node_id": 359, "node_type": "Pump", "name": "Rijperweg", "subnetwork_id": null, "source_priority": null, "cyclic_time": false, "meta_categorie": null, "meta_waterbeheerder": null, "meta_node_id": 359.0, "meta_old_node_id": null, "meta_couple_authority": null }, "geometry": { "type": "Point", "coordinates": [ 131221.51599999924656, 492976.572000000916887 ] } },
{ "type": "Feature", "properties": { "node_id": 360, "node_type": "Outlet", "name": "", "subnetwork_id": null, "source_priority": null, "cyclic_time": false, "meta_categorie": null, "meta_waterbeheerder": null, "meta_node_id": 360.0, "meta_old_node_id": null, "meta_couple_authority": null }, "geometry": { "type": "Point", "coordinates": [ 129479.670999999623746, 504484.169000000576489 ] } },
{ "type": "Feature", "properties": { "node_id": 361, "node_type": "Pump", "name": "Damlander", "subnetwork_id": null, "source_priority": null, "cyclic_time": false, "meta_categorie": null, "meta_waterbeheerder": null, "meta_node_id": 361.0, "meta_old_node_id": null, "meta_couple_authority": null }, "geometry": { "type": "Point", "coordinates": [ 108120.230999999257619, 519319.285999999148771 ] } },
{ "type": "Feature", "properties": { "node_id": 362, "node_type": "Pump", "name": "Veerdijk Noord", "subnetwork_id": null, "source_priority": null, "cyclic_time": false, "meta_categorie": null, "meta_waterbeheerder": null, "meta_node_id": 362.0, "meta_old_node_id": null, "meta_couple_authority": null }, "geometry": { "type": "Point", "coordinates": [ 114800.489999997007544, 500956.220000001252629 ] } },
{ "type": "Feature", "properties": { "node_id": 363, "node_type": "Pump", "name": "Liergouw", "subnetwork_id": null, "source_priority": null, "cyclic_time": false, "meta_categorie": null, "meta_waterbeheerder": null, "meta_node_id": 363.0, "meta_old_node_id": null, "meta_couple_authority": null }, "geometry": { "type": "Point", "coordinates": [ 128399.326999999786494, 489135.146999999938998 ] } },
{ "type": "Feature", "properties": { "node_id": 364, "node_type": "Pump", "name": "Waterberging 't Hoekje", "subnetwork_id": null, "source_priority": null, "cyclic_time": false, "meta_categorie": null, "meta_waterbeheerder": null, "meta_node_id": 364.0, "meta_old_node_id": null, "meta_couple_authority": null }, "geometry": { "type": "Point", "coordinates": [ 112040.993700002043624, 540252.430100001511164 ] } },
{ "type": "Feature", "properties": { "node_id": 368, "node_type": "Pump", "name": "Purmer Zuid", "subnetwork_id": null, "source_priority": null, "cyclic_time": false, "meta_categorie": null, "meta_waterbeheerder": null, "meta_node_id": 368.0, "meta_old_node_id": null, "meta_couple_authority": null }, "geometry": { "type": "Point", "coordinates": [ 128829.264000000956003, 497846.672999996400904 ] } },
{ "type": "Feature", "properties": { "node_id": 369, "node_type": "Outlet", "name": "", "subnetwork_id": null, "source_priority": null, "cyclic_time": false, "meta_categorie": null, "meta_waterbeheerder": null, "meta_node_id": 369.0, "meta_old_node_id": null, "meta_couple_authority": null }, "geometry": { "type": "Point", "coordinates": [ 104694.486999999455293, 527300.162999998778105 ] } },
{ "type": "Feature", "properties": { "node_id": 370, "node_type": "Pump", "name": "Obdammermolen", "subnetwork_id": null, "source_priority": null, "cyclic_time": false, "meta_categorie": null, "meta_waterbeheerder": null, "meta_node_id": 370.0, "meta_old_node_id": null, "meta_couple_authority": null }, "geometry": { "type": "Point", "coordinates": [ 121376.892000002873829, 521769.289000002492685 ] } },
{ "type": "Feature", "properties": { "node_id": 371, "node_type": "Outlet", "name": "", "subnetwork_id": null, "source_priority": null, "cyclic_time": false, "meta_categorie": null, "meta_waterbeheerder": null, "meta_node_id": 371.0, "meta_old_node_id": null, "meta_couple_authority": null }, "geometry": { "type": "Point", "coordinates": [ 120445.953999999983353, 516442.863800000282936 ] } },
{ "type": "Feature", "properties": { "node_id": 372, "node_type": "Pump", "name": "De Woudaap (gemaal)", "subnetwork_id": null, "source_priority": null, "cyclic_time": false, "meta_categorie": null, "meta_waterbeheerder": null, "meta_node_id": 372.0, "meta_old_node_id": null, "meta_couple_authority": null }, "geometry": { "type": "Point", "coordinates": [ 113433.77399999993213, 503650.717999999702442 ] } },
{ "type": "Feature", "properties": { "node_id": 373, "node_type": "Pump", "name": "Floriskoog", "subnetwork_id": null, "source_priority": null, "cyclic_time": false, "meta_categorie": null, "meta_waterbeheerder": null, "meta_node_id": 373.0, "meta_old_node_id": null, "meta_couple_authority": null }, "geometry": { "type": "Point", "coordinates": [ 129972.30000000068685, 512020.649000000208616 ] } },
{ "type": "Feature", "properties": { "node_id": 375, "node_type": "Pump", "name": "NM-Noord", "subnetwork_id": null, "source_priority": null, "cyclic_time": false, "meta_categorie": null, "meta_waterbeheerder": null, "meta_node_id": 375.0, "meta_old_node_id": null, "meta_couple_authority": null }, "geometry": { "type": "Point", "coordinates": [ 109246.146000000371714, 534835.43600000126753 ] } },
{ "type": "Feature", "properties": { "node_id": 376, "node_type": "Outlet", "name": "", "subnetwork_id": null, "source_priority": null, "cyclic_time": false, "meta_categorie": null, "meta_waterbeheerder": null, "meta_node_id": 376.0, "meta_old_node_id": null, "meta_couple_authority": null }, "geometry": { "type": "Point", "coordinates": [ 128585.3140000004787, 499254.272000002034474 ] } },
{ "type": "Feature", "properties": { "node_id": 377, "node_type": "Outlet", "name": "", "subnetwork_id": null, "source_priority": null, "cyclic_time": false, "meta_categorie": null, "meta_waterbeheerder": null, "meta_node_id": 377.0, "meta_old_node_id": null, "meta_couple_authority": null }, "geometry": { "type": "Point", "coordinates": [ 131962.800000002112938, 495121.107000002928544 ] } },
{ "type": "Feature", "properties": { "node_id": 378, "node_type": "Pump", "name": "KGM-A-8812", "subnetwork_id": null, "source_priority": null, "cyclic_time": false, "meta_categorie": null, "meta_waterbeheerder": null, "meta_node_id": 378.0, "meta_old_node_id": null, "meta_couple_authority": null }, "geometry": { "type": "Point", "coordinates": [ 136264.44379999890225, 526879.334800001000986 ] } },
{ "type": "Feature", "properties": { "node_id": 380, "node_type": "Outlet", "name": "", "subnetwork_id": null, "source_priority": null, "cyclic_time": false, "meta_categorie": null, "meta_waterbeheerder": null, "meta_node_id": 380.0, "meta_old_node_id": null, "meta_couple_authority": null }, "geometry": { "type": "Point", "coordinates": [ 118065.89299999922514, 527431.914099998772144 ] } },
{ "type": "Feature", "properties": { "node_id": 382, "node_type": "Outlet", "name": "", "subnetwork_id": null, "source_priority": null, "cyclic_time": false, "meta_categorie": null, "meta_waterbeheerder": null, "meta_node_id": 382.0, "meta_old_node_id": null, "meta_couple_authority": null }, "geometry": { "type": "Point", "coordinates": [ 116579.585999999326305, 523442.877000000386033 ] } },
{ "type": "Feature", "properties": { "node_id": 384, "node_type": "Pump", "name": "Beatrix", "subnetwork_id": null, "source_priority": null, "cyclic_time": false, "meta_categorie": null, "meta_waterbeheerder": null, "meta_node_id": 384.0, "meta_old_node_id": null, "meta_couple_authority": null }, "geometry": { "type": "Point", "coordinates": [ 120877.41500000875385, 513383.197999999800231 ] } },
{ "type": "Feature", "properties": { "node_id": 385, "node_type": "Outlet", "name": "", "subnetwork_id": null, "source_priority": null, "cyclic_time": false, "meta_categorie": null, "meta_waterbeheerder": null, "meta_node_id": 385.0, "meta_old_node_id": null, "meta_couple_authority": null }, "geometry": { "type": "Point", "coordinates": [ 141961.732999998988817, 520788.002999998803716 ] } },
{ "type": "Feature", "properties": { "node_id": 386, "node_type": "Pump", "name": "KGM-M-4265", "subnetwork_id": null, "source_priority": null, "cyclic_time": false, "meta_categorie": null, "meta_waterbeheerder": null, "meta_node_id": 386.0, "meta_old_node_id": null, "meta_couple_authority": null }, "geometry": { "type": "Point", "coordinates": [ 113877.199400001409231, 539332.275699998368509 ] } },
{ "type": "Feature", "properties": { "node_id": 387, "node_type": "Outlet", "name": "", "subnetwork_id": null, "source_priority": null, "cyclic_time": false, "meta_categorie": null, "meta_waterbeheerder": null, "meta_node_id": 387.0, "meta_old_node_id": null, "meta_couple_authority": null }, "geometry": { "type": "Point", "coordinates": [ 115319.414999998945859, 508088.741999998048414 ] } },
{ "type": "Feature", "properties": { "node_id": 389, "node_type": "Outlet", "name": "", "subnetwork_id": null, "source_priority": null, "cyclic_time": false, "meta_categorie": null, "meta_waterbeheerder": null, "meta_node_id": 389.0, "meta_old_node_id": null, "meta_couple_authority": null }, "geometry": { "type": "Point", "coordinates": [ 123229.144000002968824, 523428.349000002490357 ] } },
{ "type": "Feature", "properties": { "node_id": 390, "node_type": "Outlet", "name": "", "subnetwork_id": null, "source_priority": null, "cyclic_time": false, "meta_categorie": null, "meta_waterbeheerder": null, "meta_node_id": 390.0, "meta_old_node_id": null, "meta_couple_authority": null }, "geometry": { "type": "Point", "coordinates": [ 113596.831500000553206, 506690.807700001751073 ] } },
{ "type": "Feature", "properties": { "node_id": 391, "node_type": "Pump", "name": "Westeinde", "subnetwork_id": null, "source_priority": null, "cyclic_time": false, "meta_categorie": null, "meta_waterbeheerder": null, "meta_node_id": 391.0, "meta_old_node_id": null, "meta_couple_authority": null }, "geometry": { "type": "Point", "coordinates": [ 113751.155299998950795, 544114.202799998573028 ] } },
{ "type": "Feature", "properties": { "node_id": 392, "node_type": "Pump", "name": "NS", "subnetwork_id": null, "source_priority": null, "cyclic_time": false, "meta_categorie": null, "meta_waterbeheerder": null, "meta_node_id": 392.0, "meta_old_node_id": null, "meta_couple_authority": null }, "geometry": { "type": "Point", "coordinates": [ 110078.70699999993667, 535498.412000000942498 ] } },
{ "type": "Feature", "properties": { "node_id": 393, "node_type": "Outlet", "name": "", "subnetwork_id": null, "source_priority": null, "cyclic_time": false, "meta_categorie": null, "meta_waterbeheerder": null, "meta_node_id": 393.0, "meta_old_node_id": null, "meta_couple_authority": null }, "geometry": { "type": "Point", "coordinates": [ 112441.888000001039472, 496819.678000001702458 ] } },
{ "type": "Feature", "properties": { "node_id": 394, "node_type": "Outlet", "name": "", "subnetwork_id": null, "source_priority": null, "cyclic_time": false, "meta_categorie": null, "meta_waterbeheerder": null, "meta_node_id": 394.0, "meta_old_node_id": null, "meta_couple_authority": null }, "geometry": { "type": "Point", "coordinates": [ 106383.136999998328974, 530357.899999998277053 ] } },
{ "type": "Feature", "properties": { "node_id": 395, "node_type": "Outlet", "name": "", "subnetwork_id": null, "source_priority": null, "cyclic_time": false, "meta_categorie": null, "meta_waterbeheerder": null, "meta_node_id": 395.0, "meta_old_node_id": null, "meta_couple_authority": null }, "geometry": { "type": "Point", "coordinates": [ 113782.426199998662923, 535972.181500000064261 ] } },
{ "type": "Feature", "properties": { "node_id": 396, "node_type": "Pump", "name": "Molen D", "subnetwork_id": null, "source_priority": null, "cyclic_time": false, "meta_categorie": null, "meta_waterbeheerder": null, "meta_node_id": 396.0, "meta_old_node_id": null, "meta_couple_authority": null }, "geometry": { "type": "Point", "coordinates": [ 113782.426199998662923, 535972.181500000064261 ] } },
{ "type": "Feature", "properties": { "node_id": 397, "node_type": "Pump", "name": "De Leijen, Leyenpolder", "subnetwork_id": null, "source_priority": null, "cyclic_time": false, "meta_categorie": null, "meta_waterbeheerder": null, "meta_node_id": 397.0, "meta_old_node_id": null, "meta_couple_authority": null }, "geometry": { "type": "Point", "coordinates": [ 120603.813999997481005, 526877.776000000652857 ] } },
{ "type": "Feature", "properties": { "node_id": 398, "node_type": "Outlet", "name": "", "subnetwork_id": null, "source_priority": null, "cyclic_time": false, "meta_categorie": null, "meta_waterbeheerder": null, "meta_node_id": 398.0, "meta_old_node_id": null, "meta_couple_authority": null }, "geometry": { "type": "Point", "coordinates": [ 108743.153000001475448, 529172.468999999342486 ] } },
{ "type": "Feature", "properties": { "node_id": 399, "node_type": "Outlet", "name": "", "subnetwork_id": null, "source_priority": null, "cyclic_time": false, "meta_categorie": null, "meta_waterbeheerder": null, "meta_node_id": 399.0, "meta_old_node_id": null, "meta_couple_authority": null }, "geometry": { "type": "Point", "coordinates": [ 110453.582999999984168, 518977.384000000485685 ] } },
{ "type": "Feature", "properties": { "node_id": 400, "node_type": "Pump", "name": "Vennewaterspolder", "subnetwork_id": null, "source_priority": null, "cyclic_time": false, "meta_categorie": null, "meta_waterbeheerder": null, "meta_node_id": 400.0, "meta_old_node_id": null, "meta_couple_authority": null }, "geometry": { "type": "Point", "coordinates": [ 106412.717999998523737, 512240.077 ] } },
{ "type": "Feature", "properties": { "node_id": 401, "node_type": "Pump", "name": "Aagtdorperpolder", "subnetwork_id": null, "source_priority": null, "cyclic_time": false, "meta_categorie": null, "meta_waterbeheerder": null, "meta_node_id": 401.0, "meta_old_node_id": null, "meta_couple_authority": null }, "geometry": { "type": "Point", "coordinates": [ 109779.883000000889297, 523465.509000000194646 ] } },
{ "type": "Feature", "properties": { "node_id": 402, "node_type": "Outlet", "name": "", "subnetwork_id": null, "source_priority": null, "cyclic_time": false, "meta_categorie": null, "meta_waterbeheerder": null, "meta_node_id": 402.0, "meta_old_node_id": null, "meta_couple_authority": null }, "geometry": { "type": "Point", "coordinates": [ 128429.690000002738088, 494701.822999999509193 ] } },
{ "type": "Feature", "properties": { "node_id": 403, "node_type": "Outlet", "name": "", "subnetwork_id": null, "source_priority": null, "cyclic_time": false, "meta_categorie": null, "meta_waterbeheerder": null, "meta_node_id": 403.0, "meta_old_node_id": null, "meta_couple_authority": null }, "geometry": { "type": "Point", "coordinates": [ 107305.773200002149679, 530012.811200001626275 ] } },
{ "type": "Feature", "properties": { "node_id": 404, "node_type": "Outlet", "name": "", "subnetwork_id": null, "source_priority": null, "cyclic_time": false, "meta_categorie": null, "meta_waterbeheerder": null, "meta_node_id": 404.0, "meta_old_node_id": null, "meta_couple_authority": null }, "geometry": { "type": "Point", "coordinates": [ 115184.293000001402106, 512481.432999998272862 ] } },
{ "type": "Feature", "properties": { "node_id": 406, "node_type": "Pump", "name": "Wogmeer Beneden", "subnetwork_id": null, "source_priority": null, "cyclic_time": false, "meta_categorie": null, "meta_waterbeheerder": null, "meta_node_id": 406.0, "meta_old_node_id": null, "meta_couple_authority": null }, "geometry": { "type": "Point", "coordinates": [ 121734.402500000229338, 517649.049099999945611 ] } },
{ "type": "Feature", "properties": { "node_id": 407, "node_type": "Outlet", "name": "", "subnetwork_id": null, "source_priority": null, "cyclic_time": false, "meta_categorie": null, "meta_waterbeheerder": null, "meta_node_id": 407.0, "meta_old_node_id": null, "meta_couple_authority": null }, "geometry": { "type": "Point", "coordinates": [ 126802.443399998373934, 521596.796300001675263 ] } },
{ "type": "Feature", "properties": { "node_id": 409, "node_type": "Outlet", "name": "", "subnetwork_id": null, "source_priority": null, "cyclic_time": false, "meta_categorie": null, "meta_waterbeheerder": null, "meta_node_id": 409.0, "meta_old_node_id": null, "meta_couple_authority": null }, "geometry": { "type": "Point", "coordinates": [ 124060.231999997922685, 524890.375000000814907 ] } },
{ "type": "Feature", "properties": { "node_id": 410, "node_type": "Outlet", "name": "", "subnetwork_id": null, "source_priority": null, "cyclic_time": false, "meta_categorie": null, "meta_waterbeheerder": null, "meta_node_id": 410.0, "meta_old_node_id": null, "meta_couple_authority": null }, "geometry": { "type": "Point", "coordinates": [ 136888.221000000397908, 530331.232999999425374 ] } },
{ "type": "Feature", "properties": { "node_id": 411, "node_type": "Outlet", "name": "", "subnetwork_id": null, "source_priority": null, "cyclic_time": false, "meta_categorie": null, "meta_waterbeheerder": null, "meta_node_id": 411.0, "meta_old_node_id": null, "meta_couple_authority": null }, "geometry": { "type": "Point", "coordinates": [ 106710.096000000325148, 515523.064000000769738 ] } },
{ "type": "Feature", "properties": { "node_id": 412, "node_type": "Outlet", "name": "", "subnetwork_id": null, "source_priority": null, "cyclic_time": false, "meta_categorie": null, "meta_waterbeheerder": null, "meta_node_id": 412.0, "meta_old_node_id": null, "meta_couple_authority": null }, "geometry": { "type": "Point", "coordinates": [ 112679.164999998902204, 559309.901999998954125 ] } },
{ "type": "Feature", "properties": { "node_id": 413, "node_type": "Pump", "name": "KGM-JL-2145", "subnetwork_id": null, "source_priority": null, "cyclic_time": false, "meta_categorie": null, "meta_waterbeheerder": null, "meta_node_id": 413.0, "meta_old_node_id": null, "meta_couple_authority": null }, "geometry": { "type": "Point", "coordinates": [ 113308.943999998300569, 541430.339000001549721 ] } },
{ "type": "Feature", "properties": { "node_id": 414, "node_type": "Outlet", "name": "", "subnetwork_id": null, "source_priority": null, "cyclic_time": false, "meta_categorie": null, "meta_waterbeheerder": null, "meta_node_id": 414.0, "meta_old_node_id": null, "meta_couple_authority": null }, "geometry": { "type": "Point", "coordinates": [ 108784.928600003826432, 536134.51550000149291 ] } },
{ "type": "Feature", "properties": { "node_id": 415, "node_type": "Pump", "name": "Ondermolen C", "subnetwork_id": null, "source_priority": null, "cyclic_time": false, "meta_categorie": null, "meta_waterbeheerder": null, "meta_node_id": 415.0, "meta_old_node_id": null, "meta_couple_authority": null }, "geometry": { "type": "Point", "coordinates": [ 120050.708000000508036, 512685.335999999602791 ] } },
{ "type": "Feature", "properties": { "node_id": 416, "node_type": "Outlet", "name": "", "subnetwork_id": null, "source_priority": null, "cyclic_time": false, "meta_categorie": null, "meta_waterbeheerder": null, "meta_node_id": 416.0, "meta_old_node_id": null, "meta_couple_authority": null }, "geometry": { "type": "Point", "coordinates": [ 116244.019000003230758, 538511.136000002385117 ] } },
{ "type": "Feature", "properties": { "node_id": 417, "node_type": "Outlet", "name": "", "subnetwork_id": null, "source_priority": null, "cyclic_time": false, "meta_categorie": null, "meta_waterbeheerder": null, "meta_node_id": 417.0, "meta_old_node_id": null, "meta_couple_authority": null }, "geometry": { "type": "Point", "coordinates": [ 117643.905400002986426, 530336.27589999884367 ] } },
{ "type": "Feature", "properties": { "node_id": 418, "node_type": "Outlet", "name": "", "subnetwork_id": null, "source_priority": null, "cyclic_time": false, "meta_categorie": null, "meta_waterbeheerder": null, "meta_node_id": 418.0, "meta_old_node_id": null, "meta_couple_authority": null }, "geometry": { "type": "Point", "coordinates": [ 129755.157999999559252, 548376.458000001381151 ] } },
{ "type": "Feature", "properties": { "node_id": 419, "node_type": "Pump", "name": "Rijperweg", "subnetwork_id": null, "source_priority": null, "cyclic_time": false, "meta_categorie": null, "meta_waterbeheerder": null, "meta_node_id": 419.0, "meta_old_node_id": null, "meta_couple_authority": null }, "geometry": { "type": "Point", "coordinates": [ 131207.993000000860775, 492999.883999999670777 ] } },
{ "type": "Feature", "properties": { "node_id": 420, "node_type": "Outlet", "name": "", "subnetwork_id": null, "source_priority": null, "cyclic_time": false, "meta_categorie": null, "meta_waterbeheerder": null, "meta_node_id": 420.0, "meta_old_node_id": null, "meta_couple_authority": null }, "geometry": { "type": "Point", "coordinates": [ 124389.721000001372886, 502758.912999998079613 ] } },
{ "type": "Feature", "properties": { "node_id": 421, "node_type": "Pump", "name": "KGM-Q-25188", "subnetwork_id": null, "source_priority": null, "cyclic_time": false, "meta_categorie": null, "meta_waterbeheerder": null, "meta_node_id": 421.0, "meta_old_node_id": null, "meta_couple_authority": null }, "geometry": { "type": "Point", "coordinates": [ 112579.022999997629086, 541113.786999999894761 ] } },
{ "type": "Feature", "properties": { "node_id": 422, "node_type": "Outlet", "name": "", "subnetwork_id": null, "source_priority": null, "cyclic_time": false, "meta_categorie": null, "meta_waterbeheerder": null, "meta_node_id": 422.0, "meta_old_node_id": null, "meta_couple_authority": null }, "geometry": { "type": "Point", "coordinates": [ 105198.252000000415137, 508471.078000001667533 ] } },
{ "type": "Feature", "properties": { "node_id": 423, "node_type": "Outlet", "name": "", "subnetwork_id": null, "source_priority": null, "cyclic_time": false, "meta_categorie": null, "meta_waterbeheerder": null, "meta_node_id": 423.0, "meta_old_node_id": null, "meta_couple_authority": null }, "geometry": { "type": "Point", "coordinates": [ 105853.809999998877174, 515201.629999999247957 ] } },
{ "type": "Feature", "properties": { "node_id": 424, "node_type": "Pump", "name": "KGM-Q-24973", "subnetwork_id": null, "source_priority": null, "cyclic_time": false, "meta_categorie": null, "meta_waterbeheerder": null, "meta_node_id": 424.0, "meta_old_node_id": null, "meta_couple_authority": null }, "geometry": { "type": "Point", "coordinates": [ 109257.471000000834465, 534859.162999998778105 ] } },
{ "type": "Feature", "properties": { "node_id": 425, "node_type": "Outlet", "name": "", "subnetwork_id": null, "source_priority": null, "cyclic_time": false, "meta_categorie": null, "meta_waterbeheerder": null, "meta_node_id": 425.0, "meta_old_node_id": null, "meta_couple_authority": null }, "geometry": { "type": "Point", "coordinates": [ 112221.962999999785097, 534877.374000002397224 ] } },
{ "type": "Feature", "properties": { "node_id": 426, "node_type": "Outlet", "name": "", "subnetwork_id": null, "source_priority": null, "cyclic_time": false, "meta_categorie": null, "meta_waterbeheerder": null, "meta_node_id": 426.0, "meta_old_node_id": null, "meta_couple_authority": null }, "geometry": { "type": "Point", "coordinates": [ 129934.065999998987536, 498236.547699999646284 ] } },
{ "type": "Feature", "properties": { "node_id": 427, "node_type": "Outlet", "name": "", "subnetwork_id": null, "source_priority": null, "cyclic_time": false, "meta_categorie": null, "meta_waterbeheerder": null, "meta_node_id": 427.0, "meta_old_node_id": null, "meta_couple_authority": null }, "geometry": { "type": "Point", "coordinates": [ 130377.715999999418273, 491054.750000000116415 ] } },
{ "type": "Feature", "properties": { "node_id": 428, "node_type": "Pump", "name": "KGM-M-3505", "subnetwork_id": null, "source_priority": null, "cyclic_time": false, "meta_categorie": null, "meta_waterbeheerder": null, "meta_node_id": 428.0, "meta_old_node_id": null, "meta_couple_authority": null }, "geometry": { "type": "Point", "coordinates": [ 112247.649900000484195, 496096.88709999981802 ] } },
{ "type": "Feature", "properties": { "node_id": 429, "node_type": "Pump", "name": "Lely (afdeling 3)", "subnetwork_id": null, "source_priority": null, "cyclic_time": false, "meta_categorie": null, "meta_waterbeheerder": null, "meta_node_id": 429.0, "meta_old_node_id": null, "meta_couple_authority": null }, "geometry": { "type": "Point", "coordinates": [ 135848.649300001765369, 532151.353800000739284 ] } },
{ "type": "Feature", "properties": { "node_id": 430, "node_type": "Outlet", "name": "", "subnetwork_id": null, "source_priority": null, "cyclic_time": false, "meta_categorie": null, "meta_waterbeheerder": null, "meta_node_id": 430.0, "meta_old_node_id": null, "meta_couple_authority": null }, "geometry": { "type": "Point", "coordinates": [ 122752.978999998449581, 519456.56799999991199 ] } },
{ "type": "Feature", "properties": { "node_id": 431, "node_type": "Pump", "name": "Grootslag", "subnetwork_id": null, "source_priority": null, "cyclic_time": false, "meta_categorie": null, "meta_waterbeheerder": null, "meta_node_id": 431.0, "meta_old_node_id": null, "meta_couple_authority": null }, "geometry": { "type": "Point", "coordinates": [ 141491.143000000738539, 528868.731000000028871 ] } },
{ "type": "Feature", "properties": { "node_id": 432, "node_type": "Outlet", "name": "", "subnetwork_id": null, "source_priority": null, "cyclic_time": false, "meta_categorie": null, "meta_waterbeheerder": null, "meta_node_id": 432.0, "meta_old_node_id": null, "meta_couple_authority": null }, "geometry": { "type": "Point", "coordinates": [ 128983.357700002190541, 546080.17029999976512 ] } },
{ "type": "Feature", "properties": { "node_id": 433, "node_type": "Outlet", "name": "", "subnetwork_id": null, "source_priority": null, "cyclic_time": false, "meta_categorie": null, "meta_waterbeheerder": null, "meta_node_id": 433.0, "meta_old_node_id": null, "meta_couple_authority": null }, "geometry": { "type": "Point", "coordinates": [ 138983.245000001450535, 526383.201000002562068 ] } },
{ "type": "Feature", "properties": { "node_id": 434, "node_type": "Outlet", "name": "", "subnetwork_id": null, "source_priority": null, "cyclic_time": false, "meta_categorie": null, "meta_waterbeheerder": null, "meta_node_id": 434.0, "meta_old_node_id": null, "meta_couple_authority": null }, "geometry": { "type": "Point", "coordinates": [ 124812.221000001940411, 523798.101000000839122 ] } },
{ "type": "Feature", "properties": { "node_id": 436, "node_type": "Outlet", "name": "", "subnetwork_id": null, "source_priority": null, "cyclic_time": false, "meta_categorie": null, "meta_waterbeheerder": null, "meta_node_id": 436.0, "meta_old_node_id": null, "meta_couple_authority": null }, "geometry": { "type": "Point", "coordinates": [ 127018.491000001435168, 544916.554000001284294 ] } },
{ "type": "Feature", "properties": { "node_id": 437, "node_type": "Pump", "name": "KGM-JL-2026", "subnetwork_id": null, "source_priority": null, "cyclic_time": false, "meta_categorie": null, "meta_waterbeheerder": null, "meta_node_id": 437.0, "meta_old_node_id": null, "meta_couple_authority": null }, "geometry": { "type": "Point", "coordinates": [ 108583.828000001885812, 534780.968000001623295 ] } },
{ "type": "Feature", "properties": { "node_id": 438, "node_type": "Pump", "name": "Overwhere", "subnetwork_id": null, "source_priority": null, "cyclic_time": false, "meta_categorie": null, "meta_waterbeheerder": null, "meta_node_id": 438.0, "meta_old_node_id": null, "meta_couple_authority": null }, "geometry": { "type": "Point", "coordinates": [ 126427.188000000576722, 502027.590999997919425 ] } },
{ "type": "Feature", "properties": { "node_id": 439, "node_type": "Outlet", "name": "", "subnetwork_id": null, "source_priority": null, "cyclic_time": false, "meta_categorie": null, "meta_waterbeheerder": null, "meta_node_id": 439.0, "meta_old_node_id": null, "meta_couple_authority": null }, "geometry": { "type": "Point", "coordinates": [ 105918.118999999423977, 515750.028999998932704 ] } },
{ "type": "Feature", "properties": { "node_id": 440, "node_type": "Outlet", "name": "", "subnetwork_id": null, "source_priority": null, "cyclic_time": false, "meta_categorie": null, "meta_waterbeheerder": null, "meta_node_id": 440.0, "meta_old_node_id": null, "meta_couple_authority": null }, "geometry": { "type": "Point", "coordinates": [ 129541.271000000968343, 511762.475000001606531 ] } },
{ "type": "Feature", "properties": { "node_id": 441, "node_type": "Outlet", "name": "", "subnetwork_id": null, "source_priority": null, "cyclic_time": false, "meta_categorie": null, "meta_waterbeheerder": null, "meta_node_id": 441.0, "meta_old_node_id": null, "meta_couple_authority": null }, "geometry": { "type": "Point", "coordinates": [ 118588.050000001225271, 510887.212999999697786 ] } },
{ "type": "Feature", "properties": { "node_id": 443, "node_type": "Outlet", "name": "", "subnetwork_id": null, "source_priority": null, "cyclic_time": false, "meta_categorie": null, "meta_waterbeheerder": null, "meta_node_id": 443.0, "meta_old_node_id": null, "meta_couple_authority": null }, "geometry": { "type": "Point", "coordinates": [ 119705.40700000358629, 532210.833000003476627 ] } },
{ "type": "Feature", "properties": { "node_id": 444, "node_type": "Pump", "name": "Van Beekstraat", "subnetwork_id": null, "source_priority": null, "cyclic_time": false, "meta_categorie": null, "meta_waterbeheerder": null, "meta_node_id": 444.0, "meta_old_node_id": null, "meta_couple_authority": null }, "geometry": { "type": "Point", "coordinates": [ 125062.762877215980552, 492744.325049668143038 ] } },
{ "type": "Feature", "properties": { "node_id": 445, "node_type": "Outlet", "name": "", "subnetwork_id": null, "source_priority": null, "cyclic_time": false, "meta_categorie": null, "meta_waterbeheerder": null, "meta_node_id": 445.0, "meta_old_node_id": null, "meta_couple_authority": null }, "geometry": { "type": "Point", "coordinates": [ 109540.7582000001712, 519430.544899998931214 ] } },
{ "type": "Feature", "properties": { "node_id": 446, "node_type": "Outlet", "name": "", "subnetwork_id": null, "source_priority": null, "cyclic_time": false, "meta_categorie": null, "meta_waterbeheerder": null, "meta_node_id": 446.0, "meta_old_node_id": null, "meta_couple_authority": null }, "geometry": { "type": "Point", "coordinates": [ 114202.445999998642947, 532110.616999998688698 ] } },
{ "type": "Feature", "properties": { "node_id": 448, "node_type": "Pump", "name": "D", "subnetwork_id": null, "source_priority": null, "cyclic_time": false, "meta_categorie": null, "meta_waterbeheerder": null, "meta_node_id": 448.0, "meta_old_node_id": null, "meta_couple_authority": null }, "geometry": { "type": "Point", "coordinates": [ 113021.820799998982693, 535426.991600000066683 ] } },
{ "type": "Feature", "properties": { "node_id": 449, "node_type": "Outlet", "name": "", "subnetwork_id": null, "source_priority": null, "cyclic_time": false, "meta_categorie": null, "meta_waterbeheerder": null, "meta_node_id": 449.0, "meta_old_node_id": null, "meta_couple_authority": null }, "geometry": { "type": "Point", "coordinates": [ 125599.173999999431544, 497578.324000001244713 ] } },
{ "type": "Feature", "properties": { "node_id": 450, "node_type": "Pump", "name": "KGM-Q-25052", "subnetwork_id": null, "source_priority": null, "cyclic_time": false, "meta_categorie": null, "meta_waterbeheerder": null, "meta_node_id": 450.0, "meta_old_node_id": null, "meta_couple_authority": null }, "geometry": { "type": "Point", "coordinates": [ 114388.970999999801279, 540316.744000000879169 ] } },
{ "type": "Feature", "properties": { "node_id": 451, "node_type": "Pump", "name": "Bovenmolen E", "subnetwork_id": null, "source_priority": null, "cyclic_time": false, "meta_categorie": null, "meta_waterbeheerder": null, "meta_node_id": 451.0, "meta_old_node_id": null, "meta_couple_authority": null }, "geometry": { "type": "Point", "coordinates": [ 120321.384100004725042, 512545.044599997112527 ] } },
{ "type": "Feature", "properties": { "node_id": 452, "node_type": "Pump", "name": "Groetermolen", "subnetwork_id": null, "source_priority": null, "cyclic_time": false, "meta_categorie": null, "meta_waterbeheerder": null, "meta_node_id": 452.0, "meta_old_node_id": null, "meta_couple_authority": null }, "geometry": { "type": "Point", "coordinates": [ 107204.82499999794527, 527755.739999998244457 ] } },
{ "type": "Feature", "properties": { "node_id": 453, "node_type": "Outlet", "name": "", "subnetwork_id": null, "source_priority": null, "cyclic_time": false, "meta_categorie": null, "meta_waterbeheerder": null, "meta_node_id": 453.0, "meta_old_node_id": null, "meta_couple_authority": null }, "geometry": { "type": "Point", "coordinates": [ 117187.35000000144646, 528856.245000001043081 ] } },
{ "type": "Feature", "properties": { "node_id": 454, "node_type": "Outlet", "name": "", "subnetwork_id": null, "source_priority": null, "cyclic_time": false, "meta_categorie": null, "meta_waterbeheerder": null, "meta_node_id": 454.0, "meta_old_node_id": null, "meta_couple_authority": null }, "geometry": { "type": "Point", "coordinates": [ 133842.660999998042826, 539262.965300001204014 ] } },
{ "type": "Feature", "properties": { "node_id": 455, "node_type": "Outlet", "name": "", "subnetwork_id": null, "source_priority": null, "cyclic_time": false, "meta_categorie": null, "meta_waterbeheerder": null, "meta_node_id": 455.0, "meta_old_node_id": null, "meta_couple_authority": null }, "geometry": { "type": "Point", "coordinates": [ 136523.171199999458622, 539013.020500002079643 ] } },
{ "type": "Feature", "properties": { "node_id": 456, "node_type": "Pump", "name": "Veenhuizen", "subnetwork_id": null, "source_priority": null, "cyclic_time": false, "meta_categorie": null, "meta_waterbeheerder": null, "meta_node_id": 456.0, "meta_old_node_id": null, "meta_couple_authority": null }, "geometry": { "type": "Point", "coordinates": [ 121469.113000002151239, 523219.046999998448882 ] } },
{ "type": "Feature", "properties": { "node_id": 458, "node_type": "Outlet", "name": "", "subnetwork_id": null, "source_priority": null, "cyclic_time": false, "meta_categorie": null, "meta_waterbeheerder": null, "meta_node_id": 458.0, "meta_old_node_id": null, "meta_couple_authority": null }, "geometry": { "type": "Point", "coordinates": [ 148350.304999999440042, 523894.07499999931315 ] } },
{ "type": "Feature", "properties": { "node_id": 459, "node_type": "Outlet", "name": "", "subnetwork_id": null, "source_priority": null, "cyclic_time": false, "meta_categorie": null, "meta_waterbeheerder": null, "meta_node_id": 459.0, "meta_old_node_id": null, "meta_couple_authority": null }, "geometry": { "type": "Point", "coordinates": [ 123720.530000001381268, 501809.041000000783242 ] } },
{ "type": "Feature", "properties": { "node_id": 461, "node_type": "Outlet", "name": "", "subnetwork_id": null, "source_priority": null, "cyclic_time": false, "meta_categorie": null, "meta_waterbeheerder": null, "meta_node_id": 461.0, "meta_old_node_id": null, "meta_couple_authority": null }, "geometry": { "type": "Point", "coordinates": [ 110920.365600001998246, 507476.057799999660347 ] } },
{ "type": "Feature", "properties": { "node_id": 462, "node_type": "Outlet", "name": "", "subnetwork_id": null, "source_priority": null, "cyclic_time": false, "meta_categorie": null, "meta_waterbeheerder": null, "meta_node_id": 462.0, "meta_old_node_id": null, "meta_couple_authority": null }, "geometry": { "type": "Point", "coordinates": [ 106299.001299999392359, 517658.708900001074653 ] } },
{ "type": "Feature", "properties": { "node_id": 463, "node_type": "Outlet", "name": "", "subnetwork_id": null, "source_priority": null, "cyclic_time": false, "meta_categorie": null, "meta_waterbeheerder": null, "meta_node_id": 463.0, "meta_old_node_id": null, "meta_couple_authority": null }, "geometry": { "type": "Point", "coordinates": [ 106792.516800001860247, 515501.105700000945944 ] } },
{ "type": "Feature", "properties": { "node_id": 464, "node_type": "Pump", "name": "Molenweg", "subnetwork_id": null, "source_priority": null, "cyclic_time": false, "meta_categorie": null, "meta_waterbeheerder": null, "meta_node_id": 464.0, "meta_old_node_id": null, "meta_couple_authority": null }, "geometry": { "type": "Point", "coordinates": [ 107493.863800000384799, 528937.485199999064207 ] } },
{ "type": "Feature", "properties": { "node_id": 465, "node_type": "Pump", "name": "Eendrachtspolder-Zuid", "subnetwork_id": null, "source_priority": null, "cyclic_time": false, "meta_categorie": null, "meta_waterbeheerder": null, "meta_node_id": 465.0, "meta_old_node_id": null, "meta_couple_authority": null }, "geometry": { "type": "Point", "coordinates": [ 109639.895899839699268, 515510.257100733346306 ] } },
{ "type": "Feature", "properties": { "node_id": 466, "node_type": "Pump", "name": "De Waker", "subnetwork_id": null, "source_priority": null, "cyclic_time": false, "meta_categorie": null, "meta_waterbeheerder": null, "meta_node_id": 466.0, "meta_old_node_id": null, "meta_couple_authority": null }, "geometry": { "type": "Point", "coordinates": [ 119311.253299999341834, 493701.298400001775008 ] } },
{ "type": "Feature", "properties": { "node_id": 467, "node_type": "Outlet", "name": "", "subnetwork_id": null, "source_priority": null, "cyclic_time": false, "meta_categorie": null, "meta_waterbeheerder": null, "meta_node_id": 467.0, "meta_old_node_id": null, "meta_couple_authority": null }, "geometry": { "type": "Point", "coordinates": [ 148440.160000000119908, 523857.785000000207219 ] } },
{ "type": "Feature", "properties": { "node_id": 468, "node_type": "Pump", "name": "<Null>", "subnetwork_id": null, "source_priority": null, "cyclic_time": false, "meta_categorie": null, "meta_waterbeheerder": null, "meta_node_id": 468.0, "meta_old_node_id": null, "meta_couple_authority": null }, "geometry": { "type": "Point", "coordinates": [ 117228.550999999060878, 499344.947000000625849 ] } },
{ "type": "Feature", "properties": { "node_id": 469, "node_type": "Outlet", "name": "", "subnetwork_id": null, "source_priority": null, "cyclic_time": false, "meta_categorie": null, "meta_waterbeheerder": null, "meta_node_id": 469.0, "meta_old_node_id": null, "meta_couple_authority": null }, "geometry": { "type": "Point", "coordinates": [ 121098.113154680293519, 524811.879659856203943 ] } },
{ "type": "Feature", "properties": { "node_id": 471, "node_type": "Outlet", "name": "", "subnetwork_id": null, "source_priority": null, "cyclic_time": false, "meta_categorie": null, "meta_waterbeheerder": null, "meta_node_id": 471.0, "meta_old_node_id": null, "meta_couple_authority": null }, "geometry": { "type": "Point", "coordinates": [ 118431.473999999143416, 525842.274999998277053 ] } },
{ "type": "Feature", "properties": { "node_id": 472, "node_type": "Outlet", "name": "", "subnetwork_id": null, "source_priority": null, "cyclic_time": false, "meta_categorie": null, "meta_waterbeheerder": null, "meta_node_id": 472.0, "meta_old_node_id": null, "meta_couple_authority": null }, "geometry": { "type": "Point", "coordinates": [ 126471.938000000329339, 496649.000000002153683 ] } },
{ "type": "Feature", "properties": { "node_id": 473, "node_type": "Pump", "name": "De Viaan", "subnetwork_id": null, "source_priority": null, "cyclic_time": false, "meta_categorie": null, "meta_waterbeheerder": null, "meta_node_id": 473.0, "meta_old_node_id": null, "meta_couple_authority": null }, "geometry": { "type": "Point", "coordinates": [ 110886.901000000420026, 518018.21400000131689 ] } },
{ "type": "Feature", "properties": { "node_id": 475, "node_type": "Pump", "name": "NG inlaat (vopo)", "subnetwork_id": null, "source_priority": null, "cyclic_time": false, "meta_categorie": null, "meta_waterbeheerder": null, "meta_node_id": 475.0, "meta_old_node_id": null, "meta_couple_authority": null }, "geometry": { "type": "Point", "coordinates": [ 109996.434999997902196, 533031.916000001481734 ] } },
{ "type": "Feature", "properties": { "node_id": 476, "node_type": "Outlet", "name": "", "subnetwork_id": null, "source_priority": null, "cyclic_time": false, "meta_categorie": null, "meta_waterbeheerder": null, "meta_node_id": 476.0, "meta_old_node_id": null, "meta_couple_authority": null }, "geometry": { "type": "Point", "coordinates": [ 118302.243999999147491, 531522.772999998065643 ] } },
{ "type": "Feature", "properties": { "node_id": 477, "node_type": "Pump", "name": "Valkkoog", "subnetwork_id": null, "source_priority": null, "cyclic_time": false, "meta_categorie": null, "meta_waterbeheerder": null, "meta_node_id": 477.0, "meta_old_node_id": null, "meta_couple_authority": null }, "geometry": { "type": "Point", "coordinates": [ 113684.369952673616353, 530452.230064766248688 ] } },
{ "type": "Feature", "properties": { "node_id": 479, "node_type": "Pump", "name": "Westerkogge (laag peil)", "subnetwork_id": null, "source_priority": null, "cyclic_time": false, "meta_categorie": null, "meta_waterbeheerder": null, "meta_node_id": 479.0, "meta_old_node_id": null, "meta_couple_authority": null }, "geometry": { "type": "Point", "coordinates": [ 129791.575800001664902, 515319.159700000600424 ] } },
{ "type": "Feature", "properties": { "node_id": 480, "node_type": "Outlet", "name": "", "subnetwork_id": null, "source_priority": null, "cyclic_time": false, "meta_categorie": null, "meta_waterbeheerder": null, "meta_node_id": 480.0, "meta_old_node_id": null, "meta_couple_authority": null }, "geometry": { "type": "Point", "coordinates": [ 108420.298999997059582, 530823.57700000051409 ] } },
{ "type": "Feature", "properties": { "node_id": 482, "node_type": "Pump", "name": "Klaas Hoorn- en Kijfpolder", "subnetwork_id": null, "source_priority": null, "cyclic_time": false, "meta_categorie": null, "meta_waterbeheerder": null, "meta_node_id": 482.0, "meta_old_node_id": null, "meta_couple_authority": null }, "geometry": { "type": "Point", "coordinates": [ 110893.549022292194422, 507910.166085537697654 ] } },
{ "type": "Feature", "properties": { "node_id": 483, "node_type": "Outlet", "name": "", "subnetwork_id": null, "source_priority": null, "cyclic_time": false, "meta_categorie": null, "meta_waterbeheerder": null, "meta_node_id": 483.0, "meta_old_node_id": null, "meta_couple_authority": null }, "geometry": { "type": "Point", "coordinates": [ 112167.310500385327032, 539241.600815696292557 ] } },
{ "type": "Feature", "properties": { "node_id": 484, "node_type": "Outlet", "name": "", "subnetwork_id": null, "source_priority": null, "cyclic_time": false, "meta_categorie": null, "meta_waterbeheerder": null, "meta_node_id": 484.0, "meta_old_node_id": null, "meta_couple_authority": null }, "geometry": { "type": "Point", "coordinates": [ 117940.940999999569613, 544042.146999998716637 ] } },
{ "type": "Feature", "properties": { "node_id": 485, "node_type": "Outlet", "name": "", "subnetwork_id": null, "source_priority": null, "cyclic_time": false, "meta_categorie": null, "meta_waterbeheerder": null, "meta_node_id": 485.0, "meta_old_node_id": null, "meta_couple_authority": null }, "geometry": { "type": "Point", "coordinates": [ 128367.593000000153552, 499384.643000002251938 ] } },
{ "type": "Feature", "properties": { "node_id": 486, "node_type": "Outlet", "name": "", "subnetwork_id": null, "source_priority": null, "cyclic_time": false, "meta_categorie": null, "meta_waterbeheerder": null, "meta_node_id": 486.0, "meta_old_node_id": null, "meta_couple_authority": null }, "geometry": { "type": "Point", "coordinates": [ 128238.293999999281368, 494014.805000000633299 ] } },
{ "type": "Feature", "properties": { "node_id": 489, "node_type": "Pump", "name": "Pieter Engel", "subnetwork_id": null, "source_priority": null, "cyclic_time": false, "meta_categorie": null, "meta_waterbeheerder": null, "meta_node_id": 489.0, "meta_old_node_id": null, "meta_couple_authority": null }, "geometry": { "type": "Point", "coordinates": [ 113123.995999999402557, 499980.548999999125954 ] } },
{ "type": "Feature", "properties": { "node_id": 490, "node_type": "Pump", "name": "Twiskemolen pomp", "subnetwork_id": null, "source_priority": null, "cyclic_time": false, "meta_categorie": null, "meta_waterbeheerder": null, "meta_node_id": 490.0, "meta_old_node_id": null, "meta_couple_authority": null }, "geometry": { "type": "Point", "coordinates": [ 121665.166999999404652, 494248.864999998360872 ] } },
{ "type": "Feature", "properties": { "node_id": 491, "node_type": "Outlet", "name": "", "subnetwork_id": null, "source_priority": null, "cyclic_time": false, "meta_categorie": null, "meta_waterbeheerder": null, "meta_node_id": 491.0, "meta_old_node_id": null, "meta_couple_authority": null }, "geometry": { "type": "Point", "coordinates": [ 111293.360000000524451, 552400.743000002577901 ] } },
{ "type": "Feature", "properties": { "node_id": 492, "node_type": "Pump", "name": "Groeterpolder", "subnetwork_id": null, "source_priority": null, "cyclic_time": false, "meta_categorie": null, "meta_waterbeheerder": null, "meta_node_id": 492.0, "meta_old_node_id": null, "meta_couple_authority": null }, "geometry": { "type": "Point", "coordinates": [ 107192.893699999724049, 527756.656900000176392 ] } },
{ "type": "Feature", "properties": { "node_id": 493, "node_type": "Pump", "name": "Beetskoog (oud elektrisch gemaal)", "subnetwork_id": null, "source_priority": null, "cyclic_time": false, "meta_categorie": null, "meta_waterbeheerder": null, "meta_node_id": 493.0, "meta_old_node_id": null, "meta_couple_authority": null }, "geometry": { "type": "Point", "coordinates": [ 128940.333999998896616, 512705.442800000309944 ] } },
{ "type": "Feature", "properties": { "node_id": 494, "node_type": "Pump", "name": "Overdie", "subnetwork_id": null, "source_priority": null, "cyclic_time": false, "meta_categorie": null, "meta_waterbeheerder": null, "meta_node_id": 494.0, "meta_old_node_id": null, "meta_couple_authority": null }, "geometry": { "type": "Point", "coordinates": [ 111766.372000002680579, 515122.532000001519918 ] } },
{ "type": "Feature", "properties": { "node_id": 496, "node_type": "Outlet", "name": "", "subnetwork_id": null, "source_priority": null, "cyclic_time": false, "meta_categorie": null, "meta_waterbeheerder": null, "meta_node_id": 496.0, "meta_old_node_id": null, "meta_couple_authority": null }, "geometry": { "type": "Point", "coordinates": [ 121193.234000001175446, 527492.173000001115724 ] } },
{ "type": "Feature", "properties": { "node_id": 497, "node_type": "Outlet", "name": "", "subnetwork_id": null, "source_priority": null, "cyclic_time": false, "meta_categorie": null, "meta_waterbeheerder": null, "meta_node_id": 497.0, "meta_old_node_id": null, "meta_couple_authority": null }, "geometry": { "type": "Point", "coordinates": [ 109897.103999999555526, 526979.243000003974885 ] } },
{ "type": "Feature", "properties": { "node_id": 498, "node_type": "Outlet", "name": "", "subnetwork_id": null, "source_priority": null, "cyclic_time": false, "meta_categorie": null, "meta_waterbeheerder": null, "meta_node_id": 498.0, "meta_old_node_id": null, "meta_couple_authority": null }, "geometry": { "type": "Point", "coordinates": [ 136448.08219999819994, 538181.944400001317263 ] } },
{ "type": "Feature", "properties": { "node_id": 499, "node_type": "Outlet", "name": "", "subnetwork_id": null, "source_priority": null, "cyclic_time": false, "meta_categorie": null, "meta_waterbeheerder": null, "meta_node_id": 499.0, "meta_old_node_id": null, "meta_couple_authority": null }, "geometry": { "type": "Point", "coordinates": [ 123092.370999998092884, 490437.334600002097432 ] } },
{ "type": "Feature", "properties": { "node_id": 500, "node_type": "Pump", "name": "Leipolder", "subnetwork_id": null, "source_priority": null, "cyclic_time": false, "meta_categorie": null, "meta_waterbeheerder": null, "meta_node_id": 500.0, "meta_old_node_id": null, "meta_couple_authority": null }, "geometry": { "type": "Point", "coordinates": [ 105517.190999999656924, 529773.673000000766478 ] } },
{ "type": "Feature", "properties": { "node_id": 501, "node_type": "Pump", "name": "Holysloot", "subnetwork_id": null, "source_priority": null, "cyclic_time": false, "meta_categorie": null, "meta_waterbeheerder": null, "meta_node_id": 501.0, "meta_old_node_id": null, "meta_couple_authority": null }, "geometry": { "type": "Point", "coordinates": [ 130341.113000001816545, 491663.651000000536442 ] } },
{ "type": "Feature", "properties": { "node_id": 502, "node_type": "Pump", "name": "ZG", "subnetwork_id": null, "source_priority": null, "cyclic_time": false, "meta_categorie": null, "meta_waterbeheerder": null, "meta_node_id": 502.0, "meta_old_node_id": null, "meta_couple_authority": null }, "geometry": { "type": "Point", "coordinates": [ 109080.728999999220832, 529914.463000000570901 ] } },
{ "type": "Feature", "properties": { "node_id": 503, "node_type": "Outlet", "name": "", "subnetwork_id": null, "source_priority": null, "cyclic_time": false, "meta_categorie": null, "meta_waterbeheerder": null, "meta_node_id": 503.0, "meta_old_node_id": null, "meta_couple_authority": null }, "geometry": { "type": "Point", "coordinates": [ 117502.243999997706851, 533331.684999999706633 ] } },
{ "type": "Feature", "properties": { "node_id": 506, "node_type": "Outlet", "name": "", "subnetwork_id": null, "source_priority": null, "cyclic_time": false, "meta_categorie": null, "meta_waterbeheerder": null, "meta_node_id": 506.0, "meta_old_node_id": null, "meta_couple_authority": null }, "geometry": { "type": "Point", "coordinates": [ 123295.961689453557483, 522942.235463375749532 ] } },
{ "type": "Feature", "properties": { "node_id": 507, "node_type": "Pump", "name": "Aandammergouw", "subnetwork_id": null, "source_priority": null, "cyclic_time": false, "meta_categorie": null, "meta_waterbeheerder": null, "meta_node_id": 507.0, "meta_old_node_id": null, "meta_couple_authority": null }, "geometry": { "type": "Point", "coordinates": [ 131457.912999997875886, 493451.412999999301974 ] } },
{ "type": "Feature", "properties": { "node_id": 508, "node_type": "ManningResistance", "name": "", "subnetwork_id": null, "source_priority": null, "cyclic_time": false, "meta_categorie": null, "meta_waterbeheerder": null, "meta_node_id": 508.0, "meta_old_node_id": null, "meta_couple_authority": null }, "geometry": { "type": "Point", "coordinates": [ 107653.461900000344031, 525672.747600001399405 ] } },
{ "type": "Feature", "properties": { "node_id": 509, "node_type": "Outlet", "name": "", "subnetwork_id": null, "source_priority": null, "cyclic_time": false, "meta_categorie": null, "meta_waterbeheerder": null, "meta_node_id": 509.0, "meta_old_node_id": null, "meta_couple_authority": null }, "geometry": { "type": "Point", "coordinates": [ 105432.42880000367586, 515125.818399999465328 ] } },
{ "type": "Feature", "properties": { "node_id": 510, "node_type": "Outlet", "name": "", "subnetwork_id": null, "source_priority": null, "cyclic_time": false, "meta_categorie": null, "meta_waterbeheerder": null, "meta_node_id": 510.0, "meta_old_node_id": null, "meta_couple_authority": null }, "geometry": { "type": "Point", "coordinates": [ 109456.610000000087894, 516693.653000001213513 ] } },
{ "type": "Feature", "properties": { "node_id": 511, "node_type": "Pump", "name": "Burghorn", "subnetwork_id": null, "source_priority": null, "cyclic_time": false, "meta_categorie": null, "meta_waterbeheerder": null, "meta_node_id": 511.0, "meta_old_node_id": null, "meta_couple_authority": null }, "geometry": { "type": "Point", "coordinates": [ 113692.211999999155523, 532691.048000000533648 ] } },
{ "type": "Feature", "properties": { "node_id": 512, "node_type": "Outlet", "name": "", "subnetwork_id": null, "source_priority": null, "cyclic_time": false, "meta_categorie": null, "meta_waterbeheerder": null, "meta_node_id": 512.0, "meta_old_node_id": null, "meta_couple_authority": null }, "geometry": { "type": "Point", "coordinates": [ 133161.151999998575775, 521290.22199999896111 ] } },
{ "type": "Feature", "properties": { "node_id": 513, "node_type": "Outlet", "name": "", "subnetwork_id": null, "source_priority": null, "cyclic_time": false, "meta_categorie": null, "meta_waterbeheerder": null, "meta_node_id": 513.0, "meta_old_node_id": null, "meta_couple_authority": null }, "geometry": { "type": "Point", "coordinates": [ 122349.746430310638971, 488548.840526114625391 ] } },
{ "type": "Feature", "properties": { "node_id": 514, "node_type": "Outlet", "name": "", "subnetwork_id": null, "source_priority": null, "cyclic_time": false, "meta_categorie": null, "meta_waterbeheerder": null, "meta_node_id": 514.0, "meta_old_node_id": null, "meta_couple_authority": null }, "geometry": { "type": "Point", "coordinates": [ 119786.883000001282198, 533248.039000000571832 ] } },
{ "type": "Feature", "properties": { "node_id": 515, "node_type": "Pump", "name": "Schaalsmeer", "subnetwork_id": null, "source_priority": null, "cyclic_time": false, "meta_categorie": null, "meta_waterbeheerder": null, "meta_node_id": 515.0, "meta_old_node_id": null, "meta_couple_authority": null }, "geometry": { "type": "Point", "coordinates": [ 114657.544999998557614, 502519.684000000357628 ] } },
{ "type": "Feature", "properties": { "node_id": 516, "node_type": "Outlet", "name": "", "subnetwork_id": null, "source_priority": null, "cyclic_time": false, "meta_categorie": null, "meta_waterbeheerder": null, "meta_node_id": 516.0, "meta_old_node_id": null, "meta_couple_authority": null }, "geometry": { "type": "Point", "coordinates": [ 117995.56899999891175, 527821.107999998494051 ] } },
{ "type": "Feature", "properties": { "node_id": 517, "node_type": "Outlet", "name": "", "subnetwork_id": null, "source_priority": null, "cyclic_time": false, "meta_categorie": null, "meta_waterbeheerder": null, "meta_node_id": 517.0, "meta_old_node_id": null, "meta_couple_authority": null }, "geometry": { "type": "Point", "coordinates": [ 123633.548000001508626, 519864.388999998453073 ] } },
{ "type": "Feature", "properties": { "node_id": 518, "node_type": "Pump", "name": "Burkmeer", "subnetwork_id": null, "source_priority": null, "cyclic_time": false, "meta_categorie": null, "meta_waterbeheerder": null, "meta_node_id": 518.0, "meta_old_node_id": null, "meta_couple_authority": null }, "geometry": { "type": "Point", "coordinates": [ 127639.243999998958316, 492256.583000000508036 ] } },
{ "type": "Feature", "properties": { "node_id": 519, "node_type": "Outlet", "name": "", "subnetwork_id": null, "source_priority": null, "cyclic_time": false, "meta_categorie": null, "meta_waterbeheerder": null, "meta_node_id": 519.0, "meta_old_node_id": null, "meta_couple_authority": null }, "geometry": { "type": "Point", "coordinates": [ 107906.340000000665896, 503275.030799998668954 ] } },
{ "type": "Feature", "properties": { "node_id": 520, "node_type": "Pump", "name": "De Eendracht", "subnetwork_id": null, "source_priority": null, "cyclic_time": false, "meta_categorie": null, "meta_waterbeheerder": null, "meta_node_id": 520.0, "meta_old_node_id": null, "meta_couple_authority": null }, "geometry": { "type": "Point", "coordinates": [ 111131.002399999822956, 517124.843600001360755 ] } },
{ "type": "Feature", "properties": { "node_id": 521, "node_type": "Pump", "name": "Kalverpolder", "subnetwork_id": null, "source_priority": null, "cyclic_time": false, "meta_categorie": null, "meta_waterbeheerder": null, "meta_node_id": 521.0, "meta_old_node_id": null, "meta_couple_authority": null }, "geometry": { "type": "Point", "coordinates": [ 117686.201000001412467, 498850.381999999575783 ] } },
{ "type": "Feature", "properties": { "node_id": 522, "node_type": "Outlet", "name": "", "subnetwork_id": null, "source_priority": null, "cyclic_time": false, "meta_categorie": null, "meta_waterbeheerder": null, "meta_node_id": 522.0, "meta_old_node_id": null, "meta_couple_authority": null }, "geometry": { "type": "Point", "coordinates": [ 113315.733300001345924, 515223.627000000444241 ] } },
{ "type": "Feature", "properties": { "node_id": 523, "node_type": "Pump", "name": "KGM-Q-25380", "subnetwork_id": null, "source_priority": null, "cyclic_time": false, "meta_categorie": null, "meta_waterbeheerder": null, "meta_node_id": 523.0, "meta_old_node_id": null, "meta_couple_authority": null }, "geometry": { "type": "Point", "coordinates": [ 115312.818999998984509, 542322.497000002185814 ] } },
{ "type": "Feature", "properties": { "node_id": 524, "node_type": "Outlet", "name": "", "subnetwork_id": null, "source_priority": null, "cyclic_time": false, "meta_categorie": null, "meta_waterbeheerder": null, "meta_node_id": 524.0, "meta_old_node_id": null, "meta_couple_authority": null }, "geometry": { "type": "Point", "coordinates": [ 112137.01099999982398, 559541.372999999672174 ] } },
{ "type": "Feature", "properties": { "node_id": 525, "node_type": "Pump", "name": "KGM-P-67", "subnetwork_id": null, "source_priority": null, "cyclic_time": false, "meta_categorie": null, "meta_waterbeheerder": null, "meta_node_id": 525.0, "meta_old_node_id": null, "meta_couple_authority": null }, "geometry": { "type": "Point", "coordinates": [ 113909.133499998570187, 543126.150800000992604 ] } },
{ "type": "Feature", "properties": { "node_id": 526, "node_type": "Outlet", "name": "", "subnetwork_id": null, "source_priority": null, "cyclic_time": false, "meta_categorie": null, "meta_waterbeheerder": null, "meta_node_id": 526.0, "meta_old_node_id": null, "meta_couple_authority": null }, "geometry": { "type": "Point", "coordinates": [ 133718.676000000152271, 500808.46099999913713 ] } },
{ "type": "Feature", "properties": { "node_id": 528, "node_type": "Outlet", "name": "", "subnetwork_id": null, "source_priority": null, "cyclic_time": false, "meta_categorie": null, "meta_waterbeheerder": null, "meta_node_id": 528.0, "meta_old_node_id": null, "meta_couple_authority": null }, "geometry": { "type": "Point", "coordinates": [ 128448.096999999703257, 503820.741000001202337 ] } },
{ "type": "Feature", "properties": { "node_id": 529, "node_type": "Outlet", "name": "", "subnetwork_id": null, "source_priority": null, "cyclic_time": false, "meta_categorie": null, "meta_waterbeheerder": null, "meta_node_id": 529.0, "meta_old_node_id": null, "meta_couple_authority": null }, "geometry": { "type": "Point", "coordinates": [ 117329.463300001109019, 529963.142099999007769 ] } },
{ "type": "Feature", "properties": { "node_id": 530, "node_type": "Outlet", "name": "", "subnetwork_id": null, "source_priority": null, "cyclic_time": false, "meta_categorie": null, "meta_waterbeheerder": null, "meta_node_id": 530.0, "meta_old_node_id": null, "meta_couple_authority": null }, "geometry": { "type": "Point", "coordinates": [ 148378.621099999843864, 523658.825500001374166 ] } },
{ "type": "Feature", "properties": { "node_id": 531, "node_type": "Pump", "name": "KGM-Q-29251", "subnetwork_id": null, "source_priority": null, "cyclic_time": false, "meta_categorie": null, "meta_waterbeheerder": null, "meta_node_id": 531.0, "meta_old_node_id": null, "meta_couple_authority": null }, "geometry": { "type": "Point", "coordinates": [ 128647.469000000550295, 491415.10200000210898 ] } },
{ "type": "Feature", "properties": { "node_id": 532, "node_type": "Pump", "name": "De Groenvelder", "subnetwork_id": null, "source_priority": null, "cyclic_time": false, "meta_categorie": null, "meta_waterbeheerder": null, "meta_node_id": 532.0, "meta_old_node_id": null, "meta_couple_authority": null }, "geometry": { "type": "Point", "coordinates": [ 113716.214999999428983, 530949.640500001609325 ] } },
{ "type": "Feature", "properties": { "node_id": 533, "node_type": "Pump", "name": "KGM-Q-29285", "subnetwork_id": null, "source_priority": null, "cyclic_time": false, "meta_categorie": null, "meta_waterbeheerder": null, "meta_node_id": 533.0, "meta_old_node_id": null, "meta_couple_authority": null }, "geometry": { "type": "Point", "coordinates": [ 130091.85099999968952, 492874.291999999259133 ] } },
{ "type": "Feature", "properties": { "node_id": 536, "node_type": "Pump", "name": "NM-Zuid", "subnetwork_id": null, "source_priority": null, "cyclic_time": false, "meta_categorie": null, "meta_waterbeheerder": null, "meta_node_id": 536.0, "meta_old_node_id": null, "meta_couple_authority": null }, "geometry": { "type": "Point", "coordinates": [ 108376.606000002706423, 532070.329000003170222 ] } },
{ "type": "Feature", "properties": { "node_id": 537, "node_type": "ManningResistance", "name": "", "subnetwork_id": null, "source_priority": null, "cyclic_time": false, "meta_categorie": null, "meta_waterbeheerder": null, "meta_node_id": 537.0, "meta_old_node_id": null, "meta_couple_authority": null }, "geometry": { "type": "Point", "coordinates": [ 107674.203999999794178, 525660.670000001671724 ] } },
{ "type": "Feature", "properties": { "node_id": 538, "node_type": "Pump", "name": "KGM-JL-2011", "subnetwork_id": null, "source_priority": null, "cyclic_time": false, "meta_categorie": null, "meta_waterbeheerder": null, "meta_node_id": 538.0, "meta_old_node_id": null, "meta_couple_authority": null }, "geometry": { "type": "Point", "coordinates": [ 130356.272999996072031, 499522.212000002036802 ] } },
{ "type": "Feature", "properties": { "node_id": 539, "node_type": "Pump", "name": "Zuidpolder", "subnetwork_id": null, "source_priority": null, "cyclic_time": false, "meta_categorie": null, "meta_waterbeheerder": null, "meta_node_id": 539.0, "meta_old_node_id": null, "meta_couple_authority": null }, "geometry": { "type": "Point", "coordinates": [ 132634.539000000950182, 502620.142999999574386 ] } },
{ "type": "Feature", "properties": { "node_id": 540, "node_type": "Pump", "name": "Blokgouw", "subnetwork_id": null, "source_priority": null, "cyclic_time": false, "meta_categorie": null, "meta_waterbeheerder": null, "meta_node_id": 540.0, "meta_old_node_id": null, "meta_couple_authority": null }, "geometry": { "type": "Point", "coordinates": [ 131571.697000000567641, 500245.870000001741573 ] } },
{ "type": "Feature", "properties": { "node_id": 541, "node_type": "Pump", "name": "KGM-Q-30506", "subnetwork_id": null, "source_priority": null, "cyclic_time": false, "meta_categorie": null, "meta_waterbeheerder": null, "meta_node_id": 541.0, "meta_old_node_id": null, "meta_couple_authority": null }, "geometry": { "type": "Point", "coordinates": [ 107143.98000000025786, 514003.532999998540618 ] } },
{ "type": "Feature", "properties": { "node_id": 542, "node_type": "Pump", "name": "Aanvoer Petten", "subnetwork_id": null, "source_priority": null, "cyclic_time": false, "meta_categorie": null, "meta_waterbeheerder": null, "meta_node_id": 542.0, "meta_old_node_id": null, "meta_couple_authority": null }, "geometry": { "type": "Point", "coordinates": [ 106024.338806608240702, 530688.443921694997698 ] } },
{ "type": "Feature", "properties": { "node_id": 543, "node_type": "Outlet", "name": "", "subnetwork_id": null, "source_priority": null, "cyclic_time": false, "meta_categorie": null, "meta_waterbeheerder": null, "meta_node_id": 543.0, "meta_old_node_id": null, "meta_couple_authority": null }, "geometry": { "type": "Point", "coordinates": [ 136113.171999995713122, 534556.482000005198643 ] } },
{ "type": "Feature", "properties": { "node_id": 545, "node_type": "Pump", "name": "Boekel Boekelermeerpolder", "subnetwork_id": null, "source_priority": null, "cyclic_time": false, "meta_categorie": null, "meta_waterbeheerder": null, "meta_node_id": 545.0, "meta_old_node_id": null, "meta_couple_authority": null }, "geometry": { "type": "Point", "coordinates": [ 112789.747999999526655, 513466.907000001170672 ] } },
{ "type": "Feature", "properties": { "node_id": 546, "node_type": "Outlet", "name": "", "subnetwork_id": null, "source_priority": null, "cyclic_time": false, "meta_categorie": null, "meta_waterbeheerder": null, "meta_node_id": 546.0, "meta_old_node_id": null, "meta_couple_authority": null }, "geometry": { "type": "Point", "coordinates": [ 107658.888000000093598, 529917.315000002505258 ] } },
{ "type": "Feature", "properties": { "node_id": 547, "node_type": "Outlet", "name": "", "subnetwork_id": null, "source_priority": null, "cyclic_time": false, "meta_categorie": null, "meta_waterbeheerder": null, "meta_node_id": 547.0, "meta_old_node_id": null, "meta_couple_authority": null }, "geometry": { "type": "Point", "coordinates": [ 130720.970699999394128, 520508.970100000500679 ] } },
{ "type": "Feature", "properties": { "node_id": 548, "node_type": "Pump", "name": "KGM-JL-2149", "subnetwork_id": null, "source_priority": null, "cyclic_time": false, "meta_categorie": null, "meta_waterbeheerder": null, "meta_node_id": 548.0, "meta_old_node_id": null, "meta_couple_authority": null }, "geometry": { "type": "Point", "coordinates": [ 114176.285999998537591, 543853.473000001744367 ] } },
{ "type": "Feature", "properties": { "node_id": 549, "node_type": "Pump", "name": "'t Hoekje", "subnetwork_id": null, "source_priority": null, "cyclic_time": false, "meta_categorie": null, "meta_waterbeheerder": null, "meta_node_id": 549.0, "meta_old_node_id": null, "meta_couple_authority": null }, "geometry": { "type": "Point", "coordinates": [ 111896.892899994039908, 541436.133699996047653 ] } },
{ "type": "Feature", "properties": { "node_id": 552, "node_type": "Pump", "name": "Dijkmanshuizen", "subnetwork_id": null, "source_priority": null, "cyclic_time": false, "meta_categorie": null, "meta_waterbeheerder": null, "meta_node_id": 552.0, "meta_old_node_id": null, "meta_couple_authority": null }, "geometry": { "type": "Point", "coordinates": [ 120452.369500000204425, 563316.779599997680634 ] } },
{ "type": "Feature", "properties": { "node_id": 553, "node_type": "ManningResistance", "name": "", "subnetwork_id": null, "source_priority": null, "cyclic_time": false, "meta_categorie": null, "meta_waterbeheerder": null, "meta_node_id": 553.0, "meta_old_node_id": null, "meta_couple_authority": null }, "geometry": { "type": "Point", "coordinates": [ 106329.692000001305132, 517500.197999996657018 ] } },
{ "type": "Feature", "properties": { "node_id": 554, "node_type": "Outlet", "name": "", "subnetwork_id": null, "source_priority": null, "cyclic_time": false, "meta_categorie": null, "meta_waterbeheerder": null, "meta_node_id": 554.0, "meta_old_node_id": null, "meta_couple_authority": null }, "geometry": { "type": "Point", "coordinates": [ 127282.741799998271745, 492180.477300000900868 ] } },
{ "type": "Feature", "properties": { "node_id": 555, "node_type": "Outlet", "name": "", "subnetwork_id": null, "source_priority": null, "cyclic_time": false, "meta_categorie": null, "meta_waterbeheerder": null, "meta_node_id": 555.0, "meta_old_node_id": null, "meta_couple_authority": null }, "geometry": { "type": "Point", "coordinates": [ 121477.418000001751352, 527145.261999997892417 ] } },
{ "type": "Feature", "properties": { "node_id": 556, "node_type": "Outlet", "name": "", "subnetwork_id": null, "source_priority": null, "cyclic_time": false, "meta_categorie": null, "meta_waterbeheerder": null, "meta_node_id": 556.0, "meta_old_node_id": null, "meta_couple_authority": null }, "geometry": { "type": "Point", "coordinates": [ 106161.866999998979736, 516295.346999998611864 ] } },
{ "type": "Feature", "properties": { "node_id": 557, "node_type": "Pump", "name": "Poldermolen E", "subnetwork_id": null, "source_priority": null, "cyclic_time": false, "meta_categorie": null, "meta_waterbeheerder": null, "meta_node_id": 557.0, "meta_old_node_id": null, "meta_couple_authority": null }, "geometry": { "type": "Point", "coordinates": [ 115886.580099999555387, 514524.644099999335594 ] } },
{ "type": "Feature", "properties": { "node_id": 558, "node_type": "Pump", "name": "Hans IJdel", "subnetwork_id": null, "source_priority": null, "cyclic_time": false, "meta_categorie": null, "meta_waterbeheerder": null, "meta_node_id": 558.0, "meta_old_node_id": null, "meta_couple_authority": null }, "geometry": { "type": "Point", "coordinates": [ 108620.460000000792206, 505360.618999999365769 ] } },
{ "type": "Feature", "properties": { "node_id": 560, "node_type": "Outlet", "name": "", "subnetwork_id": null, "source_priority": null, "cyclic_time": false, "meta_categorie": null, "meta_waterbeheerder": null, "meta_node_id": 560.0, "meta_old_node_id": null, "meta_couple_authority": null }, "geometry": { "type": "Point", "coordinates": [ 112294.583000001512119, 538137.737000001827255 ] } },
{ "type": "Feature", "properties": { "node_id": 561, "node_type": "Outlet", "name": "", "subnetwork_id": null, "source_priority": null, "cyclic_time": false, "meta_categorie": null, "meta_waterbeheerder": null, "meta_node_id": 561.0, "meta_old_node_id": null, "meta_couple_authority": null }, "geometry": { "type": "Point", "coordinates": [ 105588.961100004147738, 499174.134800001222175 ] } },
{ "type": "Feature", "properties": { "node_id": 562, "node_type": "Pump", "name": "NG molen", "subnetwork_id": null, "source_priority": null, "cyclic_time": false, "meta_categorie": null, "meta_waterbeheerder": null, "meta_node_id": 562.0, "meta_old_node_id": null, "meta_couple_authority": null }, "geometry": { "type": "Point", "coordinates": [ 110127.03099999994447, 532033.111999999615364 ] } },
{ "type": "Feature", "properties": { "node_id": 564, "node_type": "Outlet", "name": "", "subnetwork_id": null, "source_priority": null, "cyclic_time": false, "meta_categorie": null, "meta_waterbeheerder": null, "meta_node_id": 564.0, "meta_old_node_id": null, "meta_couple_authority": null }, "geometry": { "type": "Point", "coordinates": [ 115698.877999998425366, 537401.414000003016554 ] } },
{ "type": "Feature", "properties": { "node_id": 565, "node_type": "Pump", "name": "E", "subnetwork_id": null, "source_priority": null, "cyclic_time": false, "meta_categorie": null, "meta_waterbeheerder": null, "meta_node_id": 565.0, "meta_old_node_id": null, "meta_couple_authority": null }, "geometry": { "type": "Point", "coordinates": [ 115698.877999998425366, 537401.414000003016554 ] } },
{ "type": "Feature", "properties": { "node_id": 567, "node_type": "Outlet", "name": "", "subnetwork_id": null, "source_priority": null, "cyclic_time": false, "meta_categorie": null, "meta_waterbeheerder": null, "meta_node_id": 567.0, "meta_old_node_id": null, "meta_couple_authority": null }, "geometry": { "type": "Point", "coordinates": [ 115919.881000001289067, 524877.60500000033062 ] } },
{ "type": "Feature", "properties": { "node_id": 568, "node_type": "Pump", "name": "Lichtewater", "subnetwork_id": null, "source_priority": null, "cyclic_time": false, "meta_categorie": null, "meta_waterbeheerder": null, "meta_node_id": 568.0, "meta_old_node_id": null, "meta_couple_authority": null }, "geometry": { "type": "Point", "coordinates": [ 135124.629000002954854, 528050.161000001942739 ] } },
{ "type": "Feature", "properties": { "node_id": 569, "node_type": "Pump", "name": "Rosariumlaan", "subnetwork_id": null, "source_priority": null, "cyclic_time": false, "meta_categorie": null, "meta_waterbeheerder": null, "meta_node_id": 569.0, "meta_old_node_id": null, "meta_couple_authority": null }, "geometry": { "type": "Point", "coordinates": [ 112152.003064958087634, 501594.050135506142396 ] } },
{ "type": "Feature", "properties": { "node_id": 570, "node_type": "Outlet", "name": "", "subnetwork_id": null, "source_priority": null, "cyclic_time": false, "meta_categorie": null, "meta_waterbeheerder": null, "meta_node_id": 570.0, "meta_old_node_id": null, "meta_couple_authority": null }, "geometry": { "type": "Point", "coordinates": [ 108475.997000001254492, 526468.021000001579523 ] } },
{ "type": "Feature", "properties": { "node_id": 572, "node_type": "Outlet", "name": "", "subnetwork_id": null, "source_priority": null, "cyclic_time": false, "meta_categorie": null, "meta_waterbeheerder": null, "meta_node_id": 572.0, "meta_old_node_id": null, "meta_couple_authority": null }, "geometry": { "type": "Point", "coordinates": [ 108949.58619999892835, 510514.001200001686811 ] } },
{ "type": "Feature", "properties": { "node_id": 573, "node_type": "Pump", "name": "C", "subnetwork_id": null, "source_priority": null, "cyclic_time": false, "meta_categorie": null, "meta_waterbeheerder": null, "meta_node_id": 573.0, "meta_old_node_id": null, "meta_couple_authority": null }, "geometry": { "type": "Point", "coordinates": [ 111780.945000001665903, 533755.113000002573244 ] } },
{ "type": "Feature", "properties": { "node_id": 574, "node_type": "Outlet", "name": "", "subnetwork_id": null, "source_priority": null, "cyclic_time": false, "meta_categorie": null, "meta_waterbeheerder": null, "meta_node_id": 574.0, "meta_old_node_id": null, "meta_couple_authority": null }, "geometry": { "type": "Point", "coordinates": [ 113540.671100000079605, 540163.316800001077354 ] } },
{ "type": "Feature", "properties": { "node_id": 575, "node_type": "Outlet", "name": "", "subnetwork_id": null, "source_priority": null, "cyclic_time": false, "meta_categorie": null, "meta_waterbeheerder": null, "meta_node_id": 575.0, "meta_old_node_id": null, "meta_couple_authority": null }, "geometry": { "type": "Point", "coordinates": [ 128513.945700000986108, 494471.50620000064373 ] } },
{ "type": "Feature", "properties": { "node_id": 576, "node_type": "Pump", "name": "Grote R", "subnetwork_id": null, "source_priority": null, "cyclic_time": false, "meta_categorie": null, "meta_waterbeheerder": null, "meta_node_id": 576.0, "meta_old_node_id": null, "meta_couple_authority": null }, "geometry": { "type": "Point", "coordinates": [ 106405.12499999650754, 530363.400999998324551 ] } },
{ "type": "Feature", "properties": { "node_id": 577, "node_type": "Outlet", "name": "", "subnetwork_id": null, "source_priority": null, "cyclic_time": false, "meta_categorie": null, "meta_waterbeheerder": null, "meta_node_id": 577.0, "meta_old_node_id": null, "meta_couple_authority": null }, "geometry": { "type": "Point", "coordinates": [ 123638.514400001440663, 529023.601599999237806 ] } },
{ "type": "Feature", "properties": { "node_id": 578, "node_type": "Pump", "name": "Durgerdammer Die", "subnetwork_id": null, "source_priority": null, "cyclic_time": false, "meta_categorie": null, "meta_waterbeheerder": null, "meta_node_id": 578.0, "meta_old_node_id": null, "meta_couple_authority": null }, "geometry": { "type": "Point", "coordinates": [ 128744.62099999889324, 488693.401000000594649 ] } },
{ "type": "Feature", "properties": { "node_id": 579, "node_type": "Pump", "name": "Kaagpolder, Kolhorn", "subnetwork_id": null, "source_priority": null, "cyclic_time": false, "meta_categorie": null, "meta_waterbeheerder": null, "meta_node_id": 579.0, "meta_old_node_id": null, "meta_couple_authority": null }, "geometry": { "type": "Point", "coordinates": [ 120412.852999999930034, 534584.204000000376254 ] } },
{ "type": "Feature", "properties": { "node_id": 580, "node_type": "Outlet", "name": "", "subnetwork_id": null, "source_priority": null, "cyclic_time": false, "meta_categorie": null, "meta_waterbeheerder": null, "meta_node_id": 580.0, "meta_old_node_id": null, "meta_couple_authority": null }, "geometry": { "type": "Point", "coordinates": [ 103675.074000001215609, 500999.765000002342276 ] } },
{ "type": "Feature", "properties": { "node_id": 581, "node_type": "Outlet", "name": "", "subnetwork_id": null, "source_priority": null, "cyclic_time": false, "meta_categorie": null, "meta_waterbeheerder": null, "meta_node_id": 581.0, "meta_old_node_id": null, "meta_couple_authority": null }, "geometry": { "type": "Point", "coordinates": [ 133453.141199998412048, 503197.448199998761993 ] } },
{ "type": "Feature", "properties": { "node_id": 582, "node_type": "Pump", "name": "Wormerzicht", "subnetwork_id": null, "source_priority": null, "cyclic_time": false, "meta_categorie": null, "meta_waterbeheerder": null, "meta_node_id": 582.0, "meta_old_node_id": null, "meta_couple_authority": null }, "geometry": { "type": "Point", "coordinates": [ 117855.440999999671476, 499418.715999998152256 ] } },
{ "type": "Feature", "properties": { "node_id": 583, "node_type": "Outlet", "name": "", "subnetwork_id": null, "source_priority": null, "cyclic_time": false, "meta_categorie": null, "meta_waterbeheerder": null, "meta_node_id": 583.0, "meta_old_node_id": null, "meta_couple_authority": null }, "geometry": { "type": "Point", "coordinates": [ 117087.940299999609124, 498251.240499999606982 ] } },
{ "type": "Feature", "properties": { "node_id": 586, "node_type": "Outlet", "name": "", "subnetwork_id": null, "source_priority": null, "cyclic_time": false, "meta_categorie": null, "meta_waterbeheerder": null, "meta_node_id": 586.0, "meta_old_node_id": null, "meta_couple_authority": null }, "geometry": { "type": "Point", "coordinates": [ 120683.039999998509302, 528674.311000000685453 ] } },
{ "type": "Feature", "properties": { "node_id": 587, "node_type": "Pump", "name": "Kerkepolder", "subnetwork_id": null, "source_priority": null, "cyclic_time": false, "meta_categorie": null, "meta_waterbeheerder": null, "meta_node_id": 587.0, "meta_old_node_id": null, "meta_couple_authority": null }, "geometry": { "type": "Point", "coordinates": [ 130399.271999999982654, 520553.528099998948164 ] } },
{ "type": "Feature", "properties": { "node_id": 588, "node_type": "Pump", "name": "Hippolytushoef", "subnetwork_id": null, "source_priority": null, "cyclic_time": false, "meta_categorie": null, "meta_waterbeheerder": null, "meta_node_id": 588.0, "meta_old_node_id": null, "meta_couple_authority": null }, "geometry": { "type": "Point", "coordinates": [ 127582.178224650633638, 545475.745741887949407 ] } },
{ "type": "Feature", "properties": { "node_id": 589, "node_type": "Pump", "name": "P", "subnetwork_id": null, "source_priority": null, "cyclic_time": false, "meta_categorie": null, "meta_waterbeheerder": null, "meta_node_id": 589.0, "meta_old_node_id": null, "meta_couple_authority": null }, "geometry": { "type": "Point", "coordinates": [ 114791.710000002523884, 538671.464400001917966 ] } },
{ "type": "Feature", "properties": { "node_id": 590, "node_type": "Outlet", "name": "", "subnetwork_id": null, "source_priority": null, "cyclic_time": false, "meta_categorie": null, "meta_waterbeheerder": null, "meta_node_id": 590.0, "meta_old_node_id": null, "meta_couple_authority": null }, "geometry": { "type": "Point", "coordinates": [ 106105.127000000560656, 526839.223000001627952 ] } },
{ "type": "Feature", "properties": { "node_id": 591, "node_type": "Pump", "name": "Groot-Limmerpolder Zuid", "subnetwork_id": null, "source_priority": null, "cyclic_time": false, "meta_categorie": null, "meta_waterbeheerder": null, "meta_node_id": 591.0, "meta_old_node_id": null, "meta_couple_authority": null }, "geometry": { "type": "Point", "coordinates": [ 110227.884000000121887, 507126.582199998723809 ] } },
{ "type": "Feature", "properties": { "node_id": 592, "node_type": "Pump", "name": "Z Uit", "subnetwork_id": null, "source_priority": null, "cyclic_time": false, "meta_categorie": null, "meta_waterbeheerder": null, "meta_node_id": 592.0, "meta_old_node_id": null, "meta_couple_authority": null }, "geometry": { "type": "Point", "coordinates": [ 111751.739999998637359, 537734.375000000814907 ] } },
{ "type": "Feature", "properties": { "node_id": 594, "node_type": "Outlet", "name": "", "subnetwork_id": null, "source_priority": null, "cyclic_time": false, "meta_categorie": null, "meta_waterbeheerder": null, "meta_node_id": 594.0, "meta_old_node_id": null, "meta_couple_authority": null }, "geometry": { "type": "Point", "coordinates": [ 117574.120999999140622, 534806.5760000012815 ] } },
{ "type": "Feature", "properties": { "node_id": 595, "node_type": "Pump", "name": "Schellingwouderbreek", "subnetwork_id": null, "source_priority": null, "cyclic_time": false, "meta_categorie": null, "meta_waterbeheerder": null, "meta_node_id": 595.0, "meta_old_node_id": null, "meta_couple_authority": null }, "geometry": { "type": "Point", "coordinates": [ 125442.99800000176765, 488880.397999995620921 ] } },
{ "type": "Feature", "properties": { "node_id": 596, "node_type": "Outlet", "name": "", "subnetwork_id": null, "source_priority": null, "cyclic_time": false, "meta_categorie": null, "meta_waterbeheerder": null, "meta_node_id": 596.0, "meta_old_node_id": null, "meta_couple_authority": null }, "geometry": { "type": "Point", "coordinates": [ 133660.541999999608379, 525574.085999999195337 ] } },
{ "type": "Feature", "properties": { "node_id": 597, "node_type": "Pump", "name": "'t Leven 2", "subnetwork_id": null, "source_priority": null, "cyclic_time": false, "meta_categorie": null, "meta_waterbeheerder": null, "meta_node_id": 597.0, "meta_old_node_id": null, "meta_couple_authority": null }, "geometry": { "type": "Point", "coordinates": [ 115705.317000002614805, 499422.254999999771826 ] } },
{ "type": "Feature", "properties": { "node_id": 598, "node_type": "Outlet", "name": "", "subnetwork_id": null, "source_priority": null, "cyclic_time": false, "meta_categorie": null, "meta_waterbeheerder": null, "meta_node_id": 598.0, "meta_old_node_id": null, "meta_couple_authority": null }, "geometry": { "type": "Point", "coordinates": [ 121296.100999998816405, 528539.999000001815148 ] } },
{ "type": "Feature", "properties": { "node_id": 600, "node_type": "Pump", "name": "Schellinkhout (oud)", "subnetwork_id": null, "source_priority": null, "cyclic_time": false, "meta_categorie": null, "meta_waterbeheerder": null, "meta_node_id": 600.0, "meta_old_node_id": null, "meta_couple_authority": null }, "geometry": { "type": "Point", "coordinates": [ 136242.375000000058208, 516538.975999999849591 ] } },
{ "type": "Feature", "properties": { "node_id": 601, "node_type": "Pump", "name": "Wimmenummer", "subnetwork_id": null, "source_priority": null, "cyclic_time": false, "meta_categorie": null, "meta_waterbeheerder": null, "meta_node_id": 601.0, "meta_old_node_id": null, "meta_couple_authority": null }, "geometry": { "type": "Point", "coordinates": [ 106840.712000001309207, 517169.940999999642372 ] } },
{ "type": "Feature", "properties": { "node_id": 602, "node_type": "Pump", "name": "KP", "subnetwork_id": null, "source_priority": null, "cyclic_time": false, "meta_categorie": null, "meta_waterbeheerder": null, "meta_node_id": 602.0, "meta_old_node_id": null, "meta_couple_authority": null }, "geometry": { "type": "Point", "coordinates": [ 115516.848000001249602, 537330.877999998047017 ] } },
{ "type": "Feature", "properties": { "node_id": 603, "node_type": "Pump", "name": "Herculesmolen", "subnetwork_id": null, "source_priority": null, "cyclic_time": false, "meta_categorie": null, "meta_waterbeheerder": null, "meta_node_id": 603.0, "meta_old_node_id": null, "meta_couple_authority": null }, "geometry": { "type": "Point", "coordinates": [ 117693.991999998048414, 498844.816000000108033 ] } },
{ "type": "Feature", "properties": { "node_id": 604, "node_type": "Outlet", "name": "", "subnetwork_id": null, "source_priority": null, "cyclic_time": false, "meta_categorie": null, "meta_waterbeheerder": null, "meta_node_id": 604.0, "meta_old_node_id": null, "meta_couple_authority": null }, "geometry": { "type": "Point", "coordinates": [ 110270.046999998594401, 540830.311999999103136 ] } },
{ "type": "Feature", "properties": { "node_id": 605, "node_type": "Pump", "name": "Hooglandspolder", "subnetwork_id": null, "source_priority": null, "cyclic_time": false, "meta_categorie": null, "meta_waterbeheerder": null, "meta_node_id": 605.0, "meta_old_node_id": null, "meta_couple_authority": null }, "geometry": { "type": "Point", "coordinates": [ 119995.870000000330037, 533300.978000003029592 ] } },
{ "type": "Feature", "properties": { "node_id": 606, "node_type": "Outlet", "name": "", "subnetwork_id": null, "source_priority": null, "cyclic_time": false, "meta_categorie": null, "meta_waterbeheerder": null, "meta_node_id": 606.0, "meta_old_node_id": null, "meta_couple_authority": null }, "geometry": { "type": "Point", "coordinates": [ 121930.07600000090315, 515155.598000001045875 ] } },
{ "type": "Feature", "properties": { "node_id": 607, "node_type": "Outlet", "name": "", "subnetwork_id": null, "source_priority": null, "cyclic_time": false, "meta_categorie": null, "meta_waterbeheerder": null, "meta_node_id": 607.0, "meta_old_node_id": null, "meta_couple_authority": null }, "geometry": { "type": "Point", "coordinates": [ 127400.081459501045174, 540366.032016238779761 ] } },
{ "type": "Feature", "properties": { "node_id": 608, "node_type": "Outlet", "name": "", "subnetwork_id": null, "source_priority": null, "cyclic_time": false, "meta_categorie": null, "meta_waterbeheerder": null, "meta_node_id": 608.0, "meta_old_node_id": null, "meta_couple_authority": null }, "geometry": { "type": "Point", "coordinates": [ 124369.22999999615422, 544127.160000002360903 ] } },
{ "type": "Feature", "properties": { "node_id": 610, "node_type": "Outlet", "name": "", "subnetwork_id": null, "source_priority": null, "cyclic_time": false, "meta_categorie": null, "meta_waterbeheerder": null, "meta_node_id": 610.0, "meta_old_node_id": null, "meta_couple_authority": null }, "geometry": { "type": "Point", "coordinates": [ 125037.328030871853116, 501334.271006914088503 ] } },
{ "type": "Feature", "properties": { "node_id": 611, "node_type": "Pump", "name": "Overleek", "subnetwork_id": null, "source_priority": null, "cyclic_time": false, "meta_categorie": null, "meta_waterbeheerder": null, "meta_node_id": 611.0, "meta_old_node_id": null, "meta_couple_authority": null }, "geometry": { "type": "Point", "coordinates": [ 129309.146999999808031, 496654.506000000925269 ] } },
{ "type": "Feature", "properties": { "node_id": 612, "node_type": "ManningResistance", "name": "", "subnetwork_id": null, "source_priority": null, "cyclic_time": false, "meta_categorie": null, "meta_waterbeheerder": null, "meta_node_id": 612.0, "meta_old_node_id": null, "meta_couple_authority": null }, "geometry": { "type": "Point", "coordinates": [ 113378.988000001583714, 533812.868000001064502 ] } },
{ "type": "Feature", "properties": { "node_id": 614, "node_type": "Pump", "name": "Ondermolen D", "subnetwork_id": null, "source_priority": null, "cyclic_time": false, "meta_categorie": null, "meta_waterbeheerder": null, "meta_node_id": 614.0, "meta_old_node_id": null, "meta_couple_authority": null }, "geometry": { "type": "Point", "coordinates": [ 120150.591999999451218, 512631.844999998633284 ] } },
{ "type": "Feature", "properties": { "node_id": 615, "node_type": "Pump", "name": "Geestmolen", "subnetwork_id": null, "source_priority": null, "cyclic_time": false, "meta_categorie": null, "meta_waterbeheerder": null, "meta_node_id": 615.0, "meta_old_node_id": null, "meta_couple_authority": null }, "geometry": { "type": "Point", "coordinates": [ 110289.308500001221546, 516385.218100001569837 ] } },
{ "type": "Feature", "properties": { "node_id": 616, "node_type": "Pump", "name": "Purmer Stedelijk", "subnetwork_id": null, "source_priority": null, "cyclic_time": false, "meta_categorie": null, "meta_waterbeheerder": null, "meta_node_id": 616.0, "meta_old_node_id": null, "meta_couple_authority": null }, "geometry": { "type": "Point", "coordinates": [ 126564.526999999507098, 501581.225000001373701 ] } },
{ "type": "Feature", "properties": { "node_id": 617, "node_type": "Outlet", "name": "", "subnetwork_id": null, "source_priority": null, "cyclic_time": false, "meta_categorie": null, "meta_waterbeheerder": null, "meta_node_id": 617.0, "meta_old_node_id": null, "meta_couple_authority": null }, "geometry": { "type": "Point", "coordinates": [ 115263.134899999888148, 547247.051400001742877 ] } },
{ "type": "Feature", "properties": { "node_id": 618, "node_type": "Outlet", "name": "", "subnetwork_id": null, "source_priority": null, "cyclic_time": false, "meta_categorie": null, "meta_waterbeheerder": null, "meta_node_id": 618.0, "meta_old_node_id": null, "meta_couple_authority": null }, "geometry": { "type": "Point", "coordinates": [ 107102.918000004428905, 513629.978000001981854 ] } },
{ "type": "Feature", "properties": { "node_id": 622, "node_type": "Outlet", "name": "", "subnetwork_id": null, "source_priority": null, "cyclic_time": false, "meta_categorie": null, "meta_waterbeheerder": null, "meta_node_id": 622.0, "meta_old_node_id": null, "meta_couple_authority": null }, "geometry": { "type": "Point", "coordinates": [ 108247.250000016385457, 538595.528999993461184 ] } },
{ "type": "Feature", "properties": { "node_id": 625, "node_type": "Pump", "name": "De Kathammer", "subnetwork_id": null, "source_priority": null, "cyclic_time": false, "meta_categorie": null, "meta_waterbeheerder": null, "meta_node_id": 625.0, "meta_old_node_id": null, "meta_couple_authority": null }, "geometry": { "type": "Point", "coordinates": [ 132580.620000004390022, 500346.60600000130944 ] } },
{ "type": "Feature", "properties": { "node_id": 626, "node_type": "Pump", "name": "KGM-JL-2025", "subnetwork_id": null, "source_priority": null, "cyclic_time": false, "meta_categorie": null, "meta_waterbeheerder": null, "meta_node_id": 626.0, "meta_old_node_id": null, "meta_couple_authority": null }, "geometry": { "type": "Point", "coordinates": [ 109492.708999998416402, 534749.798999998602085 ] } },
{ "type": "Feature", "properties": { "node_id": 627, "node_type": "Outlet", "name": "", "subnetwork_id": null, "source_priority": null, "cyclic_time": false, "meta_categorie": null, "meta_waterbeheerder": null, "meta_node_id": 627.0, "meta_old_node_id": null, "meta_couple_authority": null }, "geometry": { "type": "Point", "coordinates": [ 125892.305299995729001, 490660.272700004221406 ] } },
{ "type": "Feature", "properties": { "node_id": 628, "node_type": "Outlet", "name": "", "subnetwork_id": null, "source_priority": null, "cyclic_time": false, "meta_categorie": null, "meta_waterbeheerder": null, "meta_node_id": 628.0, "meta_old_node_id": null, "meta_couple_authority": null }, "geometry": { "type": "Point", "coordinates": [ 121062.993000002010376, 527375.969999999506399 ] } },
{ "type": "Feature", "properties": { "node_id": 629, "node_type": "Outlet", "name": "", "subnetwork_id": null, "source_priority": null, "cyclic_time": false, "meta_categorie": null, "meta_waterbeheerder": null, "meta_node_id": 629.0, "meta_old_node_id": null, "meta_couple_authority": null }, "geometry": { "type": "Point", "coordinates": [ 106909.458000000435277, 530145.370600000140257 ] } },
{ "type": "Feature", "properties": { "node_id": 630, "node_type": "Outlet", "name": "", "subnetwork_id": null, "source_priority": null, "cyclic_time": false, "meta_categorie": null, "meta_waterbeheerder": null, "meta_node_id": 630.0, "meta_old_node_id": null, "meta_couple_authority": null }, "geometry": { "type": "Point", "coordinates": [ 114223.832999999838648, 529908.845000000204891 ] } },
{ "type": "Feature", "properties": { "node_id": 632, "node_type": "Outlet", "name": "", "subnetwork_id": null, "source_priority": null, "cyclic_time": false, "meta_categorie": null, "meta_waterbeheerder": null, "meta_node_id": 632.0, "meta_old_node_id": null, "meta_couple_authority": null }, "geometry": { "type": "Point", "coordinates": [ 111329.721999999208492, 520660.451999999582767 ] } },
{ "type": "Feature", "properties": { "node_id": 633, "node_type": "Pump", "name": "KGM-JG-452", "subnetwork_id": null, "source_priority": null, "cyclic_time": false, "meta_categorie": null, "meta_waterbeheerder": null, "meta_node_id": 633.0, "meta_old_node_id": null, "meta_couple_authority": null }, "geometry": { "type": "Point", "coordinates": [ 122862.012999997154111, 503255.08599999290891 ] } },
{ "type": "Feature", "properties": { "node_id": 634, "node_type": "Pump", "name": "De Leijen, Niedorperpolder", "subnetwork_id": null, "source_priority": null, "cyclic_time": false, "meta_categorie": null, "meta_waterbeheerder": null, "meta_node_id": 634.0, "meta_old_node_id": null, "meta_couple_authority": null }, "geometry": { "type": "Point", "coordinates": [ 120605.831999998321407, 526875.556000001961365 ] } },
{ "type": "Feature", "properties": { "node_id": 635, "node_type": "Outlet", "name": "", "subnetwork_id": null, "source_priority": null, "cyclic_time": false, "meta_categorie": null, "meta_waterbeheerder": null, "meta_node_id": 635.0, "meta_old_node_id": null, "meta_couple_authority": null }, "geometry": { "type": "Point", "coordinates": [ 113422.050999999060878, 503709.191300000878982 ] } },
{ "type": "Feature", "properties": { "node_id": 636, "node_type": "Pump", "name": "LQ", "subnetwork_id": null, "source_priority": null, "cyclic_time": false, "meta_categorie": null, "meta_waterbeheerder": null, "meta_node_id": 636.0, "meta_old_node_id": null, "meta_couple_authority": null }, "geometry": { "type": "Point", "coordinates": [ 107454.356800001056399, 528985.750500000896864 ] } },
{ "type": "Feature", "properties": { "node_id": 637, "node_type": "Outlet", "name": "", "subnetwork_id": null, "source_priority": null, "cyclic_time": false, "meta_categorie": null, "meta_waterbeheerder": null, "meta_node_id": 637.0, "meta_old_node_id": null, "meta_couple_authority": null }, "geometry": { "type": "Point", "coordinates": [ 141476.967300003452692, 528861.921099997591227 ] } },
{ "type": "Feature", "properties": { "node_id": 638, "node_type": "Outlet", "name": "", "subnetwork_id": null, "source_priority": null, "cyclic_time": false, "meta_categorie": null, "meta_waterbeheerder": null, "meta_node_id": 638.0, "meta_old_node_id": null, "meta_couple_authority": null }, "geometry": { "type": "Point", "coordinates": [ 109918.978000000744942, 506630.041000002238434 ] } },
{ "type": "Feature", "properties": { "node_id": 639, "node_type": "Pump", "name": "Overlekergouw", "subnetwork_id": null, "source_priority": null, "cyclic_time": false, "meta_categorie": null, "meta_waterbeheerder": null, "meta_node_id": 639.0, "meta_old_node_id": null, "meta_couple_authority": null }, "geometry": { "type": "Point", "coordinates": [ 129408.359000000957167, 494669.407000001345295 ] } },
{ "type": "Feature", "properties": { "node_id": 640, "node_type": "Pump", "name": "Hempolder, Warmenhuizen", "subnetwork_id": null, "source_priority": null, "cyclic_time": false, "meta_categorie": null, "meta_waterbeheerder": null, "meta_node_id": 640.0, "meta_old_node_id": null, "meta_couple_authority": null }, "geometry": { "type": "Point", "coordinates": [ 108360.66099999861035, 526935.144999999552965 ] } },
{ "type": "Feature", "properties": { "node_id": 641, "node_type": "Outlet", "name": "", "subnetwork_id": null, "source_priority": null, "cyclic_time": false, "meta_categorie": null, "meta_waterbeheerder": null, "meta_node_id": 641.0, "meta_old_node_id": null, "meta_couple_authority": null }, "geometry": { "type": "Point", "coordinates": [ 120342.2128, 501901.816500000772066 ] } },
{ "type": "Feature", "properties": { "node_id": 642, "node_type": "Pump", "name": "Binnen-Uiterdijk", "subnetwork_id": null, "source_priority": null, "cyclic_time": false, "meta_categorie": null, "meta_waterbeheerder": null, "meta_node_id": 642.0, "meta_old_node_id": null, "meta_couple_authority": null }, "geometry": { "type": "Point", "coordinates": [ 136248.701000000350177, 516486.188999998557847 ] } },
{ "type": "Feature", "properties": { "node_id": 643, "node_type": "Outlet", "name": "", "subnetwork_id": null, "source_priority": null, "cyclic_time": false, "meta_categorie": null, "meta_waterbeheerder": null, "meta_node_id": 643.0, "meta_old_node_id": null, "meta_couple_authority": null }, "geometry": { "type": "Point", "coordinates": [ 127070.469400001355098, 548293.74720000103116 ] } },
{ "type": "Feature", "properties": { "node_id": 644, "node_type": "Outlet", "name": "", "subnetwork_id": null, "source_priority": null, "cyclic_time": false, "meta_categorie": null, "meta_waterbeheerder": null, "meta_node_id": 644.0, "meta_old_node_id": null, "meta_couple_authority": null }, "geometry": { "type": "Point", "coordinates": [ 116177.498100001452258, 534212.596500001847744 ] } },
{ "type": "Feature", "properties": { "node_id": 645, "node_type": "Outlet", "name": "", "subnetwork_id": null, "source_priority": null, "cyclic_time": false, "meta_categorie": null, "meta_waterbeheerder": null, "meta_node_id": 645.0, "meta_old_node_id": null, "meta_couple_authority": null }, "geometry": { "type": "Point", "coordinates": [ 136493.474000001238892, 531551.337999999988824 ] } },
{ "type": "Feature", "properties": { "node_id": 646, "node_type": "Pump", "name": "Hensbroeker", "subnetwork_id": null, "source_priority": null, "cyclic_time": false, "meta_categorie": null, "meta_waterbeheerder": null, "meta_node_id": 646.0, "meta_old_node_id": null, "meta_couple_authority": null }, "geometry": { "type": "Point", "coordinates": [ 119828.892999998788582, 519377.756999999808613 ] } },
{ "type": "Feature", "properties": { "node_id": 647, "node_type": "Outlet", "name": "", "subnetwork_id": null, "source_priority": null, "cyclic_time": false, "meta_categorie": null, "meta_waterbeheerder": null, "meta_node_id": 647.0, "meta_old_node_id": null, "meta_couple_authority": null }, "geometry": { "type": "Point", "coordinates": [ 116252.641500000259839, 494169.461899998015724 ] } },
{ "type": "Feature", "properties": { "node_id": 648, "node_type": "Outlet", "name": "", "subnetwork_id": null, "source_priority": null, "cyclic_time": false, "meta_categorie": null, "meta_waterbeheerder": null, "meta_node_id": 648.0, "meta_old_node_id": null, "meta_couple_authority": null }, "geometry": { "type": "Point", "coordinates": [ 115870.517000000822009, 527106.271000001579523 ] } },
{ "type": "Feature", "properties": { "node_id": 650, "node_type": "Outlet", "name": "", "subnetwork_id": null, "source_priority": null, "cyclic_time": false, "meta_categorie": null, "meta_waterbeheerder": null, "meta_node_id": 650.0, "meta_old_node_id": null, "meta_couple_authority": null }, "geometry": { "type": "Point", "coordinates": [ 126750.953299997097929, 504344.876200004888233 ] } },
{ "type": "Feature", "properties": { "node_id": 651, "node_type": "Outlet", "name": "", "subnetwork_id": null, "source_priority": null, "cyclic_time": false, "meta_categorie": null, "meta_waterbeheerder": null, "meta_node_id": 651.0, "meta_old_node_id": null, "meta_couple_authority": null }, "geometry": { "type": "Point", "coordinates": [ 131275.798999998689396, 548374.886999998241663 ] } },
{ "type": "Feature", "properties": { "node_id": 652, "node_type": "Outlet", "name": "", "subnetwork_id": null, "source_priority": null, "cyclic_time": false, "meta_categorie": null, "meta_waterbeheerder": null, "meta_node_id": 652.0, "meta_old_node_id": null, "meta_couple_authority": null }, "geometry": { "type": "Point", "coordinates": [ 109066.608000000254833, 535647.47199999995064 ] } },
{ "type": "Feature", "properties": { "node_id": 653, "node_type": "Outlet", "name": "", "subnetwork_id": null, "source_priority": null, "cyclic_time": false, "meta_categorie": null, "meta_waterbeheerder": null, "meta_node_id": 653.0, "meta_old_node_id": null, "meta_couple_authority": null }, "geometry": { "type": "Point", "coordinates": [ 131256.519000001542736, 501512.524999998684507 ] } },
{ "type": "Feature", "properties": { "node_id": 654, "node_type": "Outlet", "name": "", "subnetwork_id": null, "source_priority": null, "cyclic_time": false, "meta_categorie": null, "meta_waterbeheerder": null, "meta_node_id": 654.0, "meta_old_node_id": null, "meta_couple_authority": null }, "geometry": { "type": "Point", "coordinates": [ 119616.188000001377077, 531955.949999999138527 ] } },
{ "type": "Feature", "properties": { "node_id": 655, "node_type": "Pump", "name": "Binnengeesterpolder", "subnetwork_id": null, "source_priority": null, "cyclic_time": false, "meta_categorie": null, "meta_waterbeheerder": null, "meta_node_id": 655.0, "meta_old_node_id": null, "meta_couple_authority": null }, "geometry": { "type": "Point", "coordinates": [ 110967.320700013588066, 508812.071399993496016 ] } },
{ "type": "Feature", "properties": { "node_id": 656, "node_type": "Pump", "name": "Buikslotermeer", "subnetwork_id": null, "source_priority": null, "cyclic_time": false, "meta_categorie": null, "meta_waterbeheerder": null, "meta_node_id": 656.0, "meta_old_node_id": null, "meta_couple_authority": null }, "geometry": { "type": "Point", "coordinates": [ 125017.20899999885296, 491380.006999999983236 ] } },
{ "type": "Feature", "properties": { "node_id": 657, "node_type": "Pump", "name": "Weerepolder", "subnetwork_id": null, "source_priority": null, "cyclic_time": false, "meta_categorie": null, "meta_waterbeheerder": null, "meta_node_id": 657.0, "meta_old_node_id": null, "meta_couple_authority": null }, "geometry": { "type": "Point", "coordinates": [ 121221.340000000185682, 533508.221000001765788 ] } },
{ "type": "Feature", "properties": { "node_id": 659, "node_type": "Pump", "name": "De Woudaap", "subnetwork_id": null, "source_priority": null, "cyclic_time": false, "meta_categorie": null, "meta_waterbeheerder": null, "meta_node_id": 659.0, "meta_old_node_id": null, "meta_couple_authority": null }, "geometry": { "type": "Point", "coordinates": [ 113424.912000000069384, 503690.667000002053101 ] } },
{ "type": "Feature", "properties": { "node_id": 660, "node_type": "ManningResistance", "name": "", "subnetwork_id": null, "source_priority": null, "cyclic_time": false, "meta_categorie": null, "meta_waterbeheerder": null, "meta_node_id": 660.0, "meta_old_node_id": null, "meta_couple_authority": null }, "geometry": { "type": "Point", "coordinates": [ 108622.148200001960504, 534785.76370000327006 ] } },
{ "type": "Feature", "properties": { "node_id": 661, "node_type": "Pump", "name": "Karnemelkspolder", "subnetwork_id": null, "source_priority": null, "cyclic_time": false, "meta_categorie": null, "meta_waterbeheerder": null, "meta_node_id": 661.0, "meta_old_node_id": null, "meta_couple_authority": null }, "geometry": { "type": "Point", "coordinates": [ 114228.295000001846347, 503455.989000002329703 ] } },
{ "type": "Feature", "properties": { "node_id": 664, "node_type": "Outlet", "name": "", "subnetwork_id": null, "source_priority": null, "cyclic_time": false, "meta_categorie": null, "meta_waterbeheerder": null, "meta_node_id": 664.0, "meta_old_node_id": null, "meta_couple_authority": null }, "geometry": { "type": "Point", "coordinates": [ 123259.39799999994284, 533870.204000001423992 ] } },
{ "type": "Feature", "properties": { "node_id": 665, "node_type": "Outlet", "name": "", "subnetwork_id": null, "source_priority": null, "cyclic_time": false, "meta_categorie": null, "meta_waterbeheerder": null, "meta_node_id": 665.0, "meta_old_node_id": null, "meta_couple_authority": null }, "geometry": { "type": "Point", "coordinates": [ 120175.38559999075369, 520371.371500004082918 ] } },
{ "type": "Feature", "properties": { "node_id": 666, "node_type": "Pump", "name": "Enge Wormer", "subnetwork_id": null, "source_priority": null, "cyclic_time": false, "meta_categorie": null, "meta_waterbeheerder": null, "meta_node_id": 666.0, "meta_old_node_id": null, "meta_couple_authority": null }, "geometry": { "type": "Point", "coordinates": [ 117779.313999998965301, 499777.524000002013054 ] } },
{ "type": "Feature", "properties": { "node_id": 667, "node_type": "Pump", "name": "Hogebierenweg", "subnetwork_id": null, "source_priority": null, "cyclic_time": false, "meta_categorie": null, "meta_waterbeheerder": null, "meta_node_id": 667.0, "meta_old_node_id": null, "meta_couple_authority": null }, "geometry": { "type": "Point", "coordinates": [ 119051.486000001706998, 531772.515999998664483 ] } },
{ "type": "Feature", "properties": { "node_id": 668, "node_type": "Pump", "name": "<Null>", "subnetwork_id": null, "source_priority": null, "cyclic_time": false, "meta_categorie": null, "meta_waterbeheerder": null, "meta_node_id": 668.0, "meta_old_node_id": null, "meta_couple_authority": null }, "geometry": { "type": "Point", "coordinates": [ 114154.46599999514001, 502612.669000000925735 ] } },
{ "type": "Feature", "properties": { "node_id": 669, "node_type": "Outlet", "name": "", "subnetwork_id": null, "source_priority": null, "cyclic_time": false, "meta_categorie": null, "meta_waterbeheerder": null, "meta_node_id": 669.0, "meta_old_node_id": null, "meta_couple_authority": null }, "geometry": { "type": "Point", "coordinates": [ 111065.673802009303472, 516984.076908403250854 ] } },
{ "type": "Feature", "properties": { "node_id": 670, "node_type": "Outlet", "name": "", "subnetwork_id": null, "source_priority": null, "cyclic_time": false, "meta_categorie": null, "meta_waterbeheerder": null, "meta_node_id": 670.0, "meta_old_node_id": null, "meta_couple_authority": null }, "geometry": { "type": "Point", "coordinates": [ 122460.855999996230821, 491329.43110000010347 ] } },
{ "type": "Feature", "properties": { "node_id": 671, "node_type": "Pump", "name": "Rijperdwarsweg", "subnetwork_id": null, "source_priority": null, "cyclic_time": false, "meta_categorie": null, "meta_waterbeheerder": null, "meta_node_id": 671.0, "meta_old_node_id": null, "meta_couple_authority": null }, "geometry": { "type": "Point", "coordinates": [ 132587.499000001203967, 492977.954999998502899 ] } },
{ "type": "Feature", "properties": { "node_id": 672, "node_type": "Outlet", "name": "", "subnetwork_id": null, "source_priority": null, "cyclic_time": false, "meta_categorie": null, "meta_waterbeheerder": null, "meta_node_id": 672.0, "meta_old_node_id": null, "meta_couple_authority": null }, "geometry": { "type": "Point", "coordinates": [ 140011.316300001228228, 527735.178300002356991 ] } },
{ "type": "Feature", "properties": { "node_id": 673, "node_type": "Outlet", "name": "", "subnetwork_id": null, "source_priority": null, "cyclic_time": false, "meta_categorie": null, "meta_waterbeheerder": null, "meta_node_id": 673.0, "meta_old_node_id": null, "meta_couple_authority": null }, "geometry": { "type": "Point", "coordinates": [ 134409.885799996991409, 544254.074299997999333 ] } },
{ "type": "Feature", "properties": { "node_id": 674, "node_type": "Pump", "name": "KGM-Q-25398", "subnetwork_id": null, "source_priority": null, "cyclic_time": false, "meta_categorie": null, "meta_waterbeheerder": null, "meta_node_id": 674.0, "meta_old_node_id": null, "meta_couple_authority": null }, "geometry": { "type": "Point", "coordinates": [ 119117.662999998545274, 544574.942000001785345 ] } },
{ "type": "Feature", "properties": { "node_id": 675, "node_type": "Outlet", "name": "", "subnetwork_id": null, "source_priority": null, "cyclic_time": false, "meta_categorie": null, "meta_waterbeheerder": null, "meta_node_id": 675.0, "meta_old_node_id": null, "meta_couple_authority": null }, "geometry": { "type": "Point", "coordinates": [ 113945.853999998696963, 493819.397999998240266 ] } },
{ "type": "Feature", "properties": { "node_id": 676, "node_type": "Outlet", "name": "", "subnetwork_id": null, "source_priority": null, "cyclic_time": false, "meta_categorie": null, "meta_waterbeheerder": null, "meta_node_id": 676.0, "meta_old_node_id": null, "meta_couple_authority": null }, "geometry": { "type": "Point", "coordinates": [ 113220.409000003055553, 534824.664000001037493 ] } },
{ "type": "Feature", "properties": { "node_id": 677, "node_type": "Pump", "name": "KGM-Q-24974", "subnetwork_id": null, "source_priority": null, "cyclic_time": false, "meta_categorie": null, "meta_waterbeheerder": null, "meta_node_id": 677.0, "meta_old_node_id": null, "meta_couple_authority": null }, "geometry": { "type": "Point", "coordinates": [ 109156.699999996330007, 535807.364999997545965 ] } },
{ "type": "Feature", "properties": { "node_id": 678, "node_type": "Pump", "name": "ON", "subnetwork_id": null, "source_priority": null, "cyclic_time": false, "meta_categorie": null, "meta_waterbeheerder": null, "meta_node_id": 678.0, "meta_old_node_id": null, "meta_couple_authority": null }, "geometry": { "type": "Point", "coordinates": [ 110098.359000002135872, 535155.478000001050532 ] } },
{ "type": "Feature", "properties": { "node_id": 679, "node_type": "Outlet", "name": "", "subnetwork_id": null, "source_priority": null, "cyclic_time": false, "meta_categorie": null, "meta_waterbeheerder": null, "meta_node_id": 679.0, "meta_old_node_id": null, "meta_couple_authority": null }, "geometry": { "type": "Point", "coordinates": [ 122736.598600000070292, 522070.584400000050664 ] } },
{ "type": "Feature", "properties": { "node_id": 680, "node_type": "Outlet", "name": "", "subnetwork_id": null, "source_priority": null, "cyclic_time": false, "meta_categorie": null, "meta_waterbeheerder": null, "meta_node_id": 680.0, "meta_old_node_id": null, "meta_couple_authority": null }, "geometry": { "type": "Point", "coordinates": [ 114239.738999999812222, 503147.960999998613261 ] } },
{ "type": "Feature", "properties": { "node_id": 682, "node_type": "Outlet", "name": "", "subnetwork_id": null, "source_priority": null, "cyclic_time": false, "meta_categorie": null, "meta_waterbeheerder": null, "meta_node_id": 682.0, "meta_old_node_id": null, "meta_couple_authority": null }, "geometry": { "type": "Point", "coordinates": [ 117915.79839999928663, 541640.070200000074692 ] } },
{ "type": "Feature", "properties": { "node_id": 683, "node_type": "Outlet", "name": "", "subnetwork_id": null, "source_priority": null, "cyclic_time": false, "meta_categorie": null, "meta_waterbeheerder": null, "meta_node_id": 683.0, "meta_old_node_id": null, "meta_couple_authority": null }, "geometry": { "type": "Point", "coordinates": [ 111243.917599998603691, 523121.355300002440345 ] } },
{ "type": "Feature", "properties": { "node_id": 685, "node_type": "Outlet", "name": "", "subnetwork_id": null, "source_priority": null, "cyclic_time": false, "meta_categorie": null, "meta_waterbeheerder": null, "meta_node_id": 685.0, "meta_old_node_id": null, "meta_couple_authority": null }, "geometry": { "type": "Point", "coordinates": [ 132445.840000000112923, 500483.921000000147615 ] } },
{ "type": "Feature", "properties": { "node_id": 686, "node_type": "Pump", "name": "KGM-Q-24876", "subnetwork_id": null, "source_priority": null, "cyclic_time": false, "meta_categorie": null, "meta_waterbeheerder": null, "meta_node_id": 686.0, "meta_old_node_id": null, "meta_couple_authority": null }, "geometry": { "type": "Point", "coordinates": [ 115726.003500000530039, 538798.050400001113303 ] } },
{ "type": "Feature", "properties": { "node_id": 687, "node_type": "Outlet", "name": "", "subnetwork_id": null, "source_priority": null, "cyclic_time": false, "meta_categorie": null, "meta_waterbeheerder": null, "meta_node_id": 687.0, "meta_old_node_id": null, "meta_couple_authority": null }, "geometry": { "type": "Point", "coordinates": [ 114211.033100001994171, 530772.533399999607354 ] } },
{ "type": "Feature", "properties": { "node_id": 688, "node_type": "Outlet", "name": "", "subnetwork_id": null, "source_priority": null, "cyclic_time": false, "meta_categorie": null, "meta_waterbeheerder": null, "meta_node_id": 688.0, "meta_old_node_id": null, "meta_couple_authority": null }, "geometry": { "type": "Point", "coordinates": [ 131980.642000000341795, 493028.686999999219552 ] } },
{ "type": "Feature", "properties": { "node_id": 689, "node_type": "Outlet", "name": "", "subnetwork_id": null, "source_priority": null, "cyclic_time": false, "meta_categorie": null, "meta_waterbeheerder": null, "meta_node_id": 689.0, "meta_old_node_id": null, "meta_couple_authority": null }, "geometry": { "type": "Point", "coordinates": [ 120544.440000001341105, 495659.368999999016523 ] } },
{ "type": "Feature", "properties": { "node_id": 690, "node_type": "Pump", "name": "Kooizand", "subnetwork_id": null, "source_priority": null, "cyclic_time": false, "meta_categorie": null, "meta_waterbeheerder": null, "meta_node_id": 690.0, "meta_old_node_id": null, "meta_couple_authority": null }, "geometry": { "type": "Point", "coordinates": [ 148000.100999999878695, 525858.01099999982398 ] } },
{ "type": "Feature", "properties": { "node_id": 693, "node_type": "Outlet", "name": "", "subnetwork_id": null, "source_priority": null, "cyclic_time": false, "meta_categorie": null, "meta_waterbeheerder": null, "meta_node_id": 693.0, "meta_old_node_id": null, "meta_couple_authority": null }, "geometry": { "type": "Point", "coordinates": [ 115962.339999999618158, 520949.611000001488719 ] } },
{ "type": "Feature", "properties": { "node_id": 694, "node_type": "Pump", "name": "Rechtendijk", "subnetwork_id": null, "source_priority": null, "cyclic_time": false, "meta_categorie": null, "meta_waterbeheerder": null, "meta_node_id": 694.0, "meta_old_node_id": null, "meta_couple_authority": null }, "geometry": { "type": "Point", "coordinates": [ 110368.328000002496992, 540829.340000000083819 ] } },
{ "type": "Feature", "properties": { "node_id": 695, "node_type": "Outlet", "name": "", "subnetwork_id": null, "source_priority": null, "cyclic_time": false, "meta_categorie": null, "meta_waterbeheerder": null, "meta_node_id": 695.0, "meta_old_node_id": null, "meta_couple_authority": null }, "geometry": { "type": "Point", "coordinates": [ 128853.72500000121363, 489917.486000000615604 ] } },
{ "type": "Feature", "properties": { "node_id": 696, "node_type": "Pump", "name": "De Rekere", "subnetwork_id": null, "source_priority": null, "cyclic_time": false, "meta_categorie": null, "meta_waterbeheerder": null, "meta_node_id": 696.0, "meta_old_node_id": null, "meta_couple_authority": null }, "geometry": { "type": "Point", "coordinates": [ 110963.462000001323759, 521540.46000000089407 ] } },
{ "type": "Feature", "properties": { "node_id": 697, "node_type": "Pump", "name": "Blijkmeer", "subnetwork_id": null, "source_priority": null, "cyclic_time": false, "meta_categorie": null, "meta_waterbeheerder": null, "meta_node_id": 697.0, "meta_old_node_id": null, "meta_couple_authority": null }, "geometry": { "type": "Point", "coordinates": [ 130426.795999999187188, 491067.801000002247747 ] } },
{ "type": "Feature", "properties": { "node_id": 698, "node_type": "Outlet", "name": "", "subnetwork_id": null, "source_priority": null, "cyclic_time": false, "meta_categorie": null, "meta_waterbeheerder": null, "meta_node_id": 698.0, "meta_old_node_id": null, "meta_couple_authority": null }, "geometry": { "type": "Point", "coordinates": [ 124623.87599999649683, 545013.789000001386739 ] } },
{ "type": "Feature", "properties": { "node_id": 699, "node_type": "Outlet", "name": "", "subnetwork_id": null, "source_priority": null, "cyclic_time": false, "meta_categorie": null, "meta_waterbeheerder": null, "meta_node_id": 699.0, "meta_old_node_id": null, "meta_couple_authority": null }, "geometry": { "type": "Point", "coordinates": [ 106751.355999999417691, 516765.858000001229811 ] } },
{ "type": "Feature", "properties": { "node_id": 700, "node_type": "Outlet", "name": "", "subnetwork_id": null, "source_priority": null, "cyclic_time": false, "meta_categorie": null, "meta_waterbeheerder": null, "meta_node_id": 700.0, "meta_old_node_id": null, "meta_couple_authority": null }, "geometry": { "type": "Point", "coordinates": [ 128779.272011743363691, 488620.240007230197079 ] } },
{ "type": "Feature", "properties": { "node_id": 701, "node_type": "Outlet", "name": "", "subnetwork_id": null, "source_priority": null, "cyclic_time": false, "meta_categorie": null, "meta_waterbeheerder": null, "meta_node_id": 701.0, "meta_old_node_id": null, "meta_couple_authority": null }, "geometry": { "type": "Point", "coordinates": [ 109273.044000000518281, 535890.383000002824701 ] } },
{ "type": "Feature", "properties": { "node_id": 702, "node_type": "Outlet", "name": "", "subnetwork_id": null, "source_priority": null, "cyclic_time": false, "meta_categorie": null, "meta_waterbeheerder": null, "meta_node_id": 702.0, "meta_old_node_id": null, "meta_couple_authority": null }, "geometry": { "type": "Point", "coordinates": [ 115963.236100000227452, 535175.12810000020545 ] } },
{ "type": "Feature", "properties": { "node_id": 703, "node_type": "ManningResistance", "name": "", "subnetwork_id": null, "source_priority": null, "cyclic_time": false, "meta_categorie": null, "meta_waterbeheerder": null, "meta_node_id": 703.0, "meta_old_node_id": null, "meta_couple_authority": null }, "geometry": { "type": "Point", "coordinates": [ 113468.474000000132946, 543692.799000000231899 ] } },
{ "type": "Feature", "properties": { "node_id": 704, "node_type": "Outlet", "name": "", "subnetwork_id": null, "source_priority": null, "cyclic_time": false, "meta_categorie": null, "meta_waterbeheerder": null, "meta_node_id": 704.0, "meta_old_node_id": null, "meta_couple_authority": null }, "geometry": { "type": "Point", "coordinates": [ 122211.174699999493896, 568246.484300000360236 ] } },
{ "type": "Feature", "properties": { "node_id": 705, "node_type": "Outlet", "name": "", "subnetwork_id": null, "source_priority": null, "cyclic_time": false, "meta_categorie": null, "meta_waterbeheerder": null, "meta_node_id": 705.0, "meta_old_node_id": null, "meta_couple_authority": null }, "geometry": { "type": "Point", "coordinates": [ 128008.71200000110548, 493157.559999999590218 ] } },
{ "type": "Feature", "properties": { "node_id": 707, "node_type": "Pump", "name": "Krassekeet", "subnetwork_id": null, "source_priority": null, "cyclic_time": false, "meta_categorie": null, "meta_waterbeheerder": null, "meta_node_id": 707.0, "meta_old_node_id": null, "meta_couple_authority": null }, "geometry": { "type": "Point", "coordinates": [ 122190.42600002103427, 568241.744000000879169 ] } },
{ "type": "Feature", "properties": { "node_id": 708, "node_type": "Outlet", "name": "", "subnetwork_id": null, "source_priority": null, "cyclic_time": false, "meta_categorie": null, "meta_waterbeheerder": null, "meta_node_id": 708.0, "meta_old_node_id": null, "meta_couple_authority": null }, "geometry": { "type": "Point", "coordinates": [ 136522.635299999616109, 539015.882999999448657 ] } },
{ "type": "Feature", "properties": { "node_id": 709, "node_type": "Pump", "name": "Molen De Lage Hoek", "subnetwork_id": null, "source_priority": null, "cyclic_time": false, "meta_categorie": null, "meta_waterbeheerder": null, "meta_node_id": 709.0, "meta_old_node_id": null, "meta_couple_authority": null }, "geometry": { "type": "Point", "coordinates": [ 122076.964999999312568, 523787.725999999907799 ] } },
{ "type": "Feature", "properties": { "node_id": 710, "node_type": "Outlet", "name": "", "subnetwork_id": null, "source_priority": null, "cyclic_time": false, "meta_categorie": null, "meta_waterbeheerder": null, "meta_node_id": 710.0, "meta_old_node_id": null, "meta_couple_authority": null }, "geometry": { "type": "Point", "coordinates": [ 125629.645000002754387, 503397.064000001992099 ] } },
{ "type": "Feature", "properties": { "node_id": 711, "node_type": "Outlet", "name": "", "subnetwork_id": null, "source_priority": null, "cyclic_time": false, "meta_categorie": null, "meta_waterbeheerder": null, "meta_node_id": 711.0, "meta_old_node_id": null, "meta_couple_authority": null }, "geometry": { "type": "Point", "coordinates": [ 125224.942399997482426, 522991.529500002739951 ] } },
{ "type": "Feature", "properties": { "node_id": 712, "node_type": "Outlet", "name": "", "subnetwork_id": null, "source_priority": null, "cyclic_time": false, "meta_categorie": null, "meta_waterbeheerder": null, "meta_node_id": 712.0, "meta_old_node_id": null, "meta_couple_authority": null }, "geometry": { "type": "Point", "coordinates": [ 127555.039996297578909, 492322.921088460716419 ] } },
{ "type": "Feature", "properties": { "node_id": 713, "node_type": "Outlet", "name": "", "subnetwork_id": null, "source_priority": null, "cyclic_time": false, "meta_categorie": null, "meta_waterbeheerder": null, "meta_node_id": 713.0, "meta_old_node_id": null, "meta_couple_authority": null }, "geometry": { "type": "Point", "coordinates": [ 136051.614000000205124, 531515.328000001609325 ] } },
{ "type": "Feature", "properties": { "node_id": 715, "node_type": "Outlet", "name": "", "subnetwork_id": null, "source_priority": null, "cyclic_time": false, "meta_categorie": null, "meta_waterbeheerder": null, "meta_node_id": 715.0, "meta_old_node_id": null, "meta_couple_authority": null }, "geometry": { "type": "Point", "coordinates": [ 107240.780000001279404, 499234.721000000776257 ] } },
{ "type": "Feature", "properties": { "node_id": 716, "node_type": "Outlet", "name": "", "subnetwork_id": null, "source_priority": null, "cyclic_time": false, "meta_categorie": null, "meta_waterbeheerder": null, "meta_node_id": 716.0, "meta_old_node_id": null, "meta_couple_authority": null }, "geometry": { "type": "Point", "coordinates": [ 145417.989999994781101, 521769.25400000216905 ] } },
{ "type": "Feature", "properties": { "node_id": 718, "node_type": "Pump", "name": "Woudweeren", "subnetwork_id": null, "source_priority": null, "cyclic_time": false, "meta_categorie": null, "meta_waterbeheerder": null, "meta_node_id": 718.0, "meta_old_node_id": null, "meta_couple_authority": null }, "geometry": { "type": "Point", "coordinates": [ 127544.908000000141328, 494735.282999999762978 ] } },
{ "type": "Feature", "properties": { "node_id": 719, "node_type": "Pump", "name": "Zuiderwoudergouw", "subnetwork_id": null, "source_priority": null, "cyclic_time": false, "meta_categorie": null, "meta_waterbeheerder": null, "meta_node_id": 719.0, "meta_old_node_id": null, "meta_couple_authority": null }, "geometry": { "type": "Point", "coordinates": [ 131866.425000001356238, 494762.475000002596062 ] } },
{ "type": "Feature", "properties": { "node_id": 720, "node_type": "Pump", "name": "De Leije, Heiloo", "subnetwork_id": null, "source_priority": null, "cyclic_time": false, "meta_categorie": null, "meta_waterbeheerder": null, "meta_node_id": 720.0, "meta_old_node_id": null, "meta_couple_authority": null }, "geometry": { "type": "Point", "coordinates": [ 111202.633972519397503, 510726.883008890494239 ] } },
{ "type": "Feature", "properties": { "node_id": 721, "node_type": "Outlet", "name": "", "subnetwork_id": null, "source_priority": null, "cyclic_time": false, "meta_categorie": null, "meta_waterbeheerder": null, "meta_node_id": 721.0, "meta_old_node_id": null, "meta_couple_authority": null }, "geometry": { "type": "Point", "coordinates": [ 114024.367499999949359, 530662.727300003520213 ] } },
{ "type": "Feature", "properties": { "node_id": 722, "node_type": "Pump", "name": "KGM-CB-215", "subnetwork_id": null, "source_priority": null, "cyclic_time": false, "meta_categorie": null, "meta_waterbeheerder": null, "meta_node_id": 722.0, "meta_old_node_id": null, "meta_couple_authority": null }, "geometry": { "type": "Point", "coordinates": [ 111183.552062756687519, 501732.117947411898058 ] } },
{ "type": "Feature", "properties": { "node_id": 723, "node_type": "Outlet", "name": "", "subnetwork_id": null, "source_priority": null, "cyclic_time": false, "meta_categorie": null, "meta_waterbeheerder": null, "meta_node_id": 723.0, "meta_old_node_id": null, "meta_couple_authority": null }, "geometry": { "type": "Point", "coordinates": [ 110865.776000000478234, 522585.167000000306871 ] } },
{ "type": "Feature", "properties": { "node_id": 724, "node_type": "Outlet", "name": "", "subnetwork_id": null, "source_priority": null, "cyclic_time": false, "meta_categorie": null, "meta_waterbeheerder": null, "meta_node_id": 724.0, "meta_old_node_id": null, "meta_couple_authority": null }, "geometry": { "type": "Point", "coordinates": [ 111003.645999999251217, 536163.83199999819044 ] } },
{ "type": "Feature", "properties": { "node_id": 725, "node_type": "Pump", "name": "KGM-Q-24946", "subnetwork_id": null, "source_priority": null, "cyclic_time": false, "meta_categorie": null, "meta_waterbeheerder": null, "meta_node_id": 725.0, "meta_old_node_id": null, "meta_couple_authority": null }, "geometry": { "type": "Point", "coordinates": [ 107636.593499999580672, 529902.418600001255982 ] } },
{ "type": "Feature", "properties": { "node_id": 726, "node_type": "Outlet", "name": "", "subnetwork_id": null, "source_priority": null, "cyclic_time": false, "meta_categorie": null, "meta_waterbeheerder": null, "meta_node_id": 726.0, "meta_old_node_id": null, "meta_couple_authority": null }, "geometry": { "type": "Point", "coordinates": [ 126405.243999999642256, 503642.2560000011581 ] } },
{ "type": "Feature", "properties": { "node_id": 727, "node_type": "Outlet", "name": "", "subnetwork_id": null, "source_priority": null, "cyclic_time": false, "meta_categorie": null, "meta_waterbeheerder": null, "meta_node_id": 727.0, "meta_old_node_id": null, "meta_couple_authority": null }, "geometry": { "type": "Point", "coordinates": [ 130560.234000000767992, 511168.790000000153668 ] } },
{ "type": "Feature", "properties": { "node_id": 728, "node_type": "Pump", "name": "Aanvoer vijvers Egmond ad Hoef", "subnetwork_id": null, "source_priority": null, "cyclic_time": false, "meta_categorie": null, "meta_waterbeheerder": null, "meta_node_id": 728.0, "meta_old_node_id": null, "meta_couple_authority": null }, "geometry": { "type": "Point", "coordinates": [ 105705.975999999966007, 515535.745999998762272 ] } },
{ "type": "Feature", "properties": { "node_id": 730, "node_type": "Pump", "name": "Golfbaan Heemskerk", "subnetwork_id": null, "source_priority": null, "cyclic_time": false, "meta_categorie": null, "meta_waterbeheerder": null, "meta_node_id": 730.0, "meta_old_node_id": null, "meta_couple_authority": null }, "geometry": { "type": "Point", "coordinates": [ 108301.9087999984622, 500487.175700001418591 ] } },
{ "type": "Feature", "properties": { "node_id": 731, "node_type": "Outlet", "name": "", "subnetwork_id": null, "source_priority": null, "cyclic_time": false, "meta_categorie": null, "meta_waterbeheerder": null, "meta_node_id": 731.0, "meta_old_node_id": null, "meta_couple_authority": null }, "geometry": { "type": "Point", "coordinates": [ 112164.197999998461455, 535471.864999999525025 ] } },
{ "type": "Feature", "properties": { "node_id": 732, "node_type": "Outlet", "name": "", "subnetwork_id": null, "source_priority": null, "cyclic_time": false, "meta_categorie": null, "meta_waterbeheerder": null, "meta_node_id": 732.0, "meta_old_node_id": null, "meta_couple_authority": null }, "geometry": { "type": "Point", "coordinates": [ 104728.883000001078472, 527472.166000001132488 ] } },
{ "type": "Feature", "properties": { "node_id": 733, "node_type": "Outlet", "name": "", "subnetwork_id": null, "source_priority": null, "cyclic_time": false, "meta_categorie": null, "meta_waterbeheerder": null, "meta_node_id": 733.0, "meta_old_node_id": null, "meta_couple_authority": null }, "geometry": { "type": "Point", "coordinates": [ 125172.961700004525483, 529589.615300003439188 ] } },
{ "type": "Feature", "properties": { "node_id": 734, "node_type": "Outlet", "name": "", "subnetwork_id": null, "source_priority": null, "cyclic_time": false, "meta_categorie": null, "meta_waterbeheerder": null, "meta_node_id": 734.0, "meta_old_node_id": null, "meta_couple_authority": null }, "geometry": { "type": "Point", "coordinates": [ 131138.410999998421175, 548416.771000001579523 ] } },
{ "type": "Feature", "properties": { "node_id": 735, "node_type": "Pump", "name": "KGM-Q-29335", "subnetwork_id": null, "source_priority": null, "cyclic_time": false, "meta_categorie": null, "meta_waterbeheerder": null, "meta_node_id": 735.0, "meta_old_node_id": null, "meta_couple_authority": null }, "geometry": { "type": "Point", "coordinates": [ 128769.93800000110059, 496410.561000000743661 ] } },
{ "type": "Feature", "properties": { "node_id": 736, "node_type": "Pump", "name": "Kamerhop", "subnetwork_id": null, "source_priority": null, "cyclic_time": false, "meta_categorie": null, "meta_waterbeheerder": null, "meta_node_id": 736.0, "meta_old_node_id": null, "meta_couple_authority": null }, "geometry": { "type": "Point", "coordinates": [ 117453.283000044437358, 506130.236000002012588 ] } },
{ "type": "Feature", "properties": { "node_id": 737, "node_type": "Pump", "name": "KGM-Q-29261", "subnetwork_id": null, "source_priority": null, "cyclic_time": false, "meta_categorie": null, "meta_waterbeheerder": null, "meta_node_id": 737.0, "meta_old_node_id": null, "meta_couple_authority": null }, "geometry": { "type": "Point", "coordinates": [ 128515.633999999903608, 489272.982999999192543 ] } },
{ "type": "Feature", "properties": { "node_id": 738, "node_type": "Pump", "name": "Burgerwoud", "subnetwork_id": null, "source_priority": null, "cyclic_time": false, "meta_categorie": null, "meta_waterbeheerder": null, "meta_node_id": 738.0, "meta_old_node_id": null, "meta_couple_authority": null }, "geometry": { "type": "Point", "coordinates": [ 129966.405999999493361, 511956.592000001575798 ] } },
{ "type": "Feature", "properties": { "node_id": 739, "node_type": "Outlet", "name": "", "subnetwork_id": null, "source_priority": null, "cyclic_time": false, "meta_categorie": null, "meta_waterbeheerder": null, "meta_node_id": 739.0, "meta_old_node_id": null, "meta_couple_authority": null }, "geometry": { "type": "Point", "coordinates": [ 111030.581199998836382, 517785.875900005979929 ] } },
{ "type": "Feature", "properties": { "node_id": 741, "node_type": "Outlet", "name": "", "subnetwork_id": null, "source_priority": null, "cyclic_time": false, "meta_categorie": null, "meta_waterbeheerder": null, "meta_node_id": 741.0, "meta_old_node_id": null, "meta_couple_authority": null }, "geometry": { "type": "Point", "coordinates": [ 121921.546000001399079, 518803.682999998505693 ] } },
{ "type": "Feature", "properties": { "node_id": 742, "node_type": "Pump", "name": "Kleine R", "subnetwork_id": null, "source_priority": null, "cyclic_time": false, "meta_categorie": null, "meta_waterbeheerder": null, "meta_node_id": 742.0, "meta_old_node_id": null, "meta_couple_authority": null }, "geometry": { "type": "Point", "coordinates": [ 106099.357999998726882, 530797.170000001904555 ] } },
{ "type": "Feature", "properties": { "node_id": 743, "node_type": "Pump", "name": "'t Leven 1", "subnetwork_id": null, "source_priority": null, "cyclic_time": false, "meta_categorie": null, "meta_waterbeheerder": null, "meta_node_id": 743.0, "meta_old_node_id": null, "meta_couple_authority": null }, "geometry": { "type": "Point", "coordinates": [ 115702.62720000059926, 499411.286800003261305 ] } },
{ "type": "Feature", "properties": { "node_id": 744, "node_type": "Pump", "name": "Oosterpoort", "subnetwork_id": null, "source_priority": null, "cyclic_time": false, "meta_categorie": null, "meta_waterbeheerder": null, "meta_node_id": 744.0, "meta_old_node_id": null, "meta_couple_authority": null }, "geometry": { "type": "Point", "coordinates": [ 133496.921595731313573, 517123.535109986842144 ] } },
{ "type": "Feature", "properties": { "node_id": 745, "node_type": "Pump", "name": "Westzanerpolder", "subnetwork_id": null, "source_priority": null, "cyclic_time": false, "meta_categorie": null, "meta_waterbeheerder": null, "meta_node_id": 745.0, "meta_old_node_id": null, "meta_couple_authority": null }, "geometry": { "type": "Point", "coordinates": [ 113931.42700000134937, 493660.761000001162756 ] } },
{ "type": "Feature", "properties": { "node_id": 747, "node_type": "Pump", "name": "Leemans (afdeling 1)", "subnetwork_id": null, "source_priority": null, "cyclic_time": false, "meta_categorie": null, "meta_waterbeheerder": null, "meta_node_id": 747.0, "meta_old_node_id": null, "meta_couple_authority": null }, "geometry": { "type": "Point", "coordinates": [ 131527.483500000176718, 548285.222800001502037 ] } },
{ "type": "Feature", "properties": { "node_id": 748, "node_type": "Pump", "name": "KGM-Q-25185", "subnetwork_id": null, "source_priority": null, "cyclic_time": false, "meta_categorie": null, "meta_waterbeheerder": null, "meta_node_id": 748.0, "meta_old_node_id": null, "meta_couple_authority": null }, "geometry": { "type": "Point", "coordinates": [ 111894.925999998173211, 541606.013999999151565 ] } },
{ "type": "Feature", "properties": { "node_id": 749, "node_type": "Outlet", "name": "", "subnetwork_id": null, "source_priority": null, "cyclic_time": false, "meta_categorie": null, "meta_waterbeheerder": null, "meta_node_id": 749.0, "meta_old_node_id": null, "meta_couple_authority": null }, "geometry": { "type": "Point", "coordinates": [ 108729.276999999099644, 499646.399999998335261 ] } },
{ "type": "Feature", "properties": { "node_id": 750, "node_type": "Outlet", "name": "", "subnetwork_id": null, "source_priority": null, "cyclic_time": false, "meta_categorie": null, "meta_waterbeheerder": null, "meta_node_id": 750.0, "meta_old_node_id": null, "meta_couple_authority": null }, "geometry": { "type": "Point", "coordinates": [ 128937.154000003662077, 493473.087000000174157 ] } },
{ "type": "Feature", "properties": { "node_id": 751, "node_type": "Pump", "name": "Beetskoog museumgemaal", "subnetwork_id": null, "source_priority": null, "cyclic_time": false, "meta_categorie": null, "meta_waterbeheerder": null, "meta_node_id": 751.0, "meta_old_node_id": null, "meta_couple_authority": null }, "geometry": { "type": "Point", "coordinates": [ 127201.090999998239568, 512657.383000001485925 ] } },
{ "type": "Feature", "properties": { "node_id": 752, "node_type": "Outlet", "name": "", "subnetwork_id": null, "source_priority": null, "cyclic_time": false, "meta_categorie": null, "meta_waterbeheerder": null, "meta_node_id": 752.0, "meta_old_node_id": null, "meta_couple_authority": null }, "geometry": { "type": "Point", "coordinates": [ 122140.486000001503271, 498395.927000001189299 ] } },
{ "type": "Feature", "properties": { "node_id": 754, "node_type": "Outlet", "name": "", "subnetwork_id": null, "source_priority": null, "cyclic_time": false, "meta_categorie": null, "meta_waterbeheerder": null, "meta_node_id": 754.0, "meta_old_node_id": null, "meta_couple_authority": null }, "geometry": { "type": "Point", "coordinates": [ 136165.16950000153156, 516460.5854000003892 ] } },
{ "type": "Feature", "properties": { "node_id": 755, "node_type": "Pump", "name": "'t Hoekje", "subnetwork_id": null, "source_priority": null, "cyclic_time": false, "meta_categorie": null, "meta_waterbeheerder": null, "meta_node_id": 755.0, "meta_old_node_id": null, "meta_couple_authority": null }, "geometry": { "type": "Point", "coordinates": [ 111885.267000000894768, 541432.532999999821186 ] } },
{ "type": "Feature", "properties": { "node_id": 757, "node_type": "Outlet", "name": "", "subnetwork_id": null, "source_priority": null, "cyclic_time": false, "meta_categorie": null, "meta_waterbeheerder": null, "meta_node_id": 757.0, "meta_old_node_id": null, "meta_couple_authority": null }, "geometry": { "type": "Point", "coordinates": [ 107386.278000000776956, 517888.543000000878237 ] } },
{ "type": "Feature", "properties": { "node_id": 758, "node_type": "Outlet", "name": "", "subnetwork_id": null, "source_priority": null, "cyclic_time": false, "meta_categorie": null, "meta_waterbeheerder": null, "meta_node_id": 758.0, "meta_old_node_id": null, "meta_couple_authority": null }, "geometry": { "type": "Point", "coordinates": [ 115888.136999998299871, 527915.763999998336658 ] } },
{ "type": "Feature", "properties": { "node_id": 759, "node_type": "Outlet", "name": "", "subnetwork_id": null, "source_priority": null, "cyclic_time": false, "meta_categorie": null, "meta_waterbeheerder": null, "meta_node_id": 759.0, "meta_old_node_id": null, "meta_couple_authority": null }, "geometry": { "type": "Point", "coordinates": [ 126709.462000001571141, 499797.818000000552274 ] } },
{ "type": "Feature", "properties": { "node_id": 760, "node_type": "Outlet", "name": "", "subnetwork_id": null, "source_priority": null, "cyclic_time": false, "meta_categorie": null, "meta_waterbeheerder": null, "meta_node_id": 760.0, "meta_old_node_id": null, "meta_couple_authority": null }, "geometry": { "type": "Point", "coordinates": [ 112833.806000002936344, 535311.193999998271465 ] } },
{ "type": "Feature", "properties": { "node_id": 761, "node_type": "Outlet", "name": "", "subnetwork_id": null, "source_priority": null, "cyclic_time": false, "meta_categorie": null, "meta_waterbeheerder": null, "meta_node_id": 761.0, "meta_old_node_id": null, "meta_couple_authority": null }, "geometry": { "type": "Point", "coordinates": [ 111103.395100001187529, 499218.890500001958571 ] } },
{ "type": "Feature", "properties": { "node_id": 762, "node_type": "Outlet", "name": "", "subnetwork_id": null, "source_priority": null, "cyclic_time": false, "meta_categorie": null, "meta_waterbeheerder": null, "meta_node_id": 762.0, "meta_old_node_id": null, "meta_couple_authority": null }, "geometry": { "type": "Point", "coordinates": [ 135544.467300002317643, 496768.285000002360903 ] } },
{ "type": "Feature", "properties": { "node_id": 763, "node_type": "Outlet", "name": "", "subnetwork_id": null, "source_priority": null, "cyclic_time": false, "meta_categorie": null, "meta_waterbeheerder": null, "meta_node_id": 763.0, "meta_old_node_id": null, "meta_couple_authority": null }, "geometry": { "type": "Point", "coordinates": [ 120413.096999999092077, 541486.736999999266118 ] } },
{ "type": "Feature", "properties": { "node_id": 764, "node_type": "Pump", "name": "Jacobus Bouman", "subnetwork_id": null, "source_priority": null, "cyclic_time": false, "meta_categorie": null, "meta_waterbeheerder": null, "meta_node_id": 764.0, "meta_old_node_id": null, "meta_couple_authority": null }, "geometry": { "type": "Point", "coordinates": [ 127107.157000001621782, 508271.039999998058192 ] } },
{ "type": "Feature", "properties": { "node_id": 765, "node_type": "Pump", "name": "GP Groot", "subnetwork_id": null, "source_priority": null, "cyclic_time": false, "meta_categorie": null, "meta_waterbeheerder": null, "meta_node_id": 765.0, "meta_old_node_id": null, "meta_couple_authority": null }, "geometry": { "type": "Point", "coordinates": [ 112321.388999998453073, 513320.686000001616776 ] } },
{ "type": "Feature", "properties": { "node_id": 768, "node_type": "Pump", "name": "KGM-W-54", "subnetwork_id": null, "source_priority": null, "cyclic_time": false, "meta_categorie": null, "meta_waterbeheerder": null, "meta_node_id": 768.0, "meta_old_node_id": null, "meta_couple_authority": null }, "geometry": { "type": "Point", "coordinates": [ 107630.835000000777654, 519774.68299999833107 ] } },
{ "type": "Feature", "properties": { "node_id": 770, "node_type": "Outlet", "name": "", "subnetwork_id": null, "source_priority": null, "cyclic_time": false, "meta_categorie": null, "meta_waterbeheerder": null, "meta_node_id": 770.0, "meta_old_node_id": null, "meta_couple_authority": null }, "geometry": { "type": "Point", "coordinates": [ 125712.229899997866596, 497762.012200001860037 ] } },
{ "type": "Feature", "properties": { "node_id": 771, "node_type": "Pump", "name": "Grote Molen", "subnetwork_id": null, "source_priority": null, "cyclic_time": false, "meta_categorie": null, "meta_waterbeheerder": null, "meta_node_id": 771.0, "meta_old_node_id": null, "meta_couple_authority": null }, "geometry": { "type": "Point", "coordinates": [ 136226.601399998820852, 516548.911699998774566 ] } },
{ "type": "Feature", "properties": { "node_id": 772, "node_type": "Pump", "name": "KGM-Q-34461", "subnetwork_id": null, "source_priority": null, "cyclic_time": false, "meta_categorie": null, "meta_waterbeheerder": null, "meta_node_id": 772.0, "meta_old_node_id": null, "meta_couple_authority": null }, "geometry": { "type": "Point", "coordinates": [ 110717.964000002801185, 501420.592999999003951 ] } },
{ "type": "Feature", "properties": { "node_id": 773, "node_type": "Outlet", "name": "", "subnetwork_id": null, "source_priority": null, "cyclic_time": false, "meta_categorie": null, "meta_waterbeheerder": null, "meta_node_id": 773.0, "meta_old_node_id": null, "meta_couple_authority": null }, "geometry": { "type": "Point", "coordinates": [ 121404.633000001835171, 567817.149000001489185 ] } },
{ "type": "Feature", "properties": { "node_id": 774, "node_type": "Pump", "name": "KGM-Q-31605", "subnetwork_id": null, "source_priority": null, "cyclic_time": false, "meta_categorie": null, "meta_waterbeheerder": null, "meta_node_id": 774.0, "meta_old_node_id": null, "meta_couple_authority": null }, "geometry": { "type": "Point", "coordinates": [ 125773.963999999235966, 513953.822000000975095 ] } },
{ "type": "Feature", "properties": { "node_id": 777, "node_type": "Outlet", "name": "", "subnetwork_id": null, "source_priority": null, "cyclic_time": false, "meta_categorie": null, "meta_waterbeheerder": null, "meta_node_id": 777.0, "meta_old_node_id": null, "meta_couple_authority": null }, "geometry": { "type": "Point", "coordinates": [ 120307.561000000947388, 525415.14400000020396 ] } },
{ "type": "Feature", "properties": { "node_id": 778, "node_type": "Pump", "name": "Waterberging 't Hoekje (molen)", "subnetwork_id": null, "source_priority": null, "cyclic_time": false, "meta_categorie": null, "meta_waterbeheerder": null, "meta_node_id": 778.0, "meta_old_node_id": null, "meta_couple_authority": null }, "geometry": { "type": "Point", "coordinates": [ 112041.698000000105822, 540252.541000000317581 ] } },
{ "type": "Feature", "properties": { "node_id": 779, "node_type": "Outlet", "name": "", "subnetwork_id": null, "source_priority": null, "cyclic_time": false, "meta_categorie": null, "meta_waterbeheerder": null, "meta_node_id": 779.0, "meta_old_node_id": null, "meta_couple_authority": null }, "geometry": { "type": "Point", "coordinates": [ 109465.957199998083524, 505291.557199999690056 ] } },
{ "type": "Feature", "properties": { "node_id": 780, "node_type": "Pump", "name": "Hogebierenweg", "subnetwork_id": null, "source_priority": null, "cyclic_time": false, "meta_categorie": null, "meta_waterbeheerder": null, "meta_node_id": 780.0, "meta_old_node_id": null, "meta_couple_authority": null }, "geometry": { "type": "Point", "coordinates": [ 119009.271000002569053, 531789.396000001113862 ] } },
{ "type": "Feature", "properties": { "node_id": 781, "node_type": "Pump", "name": "KGM-Q-25357", "subnetwork_id": null, "source_priority": null, "cyclic_time": false, "meta_categorie": null, "meta_waterbeheerder": null, "meta_node_id": 781.0, "meta_old_node_id": null, "meta_couple_authority": null }, "geometry": { "type": "Point", "coordinates": [ 114428.212999998882879, 542558.993999999016523 ] } },
{ "type": "Feature", "properties": { "node_id": 782, "node_type": "Outlet", "name": "", "subnetwork_id": null, "source_priority": null, "cyclic_time": false, "meta_categorie": null, "meta_waterbeheerder": null, "meta_node_id": 782.0, "meta_old_node_id": null, "meta_couple_authority": null }, "geometry": { "type": "Point", "coordinates": [ 116206.420000002181041, 528945.250999998301268 ] } },
{ "type": "Feature", "properties": { "node_id": 783, "node_type": "Outlet", "name": "", "subnetwork_id": null, "source_priority": null, "cyclic_time": false, "meta_categorie": null, "meta_waterbeheerder": null, "meta_node_id": 783.0, "meta_old_node_id": null, "meta_couple_authority": null }, "geometry": { "type": "Point", "coordinates": [ 132700.944400001288159, 500344.554000001400709 ] } },
{ "type": "Feature", "properties": { "node_id": 784, "node_type": "Pump", "name": "Nieuwe Gouw", "subnetwork_id": null, "source_priority": null, "cyclic_time": false, "meta_categorie": null, "meta_waterbeheerder": null, "meta_node_id": 784.0, "meta_old_node_id": null, "meta_couple_authority": null }, "geometry": { "type": "Point", "coordinates": [ 127618.315000001166482, 489562.565000001341105 ] } },
{ "type": "Feature", "properties": { "node_id": 785, "node_type": "Pump", "name": "Berkmeermolen", "subnetwork_id": null, "source_priority": null, "cyclic_time": false, "meta_categorie": null, "meta_waterbeheerder": null, "meta_node_id": 785.0, "meta_old_node_id": null, "meta_couple_authority": null }, "geometry": { "type": "Point", "coordinates": [ 121346.622000001458218, 522710.147999998473097 ] } },
{ "type": "Feature", "properties": { "node_id": 786, "node_type": "Outlet", "name": "", "subnetwork_id": null, "source_priority": null, "cyclic_time": false, "meta_categorie": null, "meta_waterbeheerder": null, "meta_node_id": 786.0, "meta_old_node_id": null, "meta_couple_authority": null }, "geometry": { "type": "Point", "coordinates": [ 129192.00200000028417, 488363.186999998986721 ] } },
{ "type": "Feature", "properties": { "node_id": 788, "node_type": "Outlet", "name": "", "subnetwork_id": null, "source_priority": null, "cyclic_time": false, "meta_categorie": null, "meta_waterbeheerder": null, "meta_node_id": 788.0, "meta_old_node_id": null, "meta_couple_authority": null }, "geometry": { "type": "Point", "coordinates": [ 121595.634000000442029, 538988.265999997034669 ] } },
{ "type": "Feature", "properties": { "node_id": 789, "node_type": "Outlet", "name": "", "subnetwork_id": null, "source_priority": null, "cyclic_time": false, "meta_categorie": null, "meta_waterbeheerder": null, "meta_node_id": 789.0, "meta_old_node_id": null, "meta_couple_authority": null }, "geometry": { "type": "Point", "coordinates": [ 113864.565400000690715, 534891.521099999430589 ] } },
{ "type": "Feature", "properties": { "node_id": 790, "node_type": "Outlet", "name": "", "subnetwork_id": null, "source_priority": null, "cyclic_time": false, "meta_categorie": null, "meta_waterbeheerder": null, "meta_node_id": 790.0, "meta_old_node_id": null, "meta_couple_authority": null }, "geometry": { "type": "Point", "coordinates": [ 115520.519499996109516, 547510.88219999964349 ] } },
{ "type": "Feature", "properties": { "node_id": 791, "node_type": "Pump", "name": "Baron de Coubertin", "subnetwork_id": null, "source_priority": null, "cyclic_time": false, "meta_categorie": null, "meta_waterbeheerder": null, "meta_node_id": 791.0, "meta_old_node_id": null, "meta_couple_authority": null }, "geometry": { "type": "Point", "coordinates": [ 122999.885999999867636, 490488.589000001549721 ] } },
{ "type": "Feature", "properties": { "node_id": 793, "node_type": "Pump", "name": "Ursem", "subnetwork_id": null, "source_priority": null, "cyclic_time": false, "meta_categorie": null, "meta_waterbeheerder": null, "meta_node_id": 793.0, "meta_old_node_id": null, "meta_couple_authority": null }, "geometry": { "type": "Point", "coordinates": [ 123492.430051616043784, 514816.779170549591072 ] } },
{ "type": "Feature", "properties": { "node_id": 794, "node_type": "Pump", "name": "Westwouderpolder", "subnetwork_id": null, "source_priority": null, "cyclic_time": false, "meta_categorie": null, "meta_waterbeheerder": null, "meta_node_id": 794.0, "meta_old_node_id": null, "meta_couple_authority": null }, "geometry": { "type": "Point", "coordinates": [ 113580.443999998271465, 506320.315000000991859 ] } },
{ "type": "Feature", "properties": { "node_id": 795, "node_type": "Outlet", "name": "", "subnetwork_id": null, "source_priority": null, "cyclic_time": false, "meta_categorie": null, "meta_waterbeheerder": null, "meta_node_id": 795.0, "meta_old_node_id": null, "meta_couple_authority": null }, "geometry": { "type": "Point", "coordinates": [ 122441.504000000175438, 492891.659000003652181 ] } },
{ "type": "Feature", "properties": { "node_id": 796, "node_type": "Pump", "name": "Elzenhage (pomp 3)", "subnetwork_id": null, "source_priority": null, "cyclic_time": false, "meta_categorie": null, "meta_waterbeheerder": null, "meta_node_id": 796.0, "meta_old_node_id": null, "meta_couple_authority": null }, "geometry": { "type": "Point", "coordinates": [ 123628.910999997446197, 490766.506999998469837 ] } },
{ "type": "Feature", "properties": { "node_id": 797, "node_type": "Pump", "name": "Koetensluis", "subnetwork_id": null, "source_priority": null, "cyclic_time": false, "meta_categorie": null, "meta_waterbeheerder": null, "meta_node_id": 797.0, "meta_old_node_id": null, "meta_couple_authority": null }, "geometry": { "type": "Point", "coordinates": [ 111671.43199999879289, 540140.0150000017602 ] } },
{ "type": "Feature", "properties": { "node_id": 801, "node_type": "Pump", "name": "Schellinkhout", "subnetwork_id": null, "source_priority": null, "cyclic_time": false, "meta_categorie": null, "meta_waterbeheerder": null, "meta_node_id": 801.0, "meta_old_node_id": null, "meta_couple_authority": null }, "geometry": { "type": "Point", "coordinates": [ 136246.29239999782294, 516547.941500000946689 ] } },
{ "type": "Feature", "properties": { "node_id": 802, "node_type": "Outlet", "name": "", "subnetwork_id": null, "source_priority": null, "cyclic_time": false, "meta_categorie": null, "meta_waterbeheerder": null, "meta_node_id": 802.0, "meta_old_node_id": null, "meta_couple_authority": null }, "geometry": { "type": "Point", "coordinates": [ 134317.050200000259792, 494321.662999998428859 ] } },
{ "type": "Feature", "properties": { "node_id": 803, "node_type": "Outlet", "name": "", "subnetwork_id": null, "source_priority": null, "cyclic_time": false, "meta_categorie": null, "meta_waterbeheerder": null, "meta_node_id": 803.0, "meta_old_node_id": null, "meta_couple_authority": null }, "geometry": { "type": "Point", "coordinates": [ 127480.271000001594075, 489635.170000001788139 ] } },
{ "type": "Feature", "properties": { "node_id": 804, "node_type": "Pump", "name": "Veerdijk Zuid", "subnetwork_id": null, "source_priority": null, "cyclic_time": false, "meta_categorie": null, "meta_waterbeheerder": null, "meta_node_id": 804.0, "meta_old_node_id": null, "meta_couple_authority": null }, "geometry": { "type": "Point", "coordinates": [ 114731.714999999792781, 500832.206999998714309 ] } },
{ "type": "Feature", "properties": { "node_id": 806, "node_type": "Pump", "name": "Wilmkebreek", "subnetwork_id": null, "source_priority": null, "cyclic_time": false, "meta_categorie": null, "meta_waterbeheerder": null, "meta_node_id": 806.0, "meta_old_node_id": null, "meta_couple_authority": null }, "geometry": { "type": "Point", "coordinates": [ 122315.473000001802575, 492024.725000000267755 ] } },
{ "type": "Feature", "properties": { "node_id": 808, "node_type": "Pump", "name": "Grote R", "subnetwork_id": null, "source_priority": null, "cyclic_time": false, "meta_categorie": null, "meta_waterbeheerder": null, "meta_node_id": 808.0, "meta_old_node_id": null, "meta_couple_authority": null }, "geometry": { "type": "Point", "coordinates": [ 106392.037999999054591, 530364.050000000395812 ] } },
{ "type": "Feature", "properties": { "node_id": 809, "node_type": "Pump", "name": "B", "subnetwork_id": null, "source_priority": null, "cyclic_time": false, "meta_categorie": null, "meta_waterbeheerder": null, "meta_node_id": 809.0, "meta_old_node_id": null, "meta_couple_authority": null }, "geometry": { "type": "Point", "coordinates": [ 109729.91250000326545, 531157.134799999068491 ] } },
{ "type": "Feature", "properties": { "node_id": 810, "node_type": "Pump", "name": "Purmer Noord", "subnetwork_id": null, "source_priority": null, "cyclic_time": false, "meta_categorie": null, "meta_waterbeheerder": null, "meta_node_id": 810.0, "meta_old_node_id": null, "meta_couple_authority": null }, "geometry": { "type": "Point", "coordinates": [ 130395.732000001167762, 503875.85700000054203 ] } },
{ "type": "Feature", "properties": { "node_id": 811, "node_type": "Outlet", "name": "", "subnetwork_id": null, "source_priority": null, "cyclic_time": false, "meta_categorie": null, "meta_waterbeheerder": null, "meta_node_id": 811.0, "meta_old_node_id": null, "meta_couple_authority": null }, "geometry": { "type": "Point", "coordinates": [ 121584.193630549809313, 492152.843638569698669 ] } },
{ "type": "Feature", "properties": { "node_id": 812, "node_type": "Outlet", "name": "", "subnetwork_id": null, "source_priority": null, "cyclic_time": false, "meta_categorie": null, "meta_waterbeheerder": null, "meta_node_id": 812.0, "meta_old_node_id": null, "meta_couple_authority": null }, "geometry": { "type": "Point", "coordinates": [ 127449.511999998183455, 488285.739999997080304 ] } },
{ "type": "Feature", "properties": { "node_id": 813, "node_type": "Pump", "name": "Castricummerpolder", "subnetwork_id": null, "source_priority": null, "cyclic_time": false, "meta_categorie": null, "meta_waterbeheerder": null, "meta_node_id": 813.0, "meta_old_node_id": null, "meta_couple_authority": null }, "geometry": { "type": "Point", "coordinates": [ 109382.899999999193824, 505593.361000003584195 ] } },
{ "type": "Feature", "properties": { "node_id": 814, "node_type": "Pump", "name": "F", "subnetwork_id": null, "source_priority": null, "cyclic_time": false, "meta_categorie": null, "meta_waterbeheerder": null, "meta_node_id": 814.0, "meta_old_node_id": null, "meta_couple_authority": null }, "geometry": { "type": "Point", "coordinates": [ 108421.241000000314671, 528548.976000000257045 ] } },
{ "type": "Feature", "properties": { "node_id": 816, "node_type": "Pump", "name": "Sluismolen", "subnetwork_id": null, "source_priority": null, "cyclic_time": false, "meta_categorie": null, "meta_waterbeheerder": null, "meta_node_id": 816.0, "meta_old_node_id": null, "meta_couple_authority": null }, "geometry": { "type": "Point", "coordinates": [ 111516.781000002505607, 519344.401000000594649 ] } },
{ "type": "Feature", "properties": { "node_id": 817, "node_type": "Outlet", "name": "", "subnetwork_id": null, "source_priority": null, "cyclic_time": false, "meta_categorie": null, "meta_waterbeheerder": null, "meta_node_id": 817.0, "meta_old_node_id": null, "meta_couple_authority": null }, "geometry": { "type": "Point", "coordinates": [ 130561.519099998986349, 498061.195900000631809 ] } },
{ "type": "Feature", "properties": { "node_id": 818, "node_type": "Pump", "name": "Katwoude Lagedijk", "subnetwork_id": null, "source_priority": null, "cyclic_time": false, "meta_categorie": null, "meta_waterbeheerder": null, "meta_node_id": 818.0, "meta_old_node_id": null, "meta_couple_authority": null }, "geometry": { "type": "Point", "coordinates": [ 130561.519099998986349, 498061.195900000631809 ] } },
{ "type": "Feature", "properties": { "node_id": 819, "node_type": "Pump", "name": "Veenhuizermolen", "subnetwork_id": null, "source_priority": null, "cyclic_time": false, "meta_categorie": null, "meta_waterbeheerder": null, "meta_node_id": 819.0, "meta_old_node_id": null, "meta_couple_authority": null }, "geometry": { "type": "Point", "coordinates": [ 121446.329000001511304, 523202.807000001193956 ] } },
{ "type": "Feature", "properties": { "node_id": 820, "node_type": "Outlet", "name": "", "subnetwork_id": null, "source_priority": null, "cyclic_time": false, "meta_categorie": null, "meta_waterbeheerder": null, "meta_node_id": 820.0, "meta_old_node_id": null, "meta_couple_authority": null }, "geometry": { "type": "Point", "coordinates": [ 109245.113999999477528, 526051.92000000202097 ] } },
{ "type": "Feature", "properties": { "node_id": 821, "node_type": "Pump", "name": "Bloemendalergouw", "subnetwork_id": null, "source_priority": null, "cyclic_time": false, "meta_categorie": null, "meta_waterbeheerder": null, "meta_node_id": 821.0, "meta_old_node_id": null, "meta_couple_authority": null }, "geometry": { "type": "Point", "coordinates": [ 128794.157999999748426, 489964.388000000268221 ] } },
{ "type": "Feature", "properties": { "node_id": 822, "node_type": "Pump", "name": "De Zwerver", "subnetwork_id": null, "source_priority": null, "cyclic_time": false, "meta_categorie": null, "meta_waterbeheerder": null, "meta_node_id": 822.0, "meta_old_node_id": null, "meta_couple_authority": null }, "geometry": { "type": "Point", "coordinates": [ 113467.535000004660105, 501906.994000000471715 ] } },
{ "type": "Feature", "properties": { "node_id": 825, "node_type": "Pump", "name": "Vier Noorder Koggen (laag)", "subnetwork_id": null, "source_priority": null, "cyclic_time": false, "meta_categorie": null, "meta_waterbeheerder": null, "meta_node_id": 825.0, "meta_old_node_id": null, "meta_couple_authority": null }, "geometry": { "type": "Point", "coordinates": [ 138774.986900004034396, 528010.516200000420213 ] } },
{ "type": "Feature", "properties": { "node_id": 826, "node_type": "Outlet", "name": "", "subnetwork_id": null, "source_priority": null, "cyclic_time": false, "meta_categorie": null, "meta_waterbeheerder": null, "meta_node_id": 826.0, "meta_old_node_id": null, "meta_couple_authority": null }, "geometry": { "type": "Point", "coordinates": [ 124846.000999998301268, 518422.596999999135733 ] } },
{ "type": "Feature", "properties": { "node_id": 827, "node_type": "Pump", "name": "Purmerland West", "subnetwork_id": null, "source_priority": null, "cyclic_time": false, "meta_categorie": null, "meta_waterbeheerder": null, "meta_node_id": 827.0, "meta_old_node_id": null, "meta_couple_authority": null }, "geometry": { "type": "Point", "coordinates": [ 123167.513999997798237, 498708.664000000979286 ] } },
{ "type": "Feature", "properties": { "node_id": 828, "node_type": "Outlet", "name": "", "subnetwork_id": null, "source_priority": null, "cyclic_time": false, "meta_categorie": null, "meta_waterbeheerder": null, "meta_node_id": 828.0, "meta_old_node_id": null, "meta_couple_authority": null }, "geometry": { "type": "Point", "coordinates": [ 126370.222300001914846, 495046.561900003231131 ] } },
{ "type": "Feature", "properties": { "node_id": 830, "node_type": "Pump", "name": "De Lage Hoek", "subnetwork_id": null, "source_priority": null, "cyclic_time": false, "meta_categorie": null, "meta_waterbeheerder": null, "meta_node_id": 830.0, "meta_old_node_id": null, "meta_couple_authority": null }, "geometry": { "type": "Point", "coordinates": [ 122072.943000000508619, 523770.093000000808388 ] } },
{ "type": "Feature", "properties": { "node_id": 831, "node_type": "Outlet", "name": "", "subnetwork_id": null, "source_priority": null, "cyclic_time": false, "meta_categorie": null, "meta_waterbeheerder": null, "meta_node_id": 831.0, "meta_old_node_id": null, "meta_couple_authority": null }, "geometry": { "type": "Point", "coordinates": [ 136214.973999999434454, 535673.826000001048669 ] } },
{ "type": "Feature", "properties": { "node_id": 832, "node_type": "Pump", "name": "De Hoelm (laag)", "subnetwork_id": null, "source_priority": null, "cyclic_time": false, "meta_categorie": null, "meta_waterbeheerder": null, "meta_node_id": 832.0, "meta_old_node_id": null, "meta_couple_authority": null }, "geometry": { "type": "Point", "coordinates": [ 124901.504097050332348, 544869.532102357596159 ] } },
{ "type": "Feature", "properties": { "node_id": 833, "node_type": "Pump", "name": "Liniedijk Uitgeest", "subnetwork_id": null, "source_priority": null, "cyclic_time": false, "meta_categorie": null, "meta_waterbeheerder": null, "meta_node_id": 833.0, "meta_old_node_id": null, "meta_couple_authority": null }, "geometry": { "type": "Point", "coordinates": [ 111614.269600001076469, 502593.234499999613035 ] } },
{ "type": "Feature", "properties": { "node_id": 834, "node_type": "Pump", "name": "Philisteinse molen", "subnetwork_id": null, "source_priority": null, "cyclic_time": false, "meta_categorie": null, "meta_waterbeheerder": null, "meta_node_id": 834.0, "meta_old_node_id": null, "meta_couple_authority": null }, "geometry": { "type": "Point", "coordinates": [ 107192.991999998572282, 518416.463000002666377 ] } },
{ "type": "Feature", "properties": { "node_id": 835, "node_type": "Pump", "name": "Menningweer", "subnetwork_id": null, "source_priority": null, "cyclic_time": false, "meta_categorie": null, "meta_waterbeheerder": null, "meta_node_id": 835.0, "meta_old_node_id": null, "meta_couple_authority": null }, "geometry": { "type": "Point", "coordinates": [ 117879.931059424983687, 511213.331015765084885 ] } },
{ "type": "Feature", "properties": { "node_id": 836, "node_type": "Pump", "name": "KGM-T-1", "subnetwork_id": null, "source_priority": null, "cyclic_time": false, "meta_categorie": null, "meta_waterbeheerder": null, "meta_node_id": 836.0, "meta_old_node_id": null, "meta_couple_authority": null }, "geometry": { "type": "Point", "coordinates": [ 135520.670999998983461, 525281.810999999754131 ] } },
{ "type": "Feature", "properties": { "node_id": 837, "node_type": "Pump", "name": "KGM-Q-25391", "subnetwork_id": null, "source_priority": null, "cyclic_time": false, "meta_categorie": null, "meta_waterbeheerder": null, "meta_node_id": 837.0, "meta_old_node_id": null, "meta_couple_authority": null }, "geometry": { "type": "Point", "coordinates": [ 114186.894000001586392, 542769.888000000384636 ] } },
{ "type": "Feature", "properties": { "node_id": 840, "node_type": "Outlet", "name": "", "subnetwork_id": null, "source_priority": null, "cyclic_time": false, "meta_categorie": null, "meta_waterbeheerder": null, "meta_node_id": 840.0, "meta_old_node_id": null, "meta_couple_authority": null }, "geometry": { "type": "Point", "coordinates": [ 114980.935999999768683, 522048.283000002847984 ] } },
{ "type": "Feature", "properties": { "node_id": 841, "node_type": "Pump", "name": "Wimmenummer", "subnetwork_id": null, "source_priority": null, "cyclic_time": false, "meta_categorie": null, "meta_waterbeheerder": null, "meta_node_id": 841.0, "meta_old_node_id": null, "meta_couple_authority": null }, "geometry": { "type": "Point", "coordinates": [ 106864.153000001315377, 517194.435800000792369 ] } },
{ "type": "Feature", "properties": { "node_id": 842, "node_type": "Outlet", "name": "", "subnetwork_id": null, "source_priority": null, "cyclic_time": false, "meta_categorie": null, "meta_waterbeheerder": null, "meta_node_id": 842.0, "meta_old_node_id": null, "meta_couple_authority": null }, "geometry": { "type": "Point", "coordinates": [ 106880.653999999252846, 508444.649000000208616 ] } },
{ "type": "Feature", "properties": { "node_id": 843, "node_type": "Outlet", "name": "", "subnetwork_id": null, "source_priority": null, "cyclic_time": false, "meta_categorie": null, "meta_waterbeheerder": null, "meta_node_id": 843.0, "meta_old_node_id": null, "meta_couple_authority": null }, "geometry": { "type": "Point", "coordinates": [ 132591.424999999842839, 502676.091100000194274 ] } },
{ "type": "Feature", "properties": { "node_id": 846, "node_type": "Outlet", "name": "", "subnetwork_id": null, "source_priority": null, "cyclic_time": false, "meta_categorie": null, "meta_waterbeheerder": null, "meta_node_id": 846.0, "meta_old_node_id": null, "meta_couple_authority": null }, "geometry": { "type": "Point", "coordinates": [ 118240.870000001377775, 530657.399999998626299 ] } },
{ "type": "Feature", "properties": { "node_id": 847, "node_type": "Pump", "name": "Groot-Limmerpolder Noord", "subnetwork_id": null, "source_priority": null, "cyclic_time": false, "meta_categorie": null, "meta_waterbeheerder": null, "meta_node_id": 847.0, "meta_old_node_id": null, "meta_couple_authority": null }, "geometry": { "type": "Point", "coordinates": [ 111127.230000000039581, 510372.256999999459367 ] } },
{ "type": "Feature", "properties": { "node_id": 848, "node_type": "Pump", "name": "Wijzend", "subnetwork_id": null, "source_priority": null, "cyclic_time": false, "meta_categorie": null, "meta_waterbeheerder": null, "meta_node_id": 848.0, "meta_old_node_id": null, "meta_couple_authority": null }, "geometry": { "type": "Point", "coordinates": [ 131113.228999998274958, 522748.272999999171589 ] } },
{ "type": "Feature", "properties": { "node_id": 849, "node_type": "Pump", "name": "NG", "subnetwork_id": null, "source_priority": null, "cyclic_time": false, "meta_categorie": null, "meta_waterbeheerder": null, "meta_node_id": 849.0, "meta_old_node_id": null, "meta_couple_authority": null }, "geometry": { "type": "Point", "coordinates": [ 110113.590999999301857, 532003.286999998963438 ] } },
{ "type": "Feature", "properties": { "node_id": 850, "node_type": "Outlet", "name": "", "subnetwork_id": null, "source_priority": null, "cyclic_time": false, "meta_categorie": null, "meta_waterbeheerder": null, "meta_node_id": 850.0, "meta_old_node_id": null, "meta_couple_authority": null }, "geometry": { "type": "Point", "coordinates": [ 119852.588011998901493, 503857.833523588429671 ] } },
{ "type": "Feature", "properties": { "node_id": 851, "node_type": "Pump", "name": "KGM-Q-24933", "subnetwork_id": null, "source_priority": null, "cyclic_time": false, "meta_categorie": null, "meta_waterbeheerder": null, "meta_node_id": 851.0, "meta_old_node_id": null, "meta_couple_authority": null }, "geometry": { "type": "Point", "coordinates": [ 115663.795999999740161, 539354.13699999707751 ] } },
{ "type": "Feature", "properties": { "node_id": 852, "node_type": "Pump", "name": "Balgdijk", "subnetwork_id": null, "source_priority": null, "cyclic_time": false, "meta_categorie": null, "meta_waterbeheerder": null, "meta_node_id": 852.0, "meta_old_node_id": null, "meta_couple_authority": null }, "geometry": { "type": "Point", "coordinates": [ 120219.933023801262607, 544514.887039692141116 ] } },
{ "type": "Feature", "properties": { "node_id": 853, "node_type": "Pump", "name": "<Null>", "subnetwork_id": null, "source_priority": null, "cyclic_time": false, "meta_categorie": null, "meta_waterbeheerder": null, "meta_node_id": 853.0, "meta_old_node_id": null, "meta_couple_authority": null }, "geometry": { "type": "Point", "coordinates": [ 120988.333000000580796, 527864.214999999734573 ] } },
{ "type": "Feature", "properties": { "node_id": 854, "node_type": "Outlet", "name": "", "subnetwork_id": null, "source_priority": null, "cyclic_time": false, "meta_categorie": null, "meta_waterbeheerder": null, "meta_node_id": 854.0, "meta_old_node_id": null, "meta_couple_authority": null }, "geometry": { "type": "Point", "coordinates": [ 106826.889300005466794, 520013.678299999504816 ] } },
{ "type": "Feature", "properties": { "node_id": 856, "node_type": "Pump", "name": "Poldermolen O", "subnetwork_id": null, "source_priority": null, "cyclic_time": false, "meta_categorie": null, "meta_waterbeheerder": null, "meta_node_id": 856.0, "meta_old_node_id": null, "meta_couple_authority": null }, "geometry": { "type": "Point", "coordinates": [ 119073.796599999055616, 512727.081199999898672 ] } },
{ "type": "Feature", "properties": { "node_id": 857, "node_type": "Outlet", "name": "", "subnetwork_id": null, "source_priority": null, "cyclic_time": false, "meta_categorie": null, "meta_waterbeheerder": null, "meta_node_id": 857.0, "meta_old_node_id": null, "meta_couple_authority": null }, "geometry": { "type": "Point", "coordinates": [ 111232.564000000144006, 514261.932999999437016 ] } },
{ "type": "Feature", "properties": { "node_id": 858, "node_type": "Outlet", "name": "", "subnetwork_id": null, "source_priority": null, "cyclic_time": false, "meta_categorie": null, "meta_waterbeheerder": null, "meta_node_id": 858.0, "meta_old_node_id": null, "meta_couple_authority": null }, "geometry": { "type": "Point", "coordinates": [ 125035.658099998181569, 514799.015299998398405 ] } },
{ "type": "Feature", "properties": { "node_id": 859, "node_type": "Outlet", "name": "", "subnetwork_id": null, "source_priority": null, "cyclic_time": false, "meta_categorie": null, "meta_waterbeheerder": null, "meta_node_id": 859.0, "meta_old_node_id": null, "meta_couple_authority": null }, "geometry": { "type": "Point", "coordinates": [ 133255.062172983307391, 530603.378903015283868 ] } },
{ "type": "Feature", "properties": { "node_id": 860, "node_type": "Pump", "name": "Noordermolen", "subnetwork_id": null, "source_priority": null, "cyclic_time": false, "meta_categorie": null, "meta_waterbeheerder": null, "meta_node_id": 860.0, "meta_old_node_id": null, "meta_couple_authority": null }, "geometry": { "type": "Point", "coordinates": [ 111146.575500000253669, 510366.749800000339746 ] } },
{ "type": "Feature", "properties": { "node_id": 861, "node_type": "Outlet", "name": "", "subnetwork_id": null, "source_priority": null, "cyclic_time": false, "meta_categorie": null, "meta_waterbeheerder": null, "meta_node_id": 861.0, "meta_old_node_id": null, "meta_couple_authority": null }, "geometry": { "type": "Point", "coordinates": [ 109365.208000000027823, 515747.885000002512243 ] } },
{ "type": "Feature", "properties": { "node_id": 862, "node_type": "Outlet", "name": "", "subnetwork_id": null, "source_priority": null, "cyclic_time": false, "meta_categorie": null, "meta_waterbeheerder": null, "meta_node_id": 862.0, "meta_old_node_id": null, "meta_couple_authority": null }, "geometry": { "type": "Point", "coordinates": [ 111399.613000002034823, 514945.028999999223743 ] } },
{ "type": "Feature", "properties": { "node_id": 863, "node_type": "Outlet", "name": "", "subnetwork_id": null, "source_priority": null, "cyclic_time": false, "meta_categorie": null, "meta_waterbeheerder": null, "meta_node_id": 863.0, "meta_old_node_id": null, "meta_couple_authority": null }, "geometry": { "type": "Point", "coordinates": [ 109540.074000000124215, 519431.772999999520835 ] } },
{ "type": "Feature", "properties": { "node_id": 864, "node_type": "Outlet", "name": "", "subnetwork_id": null, "source_priority": null, "cyclic_time": false, "meta_categorie": null, "meta_waterbeheerder": null, "meta_node_id": 864.0, "meta_old_node_id": null, "meta_couple_authority": null }, "geometry": { "type": "Point", "coordinates": [ 119995.718099999750848, 517788.090700000873767 ] } },
{ "type": "Feature", "properties": { "node_id": 866, "node_type": "Outlet", "name": "", "subnetwork_id": null, "source_priority": null, "cyclic_time": false, "meta_categorie": null, "meta_waterbeheerder": null, "meta_node_id": 866.0, "meta_old_node_id": null, "meta_couple_authority": null }, "geometry": { "type": "Point", "coordinates": [ 130869.986000000455533, 547319.437000002595596 ] } },
{ "type": "Feature", "properties": { "node_id": 867, "node_type": "Pump", "name": "Molletjesveer", "subnetwork_id": null, "source_priority": null, "cyclic_time": false, "meta_categorie": null, "meta_waterbeheerder": null, "meta_node_id": 867.0, "meta_old_node_id": null, "meta_couple_authority": null }, "geometry": { "type": "Point", "coordinates": [ 113683.364999998404528, 503158.146000001521315 ] } },
{ "type": "Feature", "properties": { "node_id": 868, "node_type": "Pump", "name": "KGM-Q-25196", "subnetwork_id": null, "source_priority": null, "cyclic_time": false, "meta_categorie": null, "meta_waterbeheerder": null, "meta_node_id": 868.0, "meta_old_node_id": null, "meta_couple_authority": null }, "geometry": { "type": "Point", "coordinates": [ 111107.416000000288477, 542222.513999998336658 ] } },
{ "type": "Feature", "properties": { "node_id": 869, "node_type": "Outlet", "name": "", "subnetwork_id": null, "source_priority": null, "cyclic_time": false, "meta_categorie": null, "meta_waterbeheerder": null, "meta_node_id": 869.0, "meta_old_node_id": null, "meta_couple_authority": null }, "geometry": { "type": "Point", "coordinates": [ 114630.951000001106877, 530958.868999998900108 ] } },
{ "type": "Feature", "properties": { "node_id": 870, "node_type": "Pump", "name": "Baafjespolder", "subnetwork_id": null, "source_priority": null, "cyclic_time": false, "meta_categorie": null, "meta_waterbeheerder": null, "meta_node_id": 870.0, "meta_old_node_id": null, "meta_couple_authority": null }, "geometry": { "type": "Point", "coordinates": [ 108240.960999998977059, 514251.019000001426321 ] } },
{ "type": "Feature", "properties": { "node_id": 871, "node_type": "Outlet", "name": "", "subnetwork_id": null, "source_priority": null, "cyclic_time": false, "meta_categorie": null, "meta_waterbeheerder": null, "meta_node_id": 871.0, "meta_old_node_id": null, "meta_couple_authority": null }, "geometry": { "type": "Point", "coordinates": [ 120496.373399999007233, 517013.602699998707976 ] } },
{ "type": "Feature", "properties": { "node_id": 873, "node_type": "Pump", "name": "IJdoorn", "subnetwork_id": null, "source_priority": null, "cyclic_time": false, "meta_categorie": null, "meta_waterbeheerder": null, "meta_node_id": 873.0, "meta_old_node_id": null, "meta_couple_authority": null }, "geometry": { "type": "Point", "coordinates": [ 128531.940999999278574, 488064.454999998793937 ] } },
{ "type": "Feature", "properties": { "node_id": 874, "node_type": "Pump", "name": "KGM-Q-24890", "subnetwork_id": null, "source_priority": null, "cyclic_time": false, "meta_categorie": null, "meta_waterbeheerder": null, "meta_node_id": 874.0, "meta_old_node_id": null, "meta_couple_authority": null }, "geometry": { "type": "Point", "coordinates": [ 114313.149000002056709, 539644.11200000019744 ] } },
{ "type": "Feature", "properties": { "node_id": 875, "node_type": "Outlet", "name": "", "subnetwork_id": null, "source_priority": null, "cyclic_time": false, "meta_categorie": null, "meta_waterbeheerder": null, "meta_node_id": 875.0, "meta_old_node_id": null, "meta_couple_authority": null }, "geometry": { "type": "Point", "coordinates": [ 111653.551398633615463, 523827.465866654820275 ] } },
{ "type": "Feature", "properties": { "node_id": 876, "node_type": "Outlet", "name": "", "subnetwork_id": null, "source_priority": null, "cyclic_time": false, "meta_categorie": null, "meta_waterbeheerder": null, "meta_node_id": 876.0, "meta_old_node_id": null, "meta_couple_authority": null }, "geometry": { "type": "Point", "coordinates": [ 148767.379999998956919, 524344.14299999922514 ] } },
{ "type": "Feature", "properties": { "node_id": 877, "node_type": "Pump", "name": "KGM-JH-5080", "subnetwork_id": null, "source_priority": null, "cyclic_time": false, "meta_categorie": null, "meta_waterbeheerder": null, "meta_node_id": 877.0, "meta_old_node_id": null, "meta_couple_authority": null }, "geometry": { "type": "Point", "coordinates": [ 131074.646000001579523, 491025.026299998164177 ] } },
{ "type": "Feature", "properties": { "node_id": 878, "node_type": "Outlet", "name": "", "subnetwork_id": null, "source_priority": null, "cyclic_time": false, "meta_categorie": null, "meta_waterbeheerder": null, "meta_node_id": 878.0, "meta_old_node_id": null, "meta_couple_authority": null }, "geometry": { "type": "Point", "coordinates": [ 122103.099100001374609, 491697.575300001190044 ] } },
{ "type": "Feature", "properties": { "node_id": 879, "node_type": "Pump", "name": "KGM-Q-24888", "subnetwork_id": null, "source_priority": null, "cyclic_time": false, "meta_categorie": null, "meta_waterbeheerder": null, "meta_node_id": 879.0, "meta_old_node_id": null, "meta_couple_authority": null }, "geometry": { "type": "Point", "coordinates": [ 114072.980000000883592, 539463.256000001099892 ] } },
{ "type": "Feature", "properties": { "node_id": 880, "node_type": "Pump", "name": "Bergermeer", "subnetwork_id": null, "source_priority": null, "cyclic_time": false, "meta_categorie": null, "meta_waterbeheerder": null, "meta_node_id": 880.0, "meta_old_node_id": null, "meta_couple_authority": null }, "geometry": { "type": "Point", "coordinates": [ 110802.554000000382075, 518088.723000001802575 ] } },
{ "type": "Feature", "properties": { "node_id": 881, "node_type": "Outlet", "name": "", "subnetwork_id": null, "source_priority": null, "cyclic_time": false, "meta_categorie": null, "meta_waterbeheerder": null, "meta_node_id": 881.0, "meta_old_node_id": null, "meta_couple_authority": null }, "geometry": { "type": "Point", "coordinates": [ 131035.085073531532544, 497384.035962156369351 ] } },
{ "type": "Feature", "properties": { "node_id": 882, "node_type": "Outlet", "name": "", "subnetwork_id": null, "source_priority": null, "cyclic_time": false, "meta_categorie": null, "meta_waterbeheerder": null, "meta_node_id": 882.0, "meta_old_node_id": null, "meta_couple_authority": null }, "geometry": { "type": "Point", "coordinates": [ 109062.287000001000706, 536616.311000000685453 ] } },
{ "type": "Feature", "properties": { "node_id": 883, "node_type": "Pump", "name": "Drieban", "subnetwork_id": null, "source_priority": null, "cyclic_time": false, "meta_categorie": null, "meta_waterbeheerder": null, "meta_node_id": 883.0, "meta_old_node_id": null, "meta_couple_authority": null }, "geometry": { "type": "Point", "coordinates": [ 145188.816000012797303, 520608.653000000864267 ] } },
{ "type": "Feature", "properties": { "node_id": 885, "node_type": "Pump", "name": "Prins Hendrik", "subnetwork_id": null, "source_priority": null, "cyclic_time": false, "meta_categorie": null, "meta_waterbeheerder": null, "meta_node_id": 885.0, "meta_old_node_id": null, "meta_couple_authority": null }, "geometry": { "type": "Point", "coordinates": [ 115836.865200006621308, 559155.902999997371808 ] } },
{ "type": "Feature", "properties": { "node_id": 887, "node_type": "Outlet", "name": "", "subnetwork_id": null, "source_priority": null, "cyclic_time": false, "meta_categorie": null, "meta_waterbeheerder": null, "meta_node_id": 887.0, "meta_old_node_id": null, "meta_couple_authority": null }, "geometry": { "type": "Point", "coordinates": [ 132254.165600001899293, 497965.930900003004353 ] } },
{ "type": "Feature", "properties": { "node_id": 888, "node_type": "Pump", "name": "Scheltinga Winterberg", "subnetwork_id": null, "source_priority": null, "cyclic_time": false, "meta_categorie": null, "meta_waterbeheerder": null, "meta_node_id": 888.0, "meta_old_node_id": null, "meta_couple_authority": null }, "geometry": { "type": "Point", "coordinates": [ 122074.15300000726711, 533664.428999999188818 ] } },
{ "type": "Feature", "properties": { "node_id": 892, "node_type": "Pump", "name": "Mijzen", "subnetwork_id": null, "source_priority": null, "cyclic_time": false, "meta_categorie": null, "meta_waterbeheerder": null, "meta_node_id": 892.0, "meta_old_node_id": null, "meta_couple_authority": null }, "geometry": { "type": "Point", "coordinates": [ 124143.846700001173303, 514487.222500001953449 ] } },
{ "type": "Feature", "properties": { "node_id": 893, "node_type": "Pump", "name": "Huygendijk", "subnetwork_id": null, "source_priority": null, "cyclic_time": false, "meta_categorie": null, "meta_waterbeheerder": null, "meta_node_id": 893.0, "meta_old_node_id": null, "meta_couple_authority": null }, "geometry": { "type": "Point", "coordinates": [ 115371.280999998271, 516730.370000001625158 ] } },
{ "type": "Feature", "properties": { "node_id": 894, "node_type": "Outlet", "name": "", "subnetwork_id": null, "source_priority": null, "cyclic_time": false, "meta_categorie": null, "meta_waterbeheerder": null, "meta_node_id": 894.0, "meta_old_node_id": null, "meta_couple_authority": null }, "geometry": { "type": "Point", "coordinates": [ 137477.986999999935506, 516007.668000001576729 ] } },
{ "type": "Feature", "properties": { "node_id": 895, "node_type": "Pump", "name": "NM", "subnetwork_id": null, "source_priority": null, "cyclic_time": false, "meta_categorie": null, "meta_waterbeheerder": null, "meta_node_id": 895.0, "meta_old_node_id": null, "meta_couple_authority": null }, "geometry": { "type": "Point", "coordinates": [ 108374.186099998478312, 532086.826200000708923 ] } },
{ "type": "Feature", "properties": { "node_id": 896, "node_type": "Outlet", "name": "", "subnetwork_id": null, "source_priority": null, "cyclic_time": false, "meta_categorie": null, "meta_waterbeheerder": null, "meta_node_id": 896.0, "meta_old_node_id": null, "meta_couple_authority": null }, "geometry": { "type": "Point", "coordinates": [ 112227.017496451240731, 511757.024522342020646 ] } },
{ "type": "Feature", "properties": { "node_id": 897, "node_type": "Pump", "name": "Wijkermeer", "subnetwork_id": null, "source_priority": null, "cyclic_time": false, "meta_categorie": null, "meta_waterbeheerder": null, "meta_node_id": 897.0, "meta_old_node_id": null, "meta_couple_authority": null }, "geometry": { "type": "Point", "coordinates": [ 106566.041999999113614, 496916.282999999704771 ] } },
{ "type": "Feature", "properties": { "node_id": 899, "node_type": "Pump", "name": "KGM-Q-25265", "subnetwork_id": null, "source_priority": null, "cyclic_time": false, "meta_categorie": null, "meta_waterbeheerder": null, "meta_node_id": 899.0, "meta_old_node_id": null, "meta_couple_authority": null }, "geometry": { "type": "Point", "coordinates": [ 112673.340999998123152, 540683.559000000241213 ] } },
{ "type": "Feature", "properties": { "node_id": 900, "node_type": "Outlet", "name": "", "subnetwork_id": null, "source_priority": null, "cyclic_time": false, "meta_categorie": null, "meta_waterbeheerder": null, "meta_node_id": 900.0, "meta_old_node_id": null, "meta_couple_authority": null }, "geometry": { "type": "Point", "coordinates": [ 127599.613800002160133, 497308.976599997025914 ] } },
{ "type": "Feature", "properties": { "node_id": 902, "node_type": "Outlet", "name": "", "subnetwork_id": null, "source_priority": null, "cyclic_time": false, "meta_categorie": null, "meta_waterbeheerder": null, "meta_node_id": 902.0, "meta_old_node_id": null, "meta_couple_authority": null }, "geometry": { "type": "Point", "coordinates": [ 110475.840999999301857, 536454.316000001621433 ] } },
{ "type": "Feature", "properties": { "node_id": 903, "node_type": "Pump", "name": "Nauerna", "subnetwork_id": null, "source_priority": null, "cyclic_time": false, "meta_categorie": null, "meta_waterbeheerder": null, "meta_node_id": 903.0, "meta_old_node_id": null, "meta_couple_authority": null }, "geometry": { "type": "Point", "coordinates": [ 111639.776099997747224, 494910.004200001363643 ] } },
{ "type": "Feature", "properties": { "node_id": 904, "node_type": "Outlet", "name": "", "subnetwork_id": null, "source_priority": null, "cyclic_time": false, "meta_categorie": null, "meta_waterbeheerder": null, "meta_node_id": 904.0, "meta_old_node_id": null, "meta_couple_authority": null }, "geometry": { "type": "Point", "coordinates": [ 111636.649899998155888, 494914.267800002824515 ] } },
{ "type": "Feature", "properties": { "node_id": 905, "node_type": "Pump", "name": "J.C. de Leeuw", "subnetwork_id": null, "source_priority": null, "cyclic_time": false, "meta_categorie": null, "meta_waterbeheerder": null, "meta_node_id": 905.0, "meta_old_node_id": null, "meta_couple_authority": null }, "geometry": { "type": "Point", "coordinates": [ 120149.842999999091262, 544111.026999999186955 ] } },
{ "type": "Feature", "properties": { "node_id": 906, "node_type": "Pump", "name": "Overtoom", "subnetwork_id": null, "source_priority": null, "cyclic_time": false, "meta_categorie": null, "meta_waterbeheerder": null, "meta_node_id": 906.0, "meta_old_node_id": null, "meta_couple_authority": null }, "geometry": { "type": "Point", "coordinates": [ 113982.613000001612818, 493852.410999998450279 ] } },
{ "type": "Feature", "properties": { "node_id": 907, "node_type": "ManningResistance", "name": "", "subnetwork_id": null, "source_priority": null, "cyclic_time": false, "meta_categorie": null, "meta_waterbeheerder": null, "meta_node_id": 907.0, "meta_old_node_id": null, "meta_couple_authority": null }, "geometry": { "type": "Point", "coordinates": [ 105985.85259999979462, 530758.796100001549348 ] } },
{ "type": "Feature", "properties": { "node_id": 908, "node_type": "Pump", "name": "I-Noord", "subnetwork_id": null, "source_priority": null, "cyclic_time": false, "meta_categorie": null, "meta_waterbeheerder": null, "meta_node_id": 908.0, "meta_old_node_id": null, "meta_couple_authority": null }, "geometry": { "type": "Point", "coordinates": [ 113703.513000000632019, 536010.032000001752749 ] } },
{ "type": "Feature", "properties": { "node_id": 909, "node_type": "Pump", "name": "O", "subnetwork_id": null, "source_priority": null, "cyclic_time": false, "meta_categorie": null, "meta_waterbeheerder": null, "meta_node_id": 909.0, "meta_old_node_id": null, "meta_couple_authority": null }, "geometry": { "type": "Point", "coordinates": [ 113727.817000002847635, 537565.982000001240522 ] } },
{ "type": "Feature", "properties": { "node_id": 910, "node_type": "Pump", "name": "Molen OT", "subnetwork_id": null, "source_priority": null, "cyclic_time": false, "meta_categorie": null, "meta_waterbeheerder": null, "meta_node_id": 910.0, "meta_old_node_id": null, "meta_couple_authority": null }, "geometry": { "type": "Point", "coordinates": [ 112317.030299998703413, 536883.429099998087622 ] } },
{ "type": "Feature", "properties": { "node_id": 913, "node_type": "Pump", "name": "Eendrachtspolder-Midden", "subnetwork_id": null, "source_priority": null, "cyclic_time": false, "meta_categorie": null, "meta_waterbeheerder": null, "meta_node_id": 913.0, "meta_old_node_id": null, "meta_couple_authority": null }, "geometry": { "type": "Point", "coordinates": [ 111141.94900000130292, 517136.499000002280809 ] } },
{ "type": "Feature", "properties": { "node_id": 914, "node_type": "Pump", "name": "Beetskoog", "subnetwork_id": null, "source_priority": null, "cyclic_time": false, "meta_categorie": null, "meta_waterbeheerder": null, "meta_node_id": 914.0, "meta_old_node_id": null, "meta_couple_authority": null }, "geometry": { "type": "Point", "coordinates": [ 127169.519499998132233, 512625.895700000284705 ] } },
{ "type": "Feature", "properties": { "node_id": 915, "node_type": "Outlet", "name": "", "subnetwork_id": null, "source_priority": null, "cyclic_time": false, "meta_categorie": null, "meta_waterbeheerder": null, "meta_node_id": 915.0, "meta_old_node_id": null, "meta_couple_authority": null }, "geometry": { "type": "Point", "coordinates": [ 134833.14000000001397, 543406.256000001216307 ] } },
{ "type": "Feature", "properties": { "node_id": 916, "node_type": "Pump", "name": "Huisduinen", "subnetwork_id": null, "source_priority": null, "cyclic_time": false, "meta_categorie": null, "meta_waterbeheerder": null, "meta_node_id": 916.0, "meta_old_node_id": null, "meta_couple_authority": null }, "geometry": { "type": "Point", "coordinates": [ 111727.453000002467888, 552366.284600001526996 ] } },
{ "type": "Feature", "properties": { "node_id": 917, "node_type": "Outlet", "name": "", "subnetwork_id": null, "source_priority": null, "cyclic_time": false, "meta_categorie": null, "meta_waterbeheerder": null, "meta_node_id": 917.0, "meta_old_node_id": null, "meta_couple_authority": null }, "geometry": { "type": "Point", "coordinates": [ 105274.660999997635372, 498960.60500000132015 ] } },
{ "type": "Feature", "properties": { "node_id": 918, "node_type": "Outlet", "name": "", "subnetwork_id": null, "source_priority": null, "cyclic_time": false, "meta_categorie": null, "meta_waterbeheerder": null, "meta_node_id": 918.0, "meta_old_node_id": null, "meta_couple_authority": null }, "geometry": { "type": "Point", "coordinates": [ 113752.576000002358342, 544117.543000003090128 ] } },
{ "type": "Feature", "properties": { "node_id": 919, "node_type": "Outlet", "name": "", "subnetwork_id": null, "source_priority": null, "cyclic_time": false, "meta_categorie": null, "meta_waterbeheerder": null, "meta_node_id": 919.0, "meta_old_node_id": null, "meta_couple_authority": null }, "geometry": { "type": "Point", "coordinates": [ 132583.360800000897143, 493928.856699999596458 ] } },
{ "type": "Feature", "properties": { "node_id": 920, "node_type": "Outlet", "name": "", "subnetwork_id": null, "source_priority": null, "cyclic_time": false, "meta_categorie": null, "meta_waterbeheerder": null, "meta_node_id": 920.0, "meta_old_node_id": null, "meta_couple_authority": null }, "geometry": { "type": "Point", "coordinates": [ 105857.142700001655612, 528789.688400000333786 ] } },
{ "type": "Feature", "properties": { "node_id": 922, "node_type": "Outlet", "name": "", "subnetwork_id": null, "source_priority": null, "cyclic_time": false, "meta_categorie": null, "meta_waterbeheerder": null, "meta_node_id": 922.0, "meta_old_node_id": null, "meta_couple_authority": null }, "geometry": { "type": "Point", "coordinates": [ 129550.41670000187878, 494464.232200000609737 ] } },
{ "type": "Feature", "properties": { "node_id": 923, "node_type": "Pump", "name": "KGM-Q-29292", "subnetwork_id": null, "source_priority": null, "cyclic_time": false, "meta_categorie": null, "meta_waterbeheerder": null, "meta_node_id": 923.0, "meta_old_node_id": null, "meta_couple_authority": null }, "geometry": { "type": "Point", "coordinates": [ 129574.199999998396379, 494414.377999999909662 ] } },
{ "type": "Feature", "properties": { "node_id": 924, "node_type": "Outlet", "name": "", "subnetwork_id": null, "source_priority": null, "cyclic_time": false, "meta_categorie": null, "meta_waterbeheerder": null, "meta_node_id": 924.0, "meta_old_node_id": null, "meta_couple_authority": null }, "geometry": { "type": "Point", "coordinates": [ 127612.418999999543303, 511015.116000001551583 ] } },
{ "type": "Feature", "properties": { "node_id": 925, "node_type": "Pump", "name": "KGM-B-1797", "subnetwork_id": null, "source_priority": null, "cyclic_time": false, "meta_categorie": null, "meta_waterbeheerder": null, "meta_node_id": 925.0, "meta_old_node_id": null, "meta_couple_authority": null }, "geometry": { "type": "Point", "coordinates": [ 113426.011999999187537, 539922.784999999799766 ] } },
{ "type": "Feature", "properties": { "node_id": 926, "node_type": "Outlet", "name": "", "subnetwork_id": null, "source_priority": null, "cyclic_time": false, "meta_categorie": null, "meta_waterbeheerder": null, "meta_node_id": 926.0, "meta_old_node_id": null, "meta_couple_authority": null }, "geometry": { "type": "Point", "coordinates": [ 121240.467000000237022, 534352.65500000026077 ] } },
{ "type": "Feature", "properties": { "node_id": 927, "node_type": "Outlet", "name": "", "subnetwork_id": null, "source_priority": null, "cyclic_time": false, "meta_categorie": null, "meta_waterbeheerder": null, "meta_node_id": 927.0, "meta_old_node_id": null, "meta_couple_authority": null }, "geometry": { "type": "Point", "coordinates": [ 109607.32420000086131, 504678.854299999598879 ] } },
{ "type": "Feature", "properties": { "node_id": 928, "node_type": "Pump", "name": "Westerkogge (hoog peil)", "subnetwork_id": null, "source_priority": null, "cyclic_time": false, "meta_categorie": null, "meta_waterbeheerder": null, "meta_node_id": 928.0, "meta_old_node_id": null, "meta_couple_authority": null }, "geometry": { "type": "Point", "coordinates": [ 129795.395500000333413, 515329.827700000198092 ] } },
{ "type": "Feature", "properties": { "node_id": 929, "node_type": "Pump", "name": "KGM-Q-25197", "subnetwork_id": null, "source_priority": null, "cyclic_time": false, "meta_categorie": null, "meta_waterbeheerder": null, "meta_node_id": 929.0, "meta_old_node_id": null, "meta_couple_authority": null }, "geometry": { "type": "Point", "coordinates": [ 110829.074599999090424, 542413.820799999521114 ] } },
{ "type": "Feature", "properties": { "node_id": 930, "node_type": "Pump", "name": "Huiswaard 1", "subnetwork_id": null, "source_priority": null, "cyclic_time": false, "meta_categorie": null, "meta_waterbeheerder": null, "meta_node_id": 930.0, "meta_old_node_id": null, "meta_couple_authority": null }, "geometry": { "type": "Point", "coordinates": [ 111616.557999992903206, 517287.993000000889879 ] } },
{ "type": "Feature", "properties": { "node_id": 931, "node_type": "Pump", "name": "Zeevang", "subnetwork_id": null, "source_priority": null, "cyclic_time": false, "meta_categorie": null, "meta_waterbeheerder": null, "meta_node_id": 931.0, "meta_old_node_id": null, "meta_couple_authority": null }, "geometry": { "type": "Point", "coordinates": [ 129145.392999999108724, 504525.530999999318738 ] } },
{ "type": "Feature", "properties": { "node_id": 932, "node_type": "Outlet", "name": "", "subnetwork_id": null, "source_priority": null, "cyclic_time": false, "meta_categorie": null, "meta_waterbeheerder": null, "meta_node_id": 932.0, "meta_old_node_id": null, "meta_couple_authority": null }, "geometry": { "type": "Point", "coordinates": [ 116033.37099999988277, 538784.388000000966713 ] } },
{ "type": "Feature", "properties": { "node_id": 934, "node_type": "Outlet", "name": "", "subnetwork_id": null, "source_priority": null, "cyclic_time": false, "meta_categorie": null, "meta_waterbeheerder": null, "meta_node_id": 934.0, "meta_old_node_id": null, "meta_couple_authority": null }, "geometry": { "type": "Point", "coordinates": [ 112633.30400000132795, 497186.971000001241919 ] } },
{ "type": "Feature", "properties": { "node_id": 935, "node_type": "Pump", "name": "KGM-Q-25340", "subnetwork_id": null, "source_priority": null, "cyclic_time": false, "meta_categorie": null, "meta_waterbeheerder": null, "meta_node_id": 935.0, "meta_old_node_id": null, "meta_couple_authority": null }, "geometry": { "type": "Point", "coordinates": [ 111248.331999998728861, 540575.872999999439344 ] } },
{ "type": "Feature", "properties": { "node_id": 936, "node_type": "Outlet", "name": "", "subnetwork_id": null, "source_priority": null, "cyclic_time": false, "meta_categorie": null, "meta_waterbeheerder": null, "meta_node_id": 936.0, "meta_old_node_id": null, "meta_couple_authority": null }, "geometry": { "type": "Point", "coordinates": [ 111372.980000000141445, 509317.320000001578592 ] } },
{ "type": "Feature", "properties": { "node_id": 937, "node_type": "Pump", "name": "De Waker", "subnetwork_id": null, "source_priority": null, "cyclic_time": false, "meta_categorie": null, "meta_waterbeheerder": null, "meta_node_id": 937.0, "meta_old_node_id": null, "meta_couple_authority": null }, "geometry": { "type": "Point", "coordinates": [ 119311.846000000092317, 493711.60500000056345 ] } },
{ "type": "Feature", "properties": { "node_id": 938, "node_type": "Pump", "name": "KGM-Q-29332", "subnetwork_id": null, "source_priority": null, "cyclic_time": false, "meta_categorie": null, "meta_waterbeheerder": null, "meta_node_id": 938.0, "meta_old_node_id": null, "meta_couple_authority": null }, "geometry": { "type": "Point", "coordinates": [ 127233.702500000581495, 496129.770599998533726 ] } },
{ "type": "Feature", "properties": { "node_id": 941, "node_type": "Pump", "name": "Kaagpolder, Opmeer", "subnetwork_id": null, "source_priority": null, "cyclic_time": false, "meta_categorie": null, "meta_waterbeheerder": null, "meta_node_id": 941.0, "meta_old_node_id": null, "meta_couple_authority": null }, "geometry": { "type": "Point", "coordinates": [ 123393.370000000722939, 522993.642000000749249 ] } },
{ "type": "Feature", "properties": { "node_id": 942, "node_type": "Pump", "name": "", "subnetwork_id": null, "source_priority": null, "cyclic_time": false, "meta_categorie": null, "meta_waterbeheerder": null, "meta_node_id": 942.0, "meta_old_node_id": null, "meta_couple_authority": null }, "geometry": { "type": "Point", "coordinates": [ 119647.692000001945416, 544307.609000000986271 ] } },
{ "type": "Feature", "properties": { "node_id": 943, "node_type": "Outlet", "name": "", "subnetwork_id": null, "source_priority": null, "cyclic_time": false, "meta_categorie": null, "meta_waterbeheerder": null, "meta_node_id": 943.0, "meta_old_node_id": null, "meta_couple_authority": null }, "geometry": { "type": "Point", "coordinates": [ 128125.151700001137215, 546929.124899999704212 ] } },
{ "type": "Feature", "properties": { "node_id": 945, "node_type": "Outlet", "name": "", "subnetwork_id": null, "source_priority": null, "cyclic_time": false, "meta_categorie": null, "meta_waterbeheerder": null, "meta_node_id": 945.0, "meta_old_node_id": null, "meta_couple_authority": null }, "geometry": { "type": "Point", "coordinates": [ 136982.852999997732695, 516247.500999998883344 ] } },
{ "type": "Feature", "properties": { "node_id": 946, "node_type": "Pump", "name": "Oosterdel", "subnetwork_id": null, "source_priority": null, "cyclic_time": false, "meta_categorie": null, "meta_waterbeheerder": null, "meta_node_id": 946.0, "meta_old_node_id": null, "meta_couple_authority": null }, "geometry": { "type": "Point", "coordinates": [ 116977.170000001176959, 523263.7280000023311 ] } },
{ "type": "Feature", "properties": { "node_id": 947, "node_type": "Outlet", "name": "", "subnetwork_id": null, "source_priority": null, "cyclic_time": false, "meta_categorie": null, "meta_waterbeheerder": null, "meta_node_id": 947.0, "meta_old_node_id": null, "meta_couple_authority": null }, "geometry": { "type": "Point", "coordinates": [ 107563.228000000031898, 515404.094000000390224 ] } },
{ "type": "Feature", "properties": { "node_id": 948, "node_type": "Pump", "name": "Defensiegemaal", "subnetwork_id": null, "source_priority": null, "cyclic_time": false, "meta_categorie": null, "meta_waterbeheerder": null, "meta_node_id": 948.0, "meta_old_node_id": null, "meta_couple_authority": null }, "geometry": { "type": "Point", "coordinates": [ 108621.333000000522588, 517384.627999998629093 ] } },
{ "type": "Feature", "properties": { "node_id": 949, "node_type": "Pump", "name": "KGM-Q-25134", "subnetwork_id": null, "source_priority": null, "cyclic_time": false, "meta_categorie": null, "meta_waterbeheerder": null, "meta_node_id": 949.0, "meta_old_node_id": null, "meta_couple_authority": null }, "geometry": { "type": "Point", "coordinates": [ 111661.317000001930865, 536385.971999999252148 ] } },
{ "type": "Feature", "properties": { "node_id": 952, "node_type": "Pump", "name": "Oosterpolder, Hoorn", "subnetwork_id": null, "source_priority": null, "cyclic_time": false, "meta_categorie": null, "meta_waterbeheerder": null, "meta_node_id": 952.0, "meta_old_node_id": null, "meta_couple_authority": null }, "geometry": { "type": "Point", "coordinates": [ 134249.147000000171829, 517381.048000000126194 ] } },
{ "type": "Feature", "properties": { "node_id": 955, "node_type": "Outlet", "name": "", "subnetwork_id": null, "source_priority": null, "cyclic_time": false, "meta_categorie": null, "meta_waterbeheerder": null, "meta_node_id": 955.0, "meta_old_node_id": null, "meta_couple_authority": null }, "geometry": { "type": "Point", "coordinates": [ 107124.471599999655155, 526083.833000000566244 ] } },
{ "type": "Feature", "properties": { "node_id": 956, "node_type": "Pump", "name": "Schagerwaard", "subnetwork_id": null, "source_priority": null, "cyclic_time": false, "meta_categorie": null, "meta_waterbeheerder": null, "meta_node_id": 956.0, "meta_old_node_id": null, "meta_couple_authority": null }, "geometry": { "type": "Point", "coordinates": [ 115030.60800273642235, 528893.22798075270839 ] } },
{ "type": "Feature", "properties": { "node_id": 957, "node_type": "Pump", "name": "Twiske Oost", "subnetwork_id": null, "source_priority": null, "cyclic_time": false, "meta_categorie": null, "meta_waterbeheerder": null, "meta_node_id": 957.0, "meta_old_node_id": null, "meta_couple_authority": null }, "geometry": { "type": "Point", "coordinates": [ 121816.397999998211162, 493067.313000001013279 ] } },
{ "type": "Feature", "properties": { "node_id": 958, "node_type": "Pump", "name": "Hensbroek", "subnetwork_id": null, "source_priority": null, "cyclic_time": false, "meta_categorie": null, "meta_waterbeheerder": null, "meta_node_id": 958.0, "meta_old_node_id": null, "meta_couple_authority": null }, "geometry": { "type": "Point", "coordinates": [ 119546.311999990677577, 518727.149000004050322 ] } },
{ "type": "Feature", "properties": { "node_id": 959, "node_type": "Outlet", "name": "", "subnetwork_id": null, "source_priority": null, "cyclic_time": false, "meta_categorie": null, "meta_waterbeheerder": null, "meta_node_id": 959.0, "meta_old_node_id": null, "meta_couple_authority": null }, "geometry": { "type": "Point", "coordinates": [ 106562.458199999935459, 519861.898499999311753 ] } },
{ "type": "Feature", "properties": { "node_id": 960, "node_type": "Outlet", "name": "", "subnetwork_id": null, "source_priority": null, "cyclic_time": false, "meta_categorie": null, "meta_waterbeheerder": null, "meta_node_id": 960.0, "meta_old_node_id": null, "meta_couple_authority": null }, "geometry": { "type": "Point", "coordinates": [ 129857.641596709887381, 515390.139281551353633 ] } },
{ "type": "Feature", "properties": { "node_id": 963, "node_type": "Outlet", "name": "", "subnetwork_id": null, "source_priority": null, "cyclic_time": false, "meta_categorie": null, "meta_waterbeheerder": null, "meta_node_id": 963.0, "meta_old_node_id": null, "meta_couple_authority": null }, "geometry": { "type": "Point", "coordinates": [ 136104.978999998624204, 517868.410000000149012 ] } },
{ "type": "Feature", "properties": { "node_id": 965, "node_type": "Pump", "name": "KGM-JH-002", "subnetwork_id": null, "source_priority": null, "cyclic_time": false, "meta_categorie": null, "meta_waterbeheerder": null, "meta_node_id": 965.0, "meta_old_node_id": null, "meta_couple_authority": null }, "geometry": { "type": "Point", "coordinates": [ 113749.668000000718166, 542350.05099999869708 ] } },
{ "type": "Feature", "properties": { "node_id": 966, "node_type": "Pump", "name": "Meldijk", "subnetwork_id": null, "source_priority": null, "cyclic_time": false, "meta_categorie": null, "meta_waterbeheerder": null, "meta_node_id": 966.0, "meta_old_node_id": null, "meta_couple_authority": null }, "geometry": { "type": "Point", "coordinates": [ 109591.837000004568836, 504677.805000006977934 ] } },
{ "type": "Feature", "properties": { "node_id": 967, "node_type": "Outlet", "name": "", "subnetwork_id": null, "source_priority": null, "cyclic_time": false, "meta_categorie": null, "meta_waterbeheerder": null, "meta_node_id": 967.0, "meta_old_node_id": null, "meta_couple_authority": null }, "geometry": { "type": "Point", "coordinates": [ 134611.779999999911524, 543853.882399999187328 ] } },
{ "type": "Feature", "properties": { "node_id": 968, "node_type": "Pump", "name": "Oosterpolder, Nieuwe Niedorp", "subnetwork_id": null, "source_priority": null, "cyclic_time": false, "meta_categorie": null, "meta_waterbeheerder": null, "meta_node_id": 968.0, "meta_old_node_id": null, "meta_couple_authority": null }, "geometry": { "type": "Point", "coordinates": [ 121559.296000000773347, 528775.140000000130385 ] } },
{ "type": "Feature", "properties": { "node_id": 970, "node_type": "Outlet", "name": "", "subnetwork_id": null, "source_priority": null, "cyclic_time": false, "meta_categorie": null, "meta_waterbeheerder": null, "meta_node_id": 970.0, "meta_old_node_id": null, "meta_couple_authority": null }, "geometry": { "type": "Point", "coordinates": [ 111119.244499999040272, 542190.644200001610443 ] } },
{ "type": "Feature", "properties": { "node_id": 971, "node_type": "Outlet", "name": "", "subnetwork_id": null, "source_priority": null, "cyclic_time": false, "meta_categorie": null, "meta_waterbeheerder": null, "meta_node_id": 971.0, "meta_old_node_id": null, "meta_couple_authority": null }, "geometry": { "type": "Point", "coordinates": [ 111009.092999998450978, 511670.238999999535736 ] } },
{ "type": "Feature", "properties": { "node_id": 972, "node_type": "Outlet", "name": "", "subnetwork_id": null, "source_priority": null, "cyclic_time": false, "meta_categorie": null, "meta_waterbeheerder": null, "meta_node_id": 972.0, "meta_old_node_id": null, "meta_couple_authority": null }, "geometry": { "type": "Point", "coordinates": [ 105633.609999999433057, 499194.410000000149012 ] } },
{ "type": "Feature", "properties": { "node_id": 973, "node_type": "Outlet", "name": "", "subnetwork_id": null, "source_priority": null, "cyclic_time": false, "meta_categorie": null, "meta_waterbeheerder": null, "meta_node_id": 973.0, "meta_old_node_id": null, "meta_couple_authority": null }, "geometry": { "type": "Point", "coordinates": [ 122245.602000001745182, 498663.649999998160638 ] } },
{ "type": "Feature", "properties": { "node_id": 974, "node_type": "Pump", "name": "Poppendammergouw", "subnetwork_id": null, "source_priority": null, "cyclic_time": false, "meta_categorie": null, "meta_waterbeheerder": null, "meta_node_id": 974.0, "meta_old_node_id": null, "meta_couple_authority": null }, "geometry": { "type": "Point", "coordinates": [ 129285.89503542255261, 491869.743980242637917 ] } },
{ "type": "Feature", "properties": { "node_id": 975, "node_type": "Pump", "name": "KGM-M-12306", "subnetwork_id": null, "source_priority": null, "cyclic_time": false, "meta_categorie": null, "meta_waterbeheerder": null, "meta_node_id": 975.0, "meta_old_node_id": null, "meta_couple_authority": null }, "geometry": { "type": "Point", "coordinates": [ 129077.82760000124108, 534640.114900004700758 ] } },
{ "type": "Feature", "properties": { "node_id": 976, "node_type": "Pump", "name": "Wogmeer Boven", "subnetwork_id": null, "source_priority": null, "cyclic_time": false, "meta_categorie": null, "meta_waterbeheerder": null, "meta_node_id": 976.0, "meta_old_node_id": null, "meta_couple_authority": null }, "geometry": { "type": "Point", "coordinates": [ 120471.550999998144107, 517138.97300000168616 ] } },
{ "type": "Feature", "properties": { "node_id": 977, "node_type": "Outlet", "name": "", "subnetwork_id": null, "source_priority": null, "cyclic_time": false, "meta_categorie": null, "meta_waterbeheerder": null, "meta_node_id": 977.0, "meta_old_node_id": null, "meta_couple_authority": null }, "geometry": { "type": "Point", "coordinates": [ 119984.660000000294531, 531407.686000000336207 ] } },
{ "type": "Feature", "properties": { "node_id": 978, "node_type": "Pump", "name": "Graftermeer", "subnetwork_id": null, "source_priority": null, "cyclic_time": false, "meta_categorie": null, "meta_waterbeheerder": null, "meta_node_id": 978.0, "meta_old_node_id": null, "meta_couple_authority": null }, "geometry": { "type": "Point", "coordinates": [ 115612.497999999599415, 507647.925000000745058 ] } },
{ "type": "Feature", "properties": { "node_id": 979, "node_type": "Pump", "name": "Slootgaard", "subnetwork_id": null, "source_priority": null, "cyclic_time": false, "meta_categorie": null, "meta_waterbeheerder": null, "meta_node_id": 979.0, "meta_old_node_id": null, "meta_couple_authority": null }, "geometry": { "type": "Point", "coordinates": [ 117298.706999997855746, 528712.677999999956228 ] } },
{ "type": "Feature", "properties": { "node_id": 980, "node_type": "Outlet", "name": "", "subnetwork_id": null, "source_priority": null, "cyclic_time": false, "meta_categorie": null, "meta_waterbeheerder": null, "meta_node_id": 980.0, "meta_old_node_id": null, "meta_couple_authority": null }, "geometry": { "type": "Point", "coordinates": [ 109559.766600002607447, 542215.398899997584522 ] } },
{ "type": "Feature", "properties": { "node_id": 981, "node_type": "Pump", "name": "Dijkgraaf W. de Boer", "subnetwork_id": null, "source_priority": null, "cyclic_time": false, "meta_categorie": null, "meta_waterbeheerder": null, "meta_node_id": 981.0, "meta_old_node_id": null, "meta_couple_authority": null }, "geometry": { "type": "Point", "coordinates": [ 119826.754000000742963, 503844.829999998328276 ] } },
{ "type": "Feature", "properties": { "node_id": 982, "node_type": "Outlet", "name": "", "subnetwork_id": null, "source_priority": null, "cyclic_time": false, "meta_categorie": null, "meta_waterbeheerder": null, "meta_node_id": 982.0, "meta_old_node_id": null, "meta_couple_authority": null }, "geometry": { "type": "Point", "coordinates": [ 113713.850999999791384, 535991.934999998658895 ] } },
{ "type": "Feature", "properties": { "node_id": 984, "node_type": "Pump", "name": "Warder", "subnetwork_id": null, "source_priority": null, "cyclic_time": false, "meta_categorie": null, "meta_waterbeheerder": null, "meta_node_id": 984.0, "meta_old_node_id": null, "meta_couple_authority": null }, "geometry": { "type": "Point", "coordinates": [ 130909.747000001501874, 509618.965000000258442 ] } },
{ "type": "Feature", "properties": { "node_id": 986, "node_type": "Pump", "name": "KGM-Q-25183", "subnetwork_id": null, "source_priority": null, "cyclic_time": false, "meta_categorie": null, "meta_waterbeheerder": null, "meta_node_id": 986.0, "meta_old_node_id": null, "meta_couple_authority": null }, "geometry": { "type": "Point", "coordinates": [ 112752.62200000154553, 540971.589999999850988 ] } },
{ "type": "Feature", "properties": { "node_id": 987, "node_type": "Outlet", "name": "", "subnetwork_id": null, "source_priority": null, "cyclic_time": false, "meta_categorie": null, "meta_waterbeheerder": null, "meta_node_id": 987.0, "meta_old_node_id": null, "meta_couple_authority": null }, "geometry": { "type": "Point", "coordinates": [ 111477.484000000767992, 504350.318000000959728 ] } },
{ "type": "Feature", "properties": { "node_id": 988, "node_type": "Pump", "name": "De Stontele", "subnetwork_id": null, "source_priority": null, "cyclic_time": false, "meta_categorie": null, "meta_waterbeheerder": null, "meta_node_id": 988.0, "meta_old_node_id": null, "meta_couple_authority": null }, "geometry": { "type": "Point", "coordinates": [ 131206.368005528638605, 548402.423998866113834 ] } },
{ "type": "Feature", "properties": { "node_id": 990, "node_type": "Outlet", "name": "", "subnetwork_id": null, "source_priority": null, "cyclic_time": false, "meta_categorie": null, "meta_waterbeheerder": null, "meta_node_id": 990.0, "meta_old_node_id": null, "meta_couple_authority": null }, "geometry": { "type": "Point", "coordinates": [ 120982.016999999599648, 498944.197999999450985 ] } },
{ "type": "Feature", "properties": { "node_id": 991, "node_type": "Pump", "name": "KGM-Q-24975", "subnetwork_id": null, "source_priority": null, "cyclic_time": false, "meta_categorie": null, "meta_waterbeheerder": null, "meta_node_id": 991.0, "meta_old_node_id": null, "meta_couple_authority": null }, "geometry": { "type": "Point", "coordinates": [ 108826.178000001018518, 535226.769000002997927 ] } },
{ "type": "Feature", "properties": { "node_id": 992, "node_type": "Pump", "name": "KGM-Q-30469", "subnetwork_id": null, "source_priority": null, "cyclic_time": false, "meta_categorie": null, "meta_waterbeheerder": null, "meta_node_id": 992.0, "meta_old_node_id": null, "meta_couple_authority": null }, "geometry": { "type": "Point", "coordinates": [ 109274.265999998795451, 522587.234999999403954 ] } },
{ "type": "Feature", "properties": { "node_id": 993, "node_type": "Pump", "name": "KGM-Q-25350", "subnetwork_id": null, "source_priority": null, "cyclic_time": false, "meta_categorie": null, "meta_waterbeheerder": null, "meta_node_id": 993.0, "meta_old_node_id": null, "meta_couple_authority": null }, "geometry": { "type": "Point", "coordinates": [ 113075.121000000013737, 540834.56400000245776 ] } },
{ "type": "Feature", "properties": { "node_id": 994, "node_type": "Outlet", "name": "", "subnetwork_id": null, "source_priority": null, "cyclic_time": false, "meta_categorie": null, "meta_waterbeheerder": null, "meta_node_id": 994.0, "meta_old_node_id": null, "meta_couple_authority": null }, "geometry": { "type": "Point", "coordinates": [ 115156.52899999904912, 526112.024000000441447 ] } },
{ "type": "Feature", "properties": { "node_id": 995, "node_type": "Pump", "name": "Willem Alexander", "subnetwork_id": null, "source_priority": null, "cyclic_time": false, "meta_categorie": null, "meta_waterbeheerder": null, "meta_node_id": 995.0, "meta_old_node_id": null, "meta_couple_authority": null }, "geometry": { "type": "Point", "coordinates": [ 114670.633100007296889, 509991.324299993750174 ] } },
{ "type": "Feature", "properties": { "node_id": 996, "node_type": "Outlet", "name": "", "subnetwork_id": null, "source_priority": null, "cyclic_time": false, "meta_categorie": null, "meta_waterbeheerder": null, "meta_node_id": 996.0, "meta_old_node_id": null, "meta_couple_authority": null }, "geometry": { "type": "Point", "coordinates": [ 108797.748000000516186, 522135.598000001802575 ] } },
{ "type": "Feature", "properties": { "node_id": 997, "node_type": "Outlet", "name": "", "subnetwork_id": null, "source_priority": null, "cyclic_time": false, "meta_categorie": null, "meta_waterbeheerder": null, "meta_node_id": 997.0, "meta_old_node_id": null, "meta_couple_authority": null }, "geometry": { "type": "Point", "coordinates": [ 109198.568900001002476, 522532.067899997695349 ] } },
{ "type": "Feature", "properties": { "node_id": 998, "node_type": "Outlet", "name": "", "subnetwork_id": null, "source_priority": null, "cyclic_time": false, "meta_categorie": null, "meta_waterbeheerder": null, "meta_node_id": 998.0, "meta_old_node_id": null, "meta_couple_authority": null }, "geometry": { "type": "Point", "coordinates": [ 125783.379999999131542, 497992.228000002854969 ] } },
{ "type": "Feature", "properties": { "node_id": 999, "node_type": "Outlet", "name": "", "subnetwork_id": null, "source_priority": null, "cyclic_time": false, "meta_categorie": null, "meta_waterbeheerder": null, "meta_node_id": 999.0, "meta_old_node_id": null, "meta_couple_authority": null }, "geometry": { "type": "Point", "coordinates": [ 108191.162000000942498, 504790.293000001518521 ] } },
{ "type": "Feature", "properties": { "node_id": 1000, "node_type": "Outlet", "name": "", "subnetwork_id": null, "source_priority": null, "cyclic_time": false, "meta_categorie": null, "meta_waterbeheerder": null, "meta_node_id": 1000.0, "meta_old_node_id": null, "meta_couple_authority": null }, "geometry": { "type": "Point", "coordinates": [ 131242.043000001722248, 501545.745000000810251 ] } },
{ "type": "Feature", "properties": { "node_id": 1001, "node_type": "Outlet", "name": "", "subnetwork_id": null, "source_priority": null, "cyclic_time": false, "meta_categorie": null, "meta_waterbeheerder": null, "meta_node_id": 1001.0, "meta_old_node_id": null, "meta_couple_authority": null }, "geometry": { "type": "Point", "coordinates": [ 114681.617199998407159, 564562.875500000896864 ] } },
{ "type": "Feature", "properties": { "node_id": 1003, "node_type": "Pump", "name": "Pompstation voor zuigleiding vanuit Buyshaven", "subnetwork_id": null, "source_priority": null, "cyclic_time": false, "meta_categorie": null, "meta_waterbeheerder": null, "meta_node_id": 1003.0, "meta_old_node_id": null, "meta_couple_authority": null }, "geometry": { "type": "Point", "coordinates": [ 147991.917999995348509, 523439.159000002662651 ] } },
{ "type": "Feature", "properties": { "node_id": 1004, "node_type": "Outlet", "name": "", "subnetwork_id": null, "source_priority": null, "cyclic_time": false, "meta_categorie": null, "meta_waterbeheerder": null, "meta_node_id": 1004.0, "meta_old_node_id": null, "meta_couple_authority": null }, "geometry": { "type": "Point", "coordinates": [ 125237.985300000756979, 530085.136800000909716 ] } },
{ "type": "Feature", "properties": { "node_id": 1005, "node_type": "ManningResistance", "name": "", "subnetwork_id": null, "source_priority": null, "cyclic_time": false, "meta_categorie": null, "meta_waterbeheerder": null, "meta_node_id": 1005.0, "meta_old_node_id": null, "meta_couple_authority": null }, "geometry": { "type": "Point", "coordinates": [ 114676.500000001833541, 539897.186000003479421 ] } },
{ "type": "Feature", "properties": { "node_id": 1007, "node_type": "Pump", "name": "KGM-Q-25096", "subnetwork_id": null, "source_priority": null, "cyclic_time": false, "meta_categorie": null, "meta_waterbeheerder": null, "meta_node_id": 1007.0, "meta_old_node_id": null, "meta_couple_authority": null }, "geometry": { "type": "Point", "coordinates": [ 114371.101000000096974, 540320.35000000114087 ] } },
{ "type": "Feature", "properties": { "node_id": 1008, "node_type": "Outlet", "name": "", "subnetwork_id": null, "source_priority": null, "cyclic_time": false, "meta_categorie": null, "meta_waterbeheerder": null, "meta_node_id": 1008.0, "meta_old_node_id": null, "meta_couple_authority": null }, "geometry": { "type": "Point", "coordinates": [ 117275.921300001093186, 500492.144900004786905 ] } },
{ "type": "Feature", "properties": { "node_id": 1009, "node_type": "Outlet", "name": "", "subnetwork_id": null, "source_priority": null, "cyclic_time": false, "meta_categorie": null, "meta_waterbeheerder": null, "meta_node_id": 1009.0, "meta_old_node_id": null, "meta_couple_authority": null }, "geometry": { "type": "Point", "coordinates": [ 121798.010999999300111, 533013.629000001121312 ] } },
{ "type": "Feature", "properties": { "node_id": 1010, "node_type": "Pump", "name": "KGM-Q-29334", "subnetwork_id": null, "source_priority": null, "cyclic_time": false, "meta_categorie": null, "meta_waterbeheerder": null, "meta_node_id": 1010.0, "meta_old_node_id": null, "meta_couple_authority": null }, "geometry": { "type": "Point", "coordinates": [ 128957.877999998556334, 496508.407000001519918 ] } },
{ "type": "Feature", "properties": { "node_id": 1012, "node_type": "Pump", "name": "Meerweiden", "subnetwork_id": null, "source_priority": null, "cyclic_time": false, "meta_categorie": null, "meta_waterbeheerder": null, "meta_node_id": 1012.0, "meta_old_node_id": null, "meta_couple_authority": null }, "geometry": { "type": "Point", "coordinates": [ 105468.965999997817562, 497815.399999998684507 ] } },
{ "type": "Feature", "properties": { "node_id": 1014, "node_type": "Pump", "name": "KGM-Q-24947", "subnetwork_id": null, "source_priority": null, "cyclic_time": false, "meta_categorie": null, "meta_waterbeheerder": null, "meta_node_id": 1014.0, "meta_old_node_id": null, "meta_couple_authority": null }, "geometry": { "type": "Point", "coordinates": [ 107599.254000000699307, 529770.000000000116415 ] } },
{ "type": "Feature", "properties": { "node_id": 1015, "node_type": "Pump", "name": "Burger", "subnetwork_id": null, "source_priority": null, "cyclic_time": false, "meta_categorie": null, "meta_waterbeheerder": null, "meta_node_id": 1015.0, "meta_old_node_id": null, "meta_couple_authority": null }, "geometry": { "type": "Point", "coordinates": [ 110539.233999999734806, 542635.74300000234507 ] } },
{ "type": "Feature", "properties": { "node_id": 1016, "node_type": "Pump", "name": "Grootdammer", "subnetwork_id": null, "source_priority": null, "cyclic_time": false, "meta_categorie": null, "meta_waterbeheerder": null, "meta_node_id": 1016.0, "meta_old_node_id": null, "meta_couple_authority": null }, "geometry": { "type": "Point", "coordinates": [ 108864.256999998367974, 526022.833999999798834 ] } },
{ "type": "Feature", "properties": { "node_id": 1017, "node_type": "Outlet", "name": "", "subnetwork_id": null, "source_priority": null, "cyclic_time": false, "meta_categorie": null, "meta_waterbeheerder": null, "meta_node_id": 1017.0, "meta_old_node_id": null, "meta_couple_authority": null }, "geometry": { "type": "Point", "coordinates": [ 125138.387999999962631, 530090.80700000084471 ] } },
{ "type": "Feature", "properties": { "node_id": 1018, "node_type": "Pump", "name": "'t Wad", "subnetwork_id": null, "source_priority": null, "cyclic_time": false, "meta_categorie": null, "meta_waterbeheerder": null, "meta_node_id": 1018.0, "meta_old_node_id": null, "meta_couple_authority": null }, "geometry": { "type": "Point", "coordinates": [ 117561.798500001474167, 534766.868899999884889 ] } },
{ "type": "Feature", "properties": { "node_id": 1019, "node_type": "Outlet", "name": "", "subnetwork_id": null, "source_priority": null, "cyclic_time": false, "meta_categorie": null, "meta_waterbeheerder": null, "meta_node_id": 1019.0, "meta_old_node_id": null, "meta_couple_authority": null }, "geometry": { "type": "Point", "coordinates": [ 136159.79210000106832, 535079.983699999633245 ] } },
{ "type": "Feature", "properties": { "node_id": 1020, "node_type": "Outlet", "name": "", "subnetwork_id": null, "source_priority": null, "cyclic_time": false, "meta_categorie": null, "meta_waterbeheerder": null, "meta_node_id": 1020.0, "meta_old_node_id": null, "meta_couple_authority": null }, "geometry": { "type": "Point", "coordinates": [ 131506.741980657359818, 548322.47690376220271 ] } },
{ "type": "Feature", "properties": { "node_id": 1021, "node_type": "Pump", "name": "ZM Aanvoer", "subnetwork_id": null, "source_priority": null, "cyclic_time": false, "meta_categorie": null, "meta_waterbeheerder": null, "meta_node_id": 1021.0, "meta_old_node_id": null, "meta_couple_authority": null }, "geometry": { "type": "Point", "coordinates": [ 107653.13979999870935, 529937.372099998523481 ] } },
{ "type": "Feature", "properties": { "node_id": 1022, "node_type": "Outlet", "name": "", "subnetwork_id": null, "source_priority": null, "cyclic_time": false, "meta_categorie": null, "meta_waterbeheerder": null, "meta_node_id": 1022.0, "meta_old_node_id": null, "meta_couple_authority": null }, "geometry": { "type": "Point", "coordinates": [ 112018.265900001264527, 513563.558699999353848 ] } },
{ "type": "Feature", "properties": { "node_id": 1023, "node_type": "Outlet", "name": "", "subnetwork_id": null, "source_priority": null, "cyclic_time": false, "meta_categorie": null, "meta_waterbeheerder": null, "meta_node_id": 1023.0, "meta_old_node_id": null, "meta_couple_authority": null }, "geometry": { "type": "Point", "coordinates": [ 112300.950714131919085, 517206.939523374021519 ] } },
{ "type": "Feature", "properties": { "node_id": 1024, "node_type": "Outlet", "name": "", "subnetwork_id": null, "source_priority": null, "cyclic_time": false, "meta_categorie": null, "meta_waterbeheerder": null, "meta_node_id": 1024.0, "meta_old_node_id": null, "meta_couple_authority": null }, "geometry": { "type": "Point", "coordinates": [ 132289.496999998926185, 497223.220999998389743 ] } },
{ "type": "Feature", "properties": { "node_id": 1025, "node_type": "Pump", "name": "Snevert", "subnetwork_id": null, "source_priority": null, "cyclic_time": false, "meta_categorie": null, "meta_waterbeheerder": null, "meta_node_id": 1025.0, "meta_old_node_id": null, "meta_couple_authority": null }, "geometry": { "type": "Point", "coordinates": [ 117177.734200000544661, 533414.849800004158169 ] } },
{ "type": "Feature", "properties": { "node_id": 1028, "node_type": "Pump", "name": "KGM-Q-29290", "subnetwork_id": null, "source_priority": null, "cyclic_time": false, "meta_categorie": null, "meta_waterbeheerder": null, "meta_node_id": 1028.0, "meta_old_node_id": null, "meta_couple_authority": null }, "geometry": { "type": "Point", "coordinates": [ 132305.361999999062391, 492169.701999999466352 ] } },
{ "type": "Feature", "properties": { "node_id": 1029, "node_type": "Pump", "name": "De Kampen Moerbekerpolder", "subnetwork_id": null, "source_priority": null, "cyclic_time": false, "meta_categorie": null, "meta_waterbeheerder": null, "meta_node_id": 1029.0, "meta_old_node_id": null, "meta_couple_authority": null }, "geometry": { "type": "Point", "coordinates": [ 119932.066865816042991, 529503.968093923758715 ] } },
{ "type": "Feature", "properties": { "node_id": 1030, "node_type": "Pump", "name": "Hempolder, Akersloot", "subnetwork_id": null, "source_priority": null, "cyclic_time": false, "meta_categorie": null, "meta_waterbeheerder": null, "meta_node_id": 1030.0, "meta_old_node_id": null, "meta_couple_authority": null }, "geometry": { "type": "Point", "coordinates": [ 110855.537000000607804, 506950.23900000017602 ] } },
{ "type": "Feature", "properties": { "node_id": 1032, "node_type": "Outlet", "name": "", "subnetwork_id": null, "source_priority": null, "cyclic_time": false, "meta_categorie": null, "meta_waterbeheerder": null, "meta_node_id": 1032.0, "meta_old_node_id": null, "meta_couple_authority": null }, "geometry": { "type": "Point", "coordinates": [ 122411.693999998926301, 491279.331000001984648 ] } },
{ "type": "Feature", "properties": { "node_id": 1033, "node_type": "Pump", "name": "Obdam", "subnetwork_id": null, "source_priority": null, "cyclic_time": false, "meta_categorie": null, "meta_waterbeheerder": null, "meta_node_id": 1033.0, "meta_old_node_id": null, "meta_couple_authority": null }, "geometry": { "type": "Point", "coordinates": [ 120297.354999997638515, 520727.338000001036562 ] } },
{ "type": "Feature", "properties": { "node_id": 1034, "node_type": "Outlet", "name": "", "subnetwork_id": null, "source_priority": null, "cyclic_time": false, "meta_categorie": null, "meta_waterbeheerder": null, "meta_node_id": 1034.0, "meta_old_node_id": null, "meta_couple_authority": null }, "geometry": { "type": "Point", "coordinates": [ 109937.029699999678996, 519808.057700001168996 ] } },
{ "type": "Feature", "properties": { "node_id": 1035, "node_type": "Pump", "name": "Noordmeer", "subnetwork_id": null, "source_priority": null, "cyclic_time": false, "meta_categorie": null, "meta_waterbeheerder": null, "meta_node_id": 1035.0, "meta_old_node_id": null, "meta_couple_authority": null }, "geometry": { "type": "Point", "coordinates": [ 127537.52499999817519, 494778.07499999931315 ] } },
{ "type": "Feature", "properties": { "node_id": 1036, "node_type": "Pump", "name": "Volendam", "subnetwork_id": null, "source_priority": null, "cyclic_time": false, "meta_categorie": null, "meta_waterbeheerder": null, "meta_node_id": 1036.0, "meta_old_node_id": null, "meta_couple_authority": null }, "geometry": { "type": "Point", "coordinates": [ 134392.450999990542186, 502159.546999996178783 ] } },
{ "type": "Feature", "properties": { "node_id": 1038, "node_type": "Pump", "name": "Leemans (afdeling 3)", "subnetwork_id": null, "source_priority": null, "cyclic_time": false, "meta_categorie": null, "meta_waterbeheerder": null, "meta_node_id": 1038.0, "meta_old_node_id": null, "meta_couple_authority": null }, "geometry": { "type": "Point", "coordinates": [ 131542.405999999464257, 548282.365299999713898 ] } },
{ "type": "Feature", "properties": { "node_id": 1039, "node_type": "Outlet", "name": "", "subnetwork_id": null, "source_priority": null, "cyclic_time": false, "meta_categorie": null, "meta_waterbeheerder": null, "meta_node_id": 1039.0, "meta_old_node_id": null, "meta_couple_authority": null }, "geometry": { "type": "Point", "coordinates": [ 108356.432399998608162, 504951.297200001368765 ] } },
{ "type": "Feature", "properties": { "node_id": 1040, "node_type": "Outlet", "name": "", "subnetwork_id": null, "source_priority": null, "cyclic_time": false, "meta_categorie": null, "meta_waterbeheerder": null, "meta_node_id": 1040.0, "meta_old_node_id": null, "meta_couple_authority": null }, "geometry": { "type": "Point", "coordinates": [ 122220.355000000985456, 498668.800700002466328 ] } },
{ "type": "Feature", "properties": { "node_id": 1041, "node_type": "Pump", "name": "Kleine Westerkoog", "subnetwork_id": null, "source_priority": null, "cyclic_time": false, "meta_categorie": null, "meta_waterbeheerder": null, "meta_node_id": 1041.0, "meta_old_node_id": null, "meta_couple_authority": null }, "geometry": { "type": "Point", "coordinates": [ 128767.032000001127017, 511634.477000001817942 ] } },
{ "type": "Feature", "properties": { "node_id": 1042, "node_type": "Pump", "name": "De Gors", "subnetwork_id": null, "source_priority": null, "cyclic_time": false, "meta_categorie": null, "meta_waterbeheerder": null, "meta_node_id": 1042.0, "meta_old_node_id": null, "meta_couple_authority": null }, "geometry": { "type": "Point", "coordinates": [ 125848.456000000267522, 500537.947000000684056 ] } },
{ "type": "Feature", "properties": { "node_id": 1043, "node_type": "Pump", "name": "Kooypunt", "subnetwork_id": null, "source_priority": null, "cyclic_time": false, "meta_categorie": null, "meta_waterbeheerder": null, "meta_node_id": 1043.0, "meta_old_node_id": null, "meta_couple_authority": null }, "geometry": { "type": "Point", "coordinates": [ 114861.964000001709792, 546931.403000000747852 ] } },
{ "type": "Feature", "properties": { "node_id": 1044, "node_type": "Pump", "name": "Kooizand", "subnetwork_id": null, "source_priority": null, "cyclic_time": false, "meta_categorie": null, "meta_waterbeheerder": null, "meta_node_id": 1044.0, "meta_old_node_id": null, "meta_couple_authority": null }, "geometry": { "type": "Point", "coordinates": [ 147997.875999998301268, 525825.846999999135733 ] } },
{ "type": "Feature", "properties": { "node_id": 1045, "node_type": "Pump", "name": "Klaver", "subnetwork_id": null, "source_priority": null, "cyclic_time": false, "meta_categorie": null, "meta_waterbeheerder": null, "meta_node_id": 1045.0, "meta_old_node_id": null, "meta_couple_authority": null }, "geometry": { "type": "Point", "coordinates": [ 115414.444000001589302, 542553.167999999830499 ] } },
{ "type": "Feature", "properties": { "node_id": 1046, "node_type": "Pump", "name": "Geestmolenpolder", "subnetwork_id": null, "source_priority": null, "cyclic_time": false, "meta_categorie": null, "meta_waterbeheerder": null, "meta_node_id": 1046.0, "meta_old_node_id": null, "meta_couple_authority": null }, "geometry": { "type": "Point", "coordinates": [ 110268.035999998697662, 516378.74900000175694 ] } },
{ "type": "Feature", "properties": { "node_id": 1047, "node_type": "Pump", "name": "KGM-Q-25319", "subnetwork_id": null, "source_priority": null, "cyclic_time": false, "meta_categorie": null, "meta_waterbeheerder": null, "meta_node_id": 1047.0, "meta_old_node_id": null, "meta_couple_authority": null }, "geometry": { "type": "Point", "coordinates": [ 109975.364999998302665, 543083.346000000834465 ] } },
{ "type": "Feature", "properties": { "node_id": 1048, "node_type": "Pump", "name": "KGM-Q-25117", "subnetwork_id": null, "source_priority": null, "cyclic_time": false, "meta_categorie": null, "meta_waterbeheerder": null, "meta_node_id": 1048.0, "meta_old_node_id": null, "meta_couple_authority": null }, "geometry": { "type": "Point", "coordinates": [ 112028.854999999297434, 539210.193999999552034 ] } },
{ "type": "Feature", "properties": { "node_id": 1049, "node_type": "Pump", "name": "KGM-B-1680", "subnetwork_id": null, "source_priority": null, "cyclic_time": false, "meta_categorie": null, "meta_waterbeheerder": null, "meta_node_id": 1049.0, "meta_old_node_id": null, "meta_couple_authority": null }, "geometry": { "type": "Point", "coordinates": [ 114203.790000001594308, 540485.435000000521541 ] } },
{ "type": "Feature", "properties": { "node_id": 1050, "node_type": "Outlet", "name": "", "subnetwork_id": null, "source_priority": null, "cyclic_time": false, "meta_categorie": null, "meta_waterbeheerder": null, "meta_node_id": 1050.0, "meta_old_node_id": null, "meta_couple_authority": null }, "geometry": { "type": "Point", "coordinates": [ 130327.806999999884283, 511669.467999998596497 ] } },
{ "type": "Feature", "properties": { "node_id": 1051, "node_type": "Outlet", "name": "", "subnetwork_id": null, "source_priority": null, "cyclic_time": false, "meta_categorie": null, "meta_waterbeheerder": null, "meta_node_id": 1051.0, "meta_old_node_id": null, "meta_couple_authority": null }, "geometry": { "type": "Point", "coordinates": [ 137626.361000003409572, 514944.249000003270339 ] } },
{ "type": "Feature", "properties": { "node_id": 1052, "node_type": "Outlet", "name": "", "subnetwork_id": null, "source_priority": null, "cyclic_time": false, "meta_categorie": null, "meta_waterbeheerder": null, "meta_node_id": 1052.0, "meta_old_node_id": null, "meta_couple_authority": null }, "geometry": { "type": "Point", "coordinates": [ 123302.500999995216262, 524596.410000002360903 ] } },
{ "type": "Feature", "properties": { "node_id": 1053, "node_type": "Pump", "name": "KGM-A-8811", "subnetwork_id": null, "source_priority": null, "cyclic_time": false, "meta_categorie": null, "meta_waterbeheerder": null, "meta_node_id": 1053.0, "meta_old_node_id": null, "meta_couple_authority": null }, "geometry": { "type": "Point", "coordinates": [ 136385.238499998406041, 526667.208200001739897 ] } },
{ "type": "Feature", "properties": { "node_id": 1054, "node_type": "Pump", "name": "Lely (afdeling 2)", "subnetwork_id": null, "source_priority": null, "cyclic_time": false, "meta_categorie": null, "meta_waterbeheerder": null, "meta_node_id": 1054.0, "meta_old_node_id": null, "meta_couple_authority": null }, "geometry": { "type": "Point", "coordinates": [ 135848.120099999272497, 532145.136100004659966 ] } },
{ "type": "Feature", "properties": { "node_id": 1055, "node_type": "Outlet", "name": "", "subnetwork_id": null, "source_priority": null, "cyclic_time": false, "meta_categorie": null, "meta_waterbeheerder": null, "meta_node_id": 1055.0, "meta_old_node_id": null, "meta_couple_authority": null }, "geometry": { "type": "Point", "coordinates": [ 107282.585799999375013, 499010.739000000117812 ] } },
{ "type": "Feature", "properties": { "node_id": 1056, "node_type": "Outlet", "name": "", "subnetwork_id": null, "source_priority": null, "cyclic_time": false, "meta_categorie": null, "meta_waterbeheerder": null, "meta_node_id": 1056.0, "meta_old_node_id": null, "meta_couple_authority": null }, "geometry": { "type": "Point", "coordinates": [ 117392.870000000431901, 494067.180000000633299 ] } },
{ "type": "Feature", "properties": { "node_id": 1057, "node_type": "Pump", "name": "KGM-Q-31658", "subnetwork_id": null, "source_priority": null, "cyclic_time": false, "meta_categorie": null, "meta_waterbeheerder": null, "meta_node_id": 1057.0, "meta_old_node_id": null, "meta_couple_authority": null }, "geometry": { "type": "Point", "coordinates": [ 137626.361000003409572, 514944.249000003270339 ] } },
{ "type": "Feature", "properties": { "node_id": 1059, "node_type": "Outlet", "name": "", "subnetwork_id": null, "source_priority": null, "cyclic_time": false, "meta_categorie": null, "meta_waterbeheerder": null, "meta_node_id": 1059.0, "meta_old_node_id": null, "meta_couple_authority": null }, "geometry": { "type": "Point", "coordinates": [ 132871.087000000959961, 517255.42499999969732 ] } },
{ "type": "Feature", "properties": { "node_id": 1060, "node_type": "Pump", "name": "Callantsoogervaart", "subnetwork_id": null, "source_priority": null, "cyclic_time": false, "meta_categorie": null, "meta_waterbeheerder": null, "meta_node_id": 1060.0, "meta_old_node_id": null, "meta_couple_authority": null }, "geometry": { "type": "Point", "coordinates": [ 113469.563000010006363, 543695.269999997108243 ] } },
{ "type": "Feature", "properties": { "node_id": 1061, "node_type": "Pump", "name": "Jisperveldstraat", "subnetwork_id": null, "source_priority": null, "cyclic_time": false, "meta_categorie": null, "meta_waterbeheerder": null, "meta_node_id": 1061.0, "meta_old_node_id": null, "meta_couple_authority": null }, "geometry": { "type": "Point", "coordinates": [ 125355.72500000144646, 490436.607000000483822 ] } },
{ "type": "Feature", "properties": { "node_id": 1062, "node_type": "Outlet", "name": "", "subnetwork_id": null, "source_priority": null, "cyclic_time": false, "meta_categorie": null, "meta_waterbeheerder": null, "meta_node_id": 1062.0, "meta_old_node_id": null, "meta_couple_authority": null }, "geometry": { "type": "Point", "coordinates": [ 110661.41490000129852, 497732.176199998997618 ] } },
{ "type": "Feature", "properties": { "node_id": 1064, "node_type": "Pump", "name": "Kolhorn", "subnetwork_id": null, "source_priority": null, "cyclic_time": false, "meta_categorie": null, "meta_waterbeheerder": null, "meta_node_id": 1064.0, "meta_old_node_id": null, "meta_couple_authority": null }, "geometry": { "type": "Point", "coordinates": [ 120795.623046483437065, 534566.51716177421622 ] } },
{ "type": "Feature", "properties": { "node_id": 1065, "node_type": "Pump", "name": "De Kampen W.O.L. polder", "subnetwork_id": null, "source_priority": null, "cyclic_time": false, "meta_categorie": null, "meta_waterbeheerder": null, "meta_node_id": 1065.0, "meta_old_node_id": null, "meta_couple_authority": null }, "geometry": { "type": "Point", "coordinates": [ 119931.806999999957043, 529499.477000001817942 ] } },
{ "type": "Feature", "properties": { "node_id": 1067, "node_type": "Pump", "name": "Tweede Broekermolen", "subnetwork_id": null, "source_priority": null, "cyclic_time": false, "meta_categorie": null, "meta_waterbeheerder": null, "meta_node_id": 1067.0, "meta_old_node_id": null, "meta_couple_authority": null }, "geometry": { "type": "Point", "coordinates": [ 110134.352099999887287, 504508.368400000035763 ] } },
{ "type": "Feature", "properties": { "node_id": 1068, "node_type": "Outlet", "name": "", "subnetwork_id": null, "source_priority": null, "cyclic_time": false, "meta_categorie": null, "meta_waterbeheerder": null, "meta_node_id": 1068.0, "meta_old_node_id": null, "meta_couple_authority": null }, "geometry": { "type": "Point", "coordinates": [ 129936.693317515135277, 511974.035986737057101 ] } },
{ "type": "Feature", "properties": { "node_id": 1069, "node_type": "Pump", "name": "Poldermolen D", "subnetwork_id": null, "source_priority": null, "cyclic_time": false, "meta_categorie": null, "meta_waterbeheerder": null, "meta_node_id": 1069.0, "meta_old_node_id": null, "meta_couple_authority": null }, "geometry": { "type": "Point", "coordinates": [ 117223.8548999986524, 514049.571199998317752 ] } },
{ "type": "Feature", "properties": { "node_id": 1070, "node_type": "Outlet", "name": "", "subnetwork_id": null, "source_priority": null, "cyclic_time": false, "meta_categorie": null, "meta_waterbeheerder": null, "meta_node_id": 1070.0, "meta_old_node_id": null, "meta_couple_authority": null }, "geometry": { "type": "Point", "coordinates": [ 118628.698600000148872, 527552.519600001978688 ] } },
{ "type": "Feature", "properties": { "node_id": 1071, "node_type": "Outlet", "name": "", "subnetwork_id": null, "source_priority": null, "cyclic_time": false, "meta_categorie": null, "meta_waterbeheerder": null, "meta_node_id": 1071.0, "meta_old_node_id": null, "meta_couple_authority": null }, "geometry": { "type": "Point", "coordinates": [ 118575.93200000008801, 530773.410000000265427 ] } },
{ "type": "Feature", "properties": { "node_id": 1072, "node_type": "Pump", "name": "Eendrachtspolder-Noord", "subnetwork_id": null, "source_priority": null, "cyclic_time": false, "meta_categorie": null, "meta_waterbeheerder": null, "meta_node_id": 1072.0, "meta_old_node_id": null, "meta_couple_authority": null }, "geometry": { "type": "Point", "coordinates": [ 111248.072999998301384, 517394.34200000052806 ] } },
{ "type": "Feature", "properties": { "node_id": 1073, "node_type": "Pump", "name": "Slootvaart", "subnetwork_id": null, "source_priority": null, "cyclic_time": false, "meta_categorie": null, "meta_waterbeheerder": null, "meta_node_id": 1073.0, "meta_old_node_id": null, "meta_couple_authority": null }, "geometry": { "type": "Point", "coordinates": [ 126639.535948553093476, 539855.699131814530119 ] } },
{ "type": "Feature", "properties": { "node_id": 1075, "node_type": "Pump", "name": "De Zien", "subnetwork_id": null, "source_priority": null, "cyclic_time": false, "meta_categorie": null, "meta_waterbeheerder": null, "meta_node_id": 1075.0, "meta_old_node_id": null, "meta_couple_authority": null }, "geometry": { "type": "Point", "coordinates": [ 109383.272999998152955, 505307.489999999001157 ] } },
{ "type": "Feature", "properties": { "node_id": 1076, "node_type": "Pump", "name": "Menningweermolen", "subnetwork_id": null, "source_priority": null, "cyclic_time": false, "meta_categorie": null, "meta_waterbeheerder": null, "meta_node_id": 1076.0, "meta_old_node_id": null, "meta_couple_authority": null }, "geometry": { "type": "Point", "coordinates": [ 117893.751012162188999, 511236.305012522323523 ] } },
{ "type": "Feature", "properties": { "node_id": 1077, "node_type": "Outlet", "name": "", "subnetwork_id": null, "source_priority": null, "cyclic_time": false, "meta_categorie": null, "meta_waterbeheerder": null, "meta_node_id": 1077.0, "meta_old_node_id": null, "meta_couple_authority": null }, "geometry": { "type": "Point", "coordinates": [ 111754.459300000307849, 552323.191399998846464 ] } },
{ "type": "Feature", "properties": { "node_id": 1078, "node_type": "Pump", "name": "LQ", "subnetwork_id": null, "source_priority": null, "cyclic_time": false, "meta_categorie": null, "meta_waterbeheerder": null, "meta_node_id": 1078.0, "meta_old_node_id": null, "meta_couple_authority": null }, "geometry": { "type": "Point", "coordinates": [ 107466.249999999679858, 528964.052999999606982 ] } },
{ "type": "Feature", "properties": { "node_id": 1080, "node_type": "Outlet", "name": "", "subnetwork_id": null, "source_priority": null, "cyclic_time": false, "meta_categorie": null, "meta_waterbeheerder": null, "meta_node_id": 1080.0, "meta_old_node_id": null, "meta_couple_authority": null }, "geometry": { "type": "Point", "coordinates": [ 131274.407999999617459, 548375.157000001519918 ] } },
{ "type": "Feature", "properties": { "node_id": 1082, "node_type": "Pump", "name": "Neckermolen", "subnetwork_id": null, "source_priority": null, "cyclic_time": false, "meta_categorie": null, "meta_waterbeheerder": null, "meta_node_id": 1082.0, "meta_old_node_id": null, "meta_couple_authority": null }, "geometry": { "type": "Point", "coordinates": [ 123242.467999998509185, 502810.353000000119209 ] } },
{ "type": "Feature", "properties": { "node_id": 1083, "node_type": "Pump", "name": "Eilandspolder Zuid", "subnetwork_id": null, "source_priority": null, "cyclic_time": false, "meta_categorie": null, "meta_waterbeheerder": null, "meta_node_id": 1083.0, "meta_old_node_id": null, "meta_couple_authority": null }, "geometry": { "type": "Point", "coordinates": [ 119347.954999998837593, 508546.32009999937145 ] } },
{ "type": "Feature", "properties": { "node_id": 1084, "node_type": "Pump", "name": "Lely (afdeling 4)", "subnetwork_id": null, "source_priority": null, "cyclic_time": false, "meta_categorie": null, "meta_waterbeheerder": null, "meta_node_id": 1084.0, "meta_old_node_id": null, "meta_couple_authority": null }, "geometry": { "type": "Point", "coordinates": [ 135849.310800001432654, 532158.233000003150664 ] } },
{ "type": "Feature", "properties": { "node_id": 1086, "node_type": "Pump", "name": "De Dog", "subnetwork_id": null, "source_priority": null, "cyclic_time": false, "meta_categorie": null, "meta_waterbeheerder": null, "meta_node_id": 1086.0, "meta_old_node_id": null, "meta_couple_authority": null }, "geometry": { "type": "Point", "coordinates": [ 109365.480900001479313, 505633.788499999966007 ] } },
{ "type": "Feature", "properties": { "node_id": 1087, "node_type": "Outlet", "name": "", "subnetwork_id": null, "source_priority": null, "cyclic_time": false, "meta_categorie": null, "meta_waterbeheerder": null, "meta_node_id": 1087.0, "meta_old_node_id": null, "meta_couple_authority": null }, "geometry": { "type": "Point", "coordinates": [ 109571.28200000191282, 515492.5 ] } },
{ "type": "Feature", "properties": { "node_id": 1088, "node_type": "Outlet", "name": "", "subnetwork_id": null, "source_priority": null, "cyclic_time": false, "meta_categorie": null, "meta_waterbeheerder": null, "meta_node_id": 1088.0, "meta_old_node_id": null, "meta_couple_authority": null }, "geometry": { "type": "Point", "coordinates": [ 106911.277999999962049, 500378.465999998385087 ] } },
{ "type": "Feature", "properties": { "node_id": 1089, "node_type": "Pump", "name": "ON", "subnetwork_id": null, "source_priority": null, "cyclic_time": false, "meta_categorie": null, "meta_waterbeheerder": null, "meta_node_id": 1089.0, "meta_old_node_id": null, "meta_couple_authority": null }, "geometry": { "type": "Point", "coordinates": [ 110096.511000000406057, 535012.730000002658926 ] } },
{ "type": "Feature", "properties": { "node_id": 1090, "node_type": "Pump", "name": "KGM-Q-24891", "subnetwork_id": null, "source_priority": null, "cyclic_time": false, "meta_categorie": null, "meta_waterbeheerder": null, "meta_node_id": 1090.0, "meta_old_node_id": null, "meta_couple_authority": null }, "geometry": { "type": "Point", "coordinates": [ 114353.760000000795117, 540289.507000000448897 ] } },
{ "type": "Feature", "properties": { "node_id": 1091, "node_type": "Pump", "name": "Geestmerambacht", "subnetwork_id": null, "source_priority": null, "cyclic_time": false, "meta_categorie": null, "meta_waterbeheerder": null, "meta_node_id": 1091.0, "meta_old_node_id": null, "meta_couple_authority": null }, "geometry": { "type": "Point", "coordinates": [ 112585.981765443924814, 522909.89451553899562 ] } },
{ "type": "Feature", "properties": { "node_id": 1093, "node_type": "Pump", "name": "Marken", "subnetwork_id": null, "source_priority": null, "cyclic_time": false, "meta_categorie": null, "meta_waterbeheerder": null, "meta_node_id": 1093.0, "meta_old_node_id": null, "meta_couple_authority": null }, "geometry": { "type": "Point", "coordinates": [ 136253.803000001178589, 496325.229999998526182 ] } },
{ "type": "Feature", "properties": { "node_id": 1094, "node_type": "Outlet", "name": "", "subnetwork_id": null, "source_priority": null, "cyclic_time": false, "meta_categorie": null, "meta_waterbeheerder": null, "meta_node_id": 1094.0, "meta_old_node_id": null, "meta_couple_authority": null }, "geometry": { "type": "Point", "coordinates": [ 109016.837799999222625, 534382.669300001347438 ] } },
{ "type": "Feature", "properties": { "node_id": 1095, "node_type": "Pump", "name": "BOL", "subnetwork_id": null, "source_priority": null, "cyclic_time": false, "meta_categorie": null, "meta_waterbeheerder": null, "meta_node_id": 1095.0, "meta_old_node_id": null, "meta_couple_authority": null }, "geometry": { "type": "Point", "coordinates": [ 115587.872600000395323, 520337.742499999643769 ] } },
{ "type": "Feature", "properties": { "node_id": 1096, "node_type": "Pump", "name": "Belmermeer", "subnetwork_id": null, "source_priority": null, "cyclic_time": false, "meta_categorie": null, "meta_waterbeheerder": null, "meta_node_id": 1096.0, "meta_old_node_id": null, "meta_couple_authority": null }, "geometry": { "type": "Point", "coordinates": [ 129844.642000001083943, 493040.092999998421874 ] } },
{ "type": "Feature", "properties": { "node_id": 1097, "node_type": "Pump", "name": "Pontweg", "subnetwork_id": null, "source_priority": null, "cyclic_time": false, "meta_categorie": null, "meta_waterbeheerder": null, "meta_node_id": 1097.0, "meta_old_node_id": null, "meta_couple_authority": null }, "geometry": { "type": "Point", "coordinates": [ 116939.324000000939122, 492925.230000000447035 ] } },
{ "type": "Feature", "properties": { "node_id": 1098, "node_type": "Outlet", "name": "", "subnetwork_id": null, "source_priority": null, "cyclic_time": false, "meta_categorie": null, "meta_waterbeheerder": null, "meta_node_id": 1098.0, "meta_old_node_id": null, "meta_couple_authority": null }, "geometry": { "type": "Point", "coordinates": [ 122406.969400000743917, 519686.174400002113543 ] } },
{ "type": "Feature", "properties": { "node_id": 1100, "node_type": "Outlet", "name": "", "subnetwork_id": null, "source_priority": null, "cyclic_time": false, "meta_categorie": null, "meta_waterbeheerder": null, "meta_node_id": 1100.0, "meta_old_node_id": null, "meta_couple_authority": null }, "geometry": { "type": "Point", "coordinates": [ 106378.499400012922706, 512462.899600007396657 ] } },
{ "type": "Feature", "properties": { "node_id": 1101, "node_type": "Pump", "name": "Bedijkte Boezem", "subnetwork_id": null, "source_priority": null, "cyclic_time": false, "meta_categorie": null, "meta_waterbeheerder": null, "meta_node_id": 1101.0, "meta_old_node_id": null, "meta_couple_authority": null }, "geometry": { "type": "Point", "coordinates": [ 124754.006000001507346, 529314.355999997933395 ] } },
{ "type": "Feature", "properties": { "node_id": 1102, "node_type": "Outlet", "name": "", "subnetwork_id": null, "source_priority": null, "cyclic_time": false, "meta_categorie": null, "meta_waterbeheerder": null, "meta_node_id": 1102.0, "meta_old_node_id": null, "meta_couple_authority": null }, "geometry": { "type": "Point", "coordinates": [ 134078.313299998641014, 539242.30629999935627 ] } },
{ "type": "Feature", "properties": { "node_id": 1103, "node_type": "Pump", "name": "Gesterkoog", "subnetwork_id": null, "source_priority": null, "cyclic_time": false, "meta_categorie": null, "meta_waterbeheerder": null, "meta_node_id": 1103.0, "meta_old_node_id": null, "meta_couple_authority": null }, "geometry": { "type": "Point", "coordinates": [ 131306.235985612438526, 548498.018071995000355 ] } },
{ "type": "Feature", "properties": { "node_id": 1104, "node_type": "Outlet", "name": "", "subnetwork_id": null, "source_priority": null, "cyclic_time": false, "meta_categorie": null, "meta_waterbeheerder": null, "meta_node_id": 1104.0, "meta_old_node_id": null, "meta_couple_authority": null }, "geometry": { "type": "Point", "coordinates": [ 131033.063867948236293, 497381.146065584849566 ] } },
{ "type": "Feature", "properties": { "node_id": 1105, "node_type": "Pump", "name": "De Hoelm (hoog)", "subnetwork_id": null, "source_priority": null, "cyclic_time": false, "meta_categorie": null, "meta_waterbeheerder": null, "meta_node_id": 1105.0, "meta_old_node_id": null, "meta_couple_authority": null }, "geometry": { "type": "Point", "coordinates": [ 124890.907124792443938, 544865.721364989993162 ] } },
{ "type": "Feature", "properties": { "node_id": 1106, "node_type": "Pump", "name": "Monnickenmeer", "subnetwork_id": null, "source_priority": null, "cyclic_time": false, "meta_categorie": null, "meta_waterbeheerder": null, "meta_node_id": 1106.0, "meta_old_node_id": null, "meta_couple_authority": null }, "geometry": { "type": "Point", "coordinates": [ 130298.719999998633284, 495823.039000000746455 ] } },
{ "type": "Feature", "properties": { "node_id": 1107, "node_type": "Outlet", "name": "", "subnetwork_id": null, "source_priority": null, "cyclic_time": false, "meta_categorie": null, "meta_waterbeheerder": null, "meta_node_id": 1107.0, "meta_old_node_id": null, "meta_couple_authority": null }, "geometry": { "type": "Point", "coordinates": [ 136273.032499998749699, 519797.914599999727216 ] } },
{ "type": "Feature", "properties": { "node_id": 1108, "node_type": "Pump", "name": "Purmerland Oost", "subnetwork_id": null, "source_priority": null, "cyclic_time": false, "meta_categorie": null, "meta_waterbeheerder": null, "meta_node_id": 1108.0, "meta_old_node_id": null, "meta_couple_authority": null }, "geometry": { "type": "Point", "coordinates": [ 125084.791986339521827, 499315.771001578308642 ] } },
{ "type": "Feature", "properties": { "node_id": 1109, "node_type": "ManningResistance", "name": "", "subnetwork_id": null, "source_priority": null, "cyclic_time": false, "meta_categorie": null, "meta_waterbeheerder": null, "meta_node_id": 1109.0, "meta_old_node_id": null, "meta_couple_authority": null }, "geometry": { "type": "Point", "coordinates": [ 108572.936999998782994, 534670.271000001695938 ] } },
{ "type": "Feature", "properties": { "node_id": 1111, "node_type": "Pump", "name": "KGM-Q-30537", "subnetwork_id": null, "source_priority": null, "cyclic_time": false, "meta_categorie": null, "meta_waterbeheerder": null, "meta_node_id": 1111.0, "meta_old_node_id": null, "meta_couple_authority": null }, "geometry": { "type": "Point", "coordinates": [ 112616.789999999091378, 512898.592999998480082 ] } },
{ "type": "Feature", "properties": { "node_id": 1112, "node_type": "Outlet", "name": "", "subnetwork_id": null, "source_priority": null, "cyclic_time": false, "meta_categorie": null, "meta_waterbeheerder": null, "meta_node_id": 1112.0, "meta_old_node_id": null, "meta_couple_authority": null }, "geometry": { "type": "Point", "coordinates": [ 129941.156599493566318, 512805.759887454390991 ] } },
{ "type": "Feature", "properties": { "node_id": 1113, "node_type": "Outlet", "name": "", "subnetwork_id": null, "source_priority": null, "cyclic_time": false, "meta_categorie": null, "meta_waterbeheerder": null, "meta_node_id": 1113.0, "meta_old_node_id": null, "meta_couple_authority": null }, "geometry": { "type": "Point", "coordinates": [ 129842.138547147376812, 536734.937163411523215 ] } },
{ "type": "Feature", "properties": { "node_id": 1114, "node_type": "Pump", "name": "60342", "subnetwork_id": null, "source_priority": null, "cyclic_time": false, "meta_categorie": null, "meta_waterbeheerder": null, "meta_node_id": 1114.0, "meta_old_node_id": null, "meta_couple_authority": null }, "geometry": { "type": "Point", "coordinates": [ 110216.91899999974703, 542899.041000001132488 ] } },
{ "type": "Feature", "properties": { "node_id": 1115, "node_type": "Pump", "name": "KGM-Q-24934", "subnetwork_id": null, "source_priority": null, "cyclic_time": false, "meta_categorie": null, "meta_waterbeheerder": null, "meta_node_id": 1115.0, "meta_old_node_id": null, "meta_couple_authority": null }, "geometry": { "type": "Point", "coordinates": [ 115008.477000001279521, 539486.171000001602806 ] } },
{ "type": "Feature", "properties": { "node_id": 1116, "node_type": "Outlet", "name": "", "subnetwork_id": null, "source_priority": null, "cyclic_time": false, "meta_categorie": null, "meta_waterbeheerder": null, "meta_node_id": 1116.0, "meta_old_node_id": null, "meta_couple_authority": null }, "geometry": { "type": "Point", "coordinates": [ 120457.609599999443162, 523391.657699997886084 ] } },
{ "type": "Feature", "properties": { "node_id": 1117, "node_type": "Pump", "name": "Hargermolen", "subnetwork_id": null, "source_priority": null, "cyclic_time": false, "meta_categorie": null, "meta_waterbeheerder": null, "meta_node_id": 1117.0, "meta_old_node_id": null, "meta_couple_authority": null }, "geometry": { "type": "Point", "coordinates": [ 105864.863400000584079, 528713.839699998381548 ] } },
{ "type": "Feature", "properties": { "node_id": 1118, "node_type": "Outlet", "name": "", "subnetwork_id": null, "source_priority": null, "cyclic_time": false, "meta_categorie": null, "meta_waterbeheerder": null, "meta_node_id": 1118.0, "meta_old_node_id": null, "meta_couple_authority": null }, "geometry": { "type": "Point", "coordinates": [ 139788.977000001177657, 527682.299000001279637 ] } },
{ "type": "Feature", "properties": { "node_id": 1119, "node_type": "Outlet", "name": "", "subnetwork_id": null, "source_priority": null, "cyclic_time": false, "meta_categorie": null, "meta_waterbeheerder": null, "meta_node_id": 1119.0, "meta_old_node_id": null, "meta_couple_authority": null }, "geometry": { "type": "Point", "coordinates": [ 112916.269000001513632, 513766.36000000097556 ] } },
{ "type": "Feature", "properties": { "node_id": 1120, "node_type": "Outlet", "name": "", "subnetwork_id": null, "source_priority": null, "cyclic_time": false, "meta_categorie": null, "meta_waterbeheerder": null, "meta_node_id": 1120.0, "meta_old_node_id": null, "meta_couple_authority": null }, "geometry": { "type": "Point", "coordinates": [ 107522.062199997671996, 529784.590999997337349 ] } },
{ "type": "Feature", "properties": { "node_id": 1121, "node_type": "Pump", "name": "Westermolen", "subnetwork_id": null, "source_priority": null, "cyclic_time": false, "meta_categorie": null, "meta_waterbeheerder": null, "meta_node_id": 1121.0, "meta_old_node_id": null, "meta_couple_authority": null }, "geometry": { "type": "Point", "coordinates": [ 121579.674800000939285, 528773.611999999848194 ] } },
{ "type": "Feature", "properties": { "node_id": 1124, "node_type": "Pump", "name": "Dorregeester molen", "subnetwork_id": null, "source_priority": null, "cyclic_time": false, "meta_categorie": null, "meta_waterbeheerder": null, "meta_node_id": 1124.0, "meta_old_node_id": null, "meta_couple_authority": null }, "geometry": { "type": "Point", "coordinates": [ 110429.294300000823569, 506611.984299999312498 ] } },
{ "type": "Feature", "properties": { "node_id": 1125, "node_type": "Pump", "name": "De Kat", "subnetwork_id": null, "source_priority": null, "cyclic_time": false, "meta_categorie": null, "meta_waterbeheerder": null, "meta_node_id": 1125.0, "meta_old_node_id": null, "meta_couple_authority": null }, "geometry": { "type": "Point", "coordinates": [ 109385.88410000060685, 505298.882900001946837 ] } },
{ "type": "Feature", "properties": { "node_id": 1126, "node_type": "Outlet", "name": "", "subnetwork_id": null, "source_priority": null, "cyclic_time": false, "meta_categorie": null, "meta_waterbeheerder": null, "meta_node_id": 1126.0, "meta_old_node_id": null, "meta_couple_authority": null }, "geometry": { "type": "Point", "coordinates": [ 131271.747999999264721, 548375.69900000107009 ] } },
{ "type": "Feature", "properties": { "node_id": 1127, "node_type": "Pump", "name": "KGM-M-2624", "subnetwork_id": null, "source_priority": null, "cyclic_time": false, "meta_categorie": null, "meta_waterbeheerder": null, "meta_node_id": 1127.0, "meta_old_node_id": null, "meta_couple_authority": null }, "geometry": { "type": "Point", "coordinates": [ 112169.822000000494882, 541370.596000002580695 ] } },
{ "type": "Feature", "properties": { "node_id": 1128, "node_type": "Pump", "name": "Sammerspolder", "subnetwork_id": null, "source_priority": null, "cyclic_time": false, "meta_categorie": null, "meta_waterbeheerder": null, "meta_node_id": 1128.0, "meta_old_node_id": null, "meta_couple_authority": null }, "geometry": { "type": "Point", "coordinates": [ 107459.295912665460492, 514851.713555958471261 ] } },
{ "type": "Feature", "properties": { "node_id": 1129, "node_type": "Outlet", "name": "", "subnetwork_id": null, "source_priority": null, "cyclic_time": false, "meta_categorie": null, "meta_waterbeheerder": null, "meta_node_id": 1129.0, "meta_old_node_id": null, "meta_couple_authority": null }, "geometry": { "type": "Point", "coordinates": [ 111595.040999995238963, 551506.372000007890165 ] } },
{ "type": "Feature", "properties": { "node_id": 1131, "node_type": "Outlet", "name": "", "subnetwork_id": null, "source_priority": null, "cyclic_time": false, "meta_categorie": null, "meta_waterbeheerder": null, "meta_node_id": 1131.0, "meta_old_node_id": null, "meta_couple_authority": null }, "geometry": { "type": "Point", "coordinates": [ 117214.057999998723972, 532097.238999999943189 ] } },
{ "type": "Feature", "properties": { "node_id": 1132, "node_type": "Pump", "name": "KGM-Q-25116", "subnetwork_id": null, "source_priority": null, "cyclic_time": false, "meta_categorie": null, "meta_waterbeheerder": null, "meta_node_id": 1132.0, "meta_old_node_id": null, "meta_couple_authority": null }, "geometry": { "type": "Point", "coordinates": [ 112077.807918970604078, 539069.132700910675339 ] } },
{ "type": "Feature", "properties": { "node_id": 1133, "node_type": "Outlet", "name": "", "subnetwork_id": null, "source_priority": null, "cyclic_time": false, "meta_categorie": null, "meta_waterbeheerder": null, "meta_node_id": 1133.0, "meta_old_node_id": null, "meta_couple_authority": null }, "geometry": { "type": "Point", "coordinates": [ 111597.583000001613982, 514162.768000000971369 ] } },
{ "type": "Feature", "properties": { "node_id": 1134, "node_type": "Outlet", "name": "", "subnetwork_id": null, "source_priority": null, "cyclic_time": false, "meta_categorie": null, "meta_waterbeheerder": null, "meta_node_id": 1134.0, "meta_old_node_id": null, "meta_couple_authority": null }, "geometry": { "type": "Point", "coordinates": [ 110150.340999998836196, 532047.853999999468215 ] } },
{ "type": "Feature", "properties": { "node_id": 1135, "node_type": "Pump", "name": "Diepsmeer", "subnetwork_id": null, "source_priority": null, "cyclic_time": false, "meta_categorie": null, "meta_waterbeheerder": null, "meta_node_id": 1135.0, "meta_old_node_id": null, "meta_couple_authority": null }, "geometry": { "type": "Point", "coordinates": [ 112585.649999998524436, 522918.20699999795761 ] } },
{ "type": "Feature", "properties": { "node_id": 1136, "node_type": "Pump", "name": "De Waakzaamheid", "subnetwork_id": null, "source_priority": null, "cyclic_time": false, "meta_categorie": null, "meta_waterbeheerder": null, "meta_node_id": 1136.0, "meta_old_node_id": null, "meta_couple_authority": null }, "geometry": { "type": "Point", "coordinates": [ 121831.162999998443411, 532995.625000000232831 ] } },
{ "type": "Feature", "properties": { "node_id": 1137, "node_type": "Pump", "name": "Molen D Oosterdel", "subnetwork_id": null, "source_priority": null, "cyclic_time": false, "meta_categorie": null, "meta_waterbeheerder": null, "meta_node_id": 1137.0, "meta_old_node_id": null, "meta_couple_authority": null }, "geometry": { "type": "Point", "coordinates": [ 117050.129999998694984, 520993.403000000223983 ] } },
{ "type": "Feature", "properties": { "node_id": 1138, "node_type": "Pump", "name": "Varnebroekmolen", "subnetwork_id": null, "source_priority": null, "cyclic_time": false, "meta_categorie": null, "meta_waterbeheerder": null, "meta_node_id": 1138.0, "meta_old_node_id": null, "meta_couple_authority": null }, "geometry": { "type": "Point", "coordinates": [ 108461.370900002482813, 514578.376600001414772 ] } },
{ "type": "Feature", "properties": { "node_id": 1139, "node_type": "Pump", "name": "Zunderdorp", "subnetwork_id": null, "source_priority": null, "cyclic_time": false, "meta_categorie": null, "meta_waterbeheerder": null, "meta_node_id": 1139.0, "meta_old_node_id": null, "meta_couple_authority": null }, "geometry": { "type": "Point", "coordinates": [ 127543.922999999675085, 492367.814000002050307 ] } },
{ "type": "Feature", "properties": { "node_id": 1140, "node_type": "Outlet", "name": "", "subnetwork_id": null, "source_priority": null, "cyclic_time": false, "meta_categorie": null, "meta_waterbeheerder": null, "meta_node_id": 1140.0, "meta_old_node_id": null, "meta_couple_authority": null }, "geometry": { "type": "Point", "coordinates": [ 106549.313999999329099, 504958.35599999880651 ] } },
{ "type": "Feature", "properties": { "node_id": 1142, "node_type": "Outlet", "name": "", "subnetwork_id": null, "source_priority": null, "cyclic_time": false, "meta_categorie": null, "meta_waterbeheerder": null, "meta_node_id": 1142.0, "meta_old_node_id": null, "meta_couple_authority": null }, "geometry": { "type": "Point", "coordinates": [ 132678.18090000009397, 500349.394600000232458 ] } },
{ "type": "Feature", "properties": { "node_id": 1143, "node_type": "Pump", "name": "Bosmolen", "subnetwork_id": null, "source_priority": null, "cyclic_time": false, "meta_categorie": null, "meta_waterbeheerder": null, "meta_node_id": 1143.0, "meta_old_node_id": null, "meta_couple_authority": null }, "geometry": { "type": "Point", "coordinates": [ 108528.386399998955312, 517344.684599999454804 ] } },
{ "type": "Feature", "properties": { "node_id": 1144, "node_type": "Pump", "name": "NM", "subnetwork_id": null, "source_priority": null, "cyclic_time": false, "meta_categorie": null, "meta_waterbeheerder": null, "meta_node_id": 1144.0, "meta_old_node_id": null, "meta_couple_authority": null }, "geometry": { "type": "Point", "coordinates": [ 108374.913400001023547, 532101.244399999151938 ] } },
{ "type": "Feature", "properties": { "node_id": 1145, "node_type": "Pump", "name": "Zaangemaal", "subnetwork_id": null, "source_priority": null, "cyclic_time": false, "meta_categorie": null, "meta_waterbeheerder": null, "meta_node_id": 1145.0, "meta_old_node_id": null, "meta_couple_authority": null }, "geometry": { "type": "Point", "coordinates": [ 116825.553249701872119, 494734.166448778007179 ] } },
{ "type": "Feature", "properties": { "node_id": 1147, "node_type": "Pump", "name": "Z In", "subnetwork_id": null, "source_priority": null, "cyclic_time": false, "meta_categorie": null, "meta_waterbeheerder": null, "meta_node_id": 1147.0, "meta_old_node_id": null, "meta_couple_authority": null }, "geometry": { "type": "Point", "coordinates": [ 111031.17500000144355, 536147.065000002505258 ] } },
{ "type": "Feature", "properties": { "node_id": 1148, "node_type": "Outlet", "name": "", "subnetwork_id": null, "source_priority": null, "cyclic_time": false, "meta_categorie": null, "meta_waterbeheerder": null, "meta_node_id": 1148.0, "meta_old_node_id": null, "meta_couple_authority": null }, "geometry": { "type": "Point", "coordinates": [ 110003.214692628695047, 507451.256511564250104 ] } },
{ "type": "Feature", "properties": { "node_id": 1149, "node_type": "Pump", "name": "Gemaal 1879", "subnetwork_id": null, "source_priority": null, "cyclic_time": false, "meta_categorie": null, "meta_waterbeheerder": null, "meta_node_id": 1149.0, "meta_old_node_id": null, "meta_couple_authority": null }, "geometry": { "type": "Point", "coordinates": [ 110209.765700001444202, 507129.256000000925269 ] } },
{ "type": "Feature", "properties": { "node_id": 1150, "node_type": "Outlet", "name": "", "subnetwork_id": null, "source_priority": null, "cyclic_time": false, "meta_categorie": null, "meta_waterbeheerder": null, "meta_node_id": 1150.0, "meta_old_node_id": null, "meta_couple_authority": null }, "geometry": { "type": "Point", "coordinates": [ 106401.855999997234903, 498682.675700002873782 ] } },
{ "type": "Feature", "properties": { "node_id": 1151, "node_type": "Pump", "name": "De Haukes", "subnetwork_id": null, "source_priority": null, "cyclic_time": false, "meta_categorie": null, "meta_waterbeheerder": null, "meta_node_id": 1151.0, "meta_old_node_id": null, "meta_couple_authority": null }, "geometry": { "type": "Point", "coordinates": [ 124360.799131146311993, 544467.266764185973443 ] } },
{ "type": "Feature", "properties": { "node_id": 1152, "node_type": "Outlet", "name": "", "subnetwork_id": null, "source_priority": null, "cyclic_time": false, "meta_categorie": null, "meta_waterbeheerder": null, "meta_node_id": 1152.0, "meta_old_node_id": null, "meta_couple_authority": null }, "geometry": { "type": "Point", "coordinates": [ 107890.943000000304892, 511645.022699999099132 ] } },
{ "type": "Feature", "properties": { "node_id": 1154, "node_type": "Pump", "name": "KGM-M-4263", "subnetwork_id": null, "source_priority": null, "cyclic_time": false, "meta_categorie": null, "meta_waterbeheerder": null, "meta_node_id": 1154.0, "meta_old_node_id": null, "meta_couple_authority": null }, "geometry": { "type": "Point", "coordinates": [ 114552.492000000565895, 539823.701000001165085 ] } },
{ "type": "Feature", "properties": { "node_id": 1155, "node_type": "Pump", "name": "Zuiderkoog", "subnetwork_id": null, "source_priority": null, "cyclic_time": false, "meta_categorie": null, "meta_waterbeheerder": null, "meta_node_id": 1155.0, "meta_old_node_id": null, "meta_couple_authority": null }, "geometry": { "type": "Point", "coordinates": [ 115781.848999999361695, 525210.96799999778159 ] } },
{ "type": "Feature", "properties": { "node_id": 1156, "node_type": "Outlet", "name": "", "subnetwork_id": null, "source_priority": null, "cyclic_time": false, "meta_categorie": null, "meta_waterbeheerder": null, "meta_node_id": 1156.0, "meta_old_node_id": null, "meta_couple_authority": null }, "geometry": { "type": "Point", "coordinates": [ 142839.873199999565259, 517512.968100000289269 ] } },
{ "type": "Feature", "properties": { "node_id": 1158, "node_type": "Pump", "name": "KGM-JL-2083", "subnetwork_id": null, "source_priority": null, "cyclic_time": false, "meta_categorie": null, "meta_waterbeheerder": null, "meta_node_id": 1158.0, "meta_old_node_id": null, "meta_couple_authority": null }, "geometry": { "type": "Point", "coordinates": [ 130730.860100000762031, 520525.235399998549838 ] } },
{ "type": "Feature", "properties": { "node_id": 1159, "node_type": "Outlet", "name": "", "subnetwork_id": null, "source_priority": null, "cyclic_time": false, "meta_categorie": null, "meta_waterbeheerder": null, "meta_node_id": 1159.0, "meta_old_node_id": null, "meta_couple_authority": null }, "geometry": { "type": "Point", "coordinates": [ 113367.735000000087894, 532452.800999999046326 ] } },
{ "type": "Feature", "properties": { "node_id": 1160, "node_type": "Pump", "name": "Volendammermeer", "subnetwork_id": null, "source_priority": null, "cyclic_time": false, "meta_categorie": null, "meta_waterbeheerder": null, "meta_node_id": 1160.0, "meta_old_node_id": null, "meta_couple_authority": null }, "geometry": { "type": "Point", "coordinates": [ 133405.604999999224674, 501016.853999998536892 ] } },
{ "type": "Feature", "properties": { "node_id": 1162, "node_type": "Pump", "name": "Schagerwaard", "subnetwork_id": null, "source_priority": null, "cyclic_time": false, "meta_categorie": null, "meta_waterbeheerder": null, "meta_node_id": 1162.0, "meta_old_node_id": null, "meta_couple_authority": null }, "geometry": { "type": "Point", "coordinates": [ 115014.695999998686602, 528873.36600000038743 ] } },
{ "type": "Feature", "properties": { "node_id": 1163, "node_type": "Pump", "name": "De Koog", "subnetwork_id": null, "source_priority": null, "cyclic_time": false, "meta_categorie": null, "meta_waterbeheerder": null, "meta_node_id": 1163.0, "meta_old_node_id": null, "meta_couple_authority": null }, "geometry": { "type": "Point", "coordinates": [ 127852.452000006800517, 503230.054999997431878 ] } },
{ "type": "Feature", "properties": { "node_id": 1165, "node_type": "Outlet", "name": "", "subnetwork_id": null, "source_priority": null, "cyclic_time": false, "meta_categorie": null, "meta_waterbeheerder": null, "meta_node_id": 1165.0, "meta_old_node_id": null, "meta_couple_authority": null }, "geometry": { "type": "Point", "coordinates": [ 121849.061000000307104, 494078.897000001044944 ] } },
{ "type": "Feature", "properties": { "node_id": 1166, "node_type": "Pump", "name": "KGM-JH-5076", "subnetwork_id": null, "source_priority": null, "cyclic_time": false, "meta_categorie": null, "meta_waterbeheerder": null, "meta_node_id": 1166.0, "meta_old_node_id": null, "meta_couple_authority": null }, "geometry": { "type": "Point", "coordinates": [ 129655.710999998045736, 495633.418000001867767 ] } },
{ "type": "Feature", "properties": { "node_id": 1167, "node_type": "Pump", "name": "Oosthoek", "subnetwork_id": null, "source_priority": null, "cyclic_time": false, "meta_categorie": null, "meta_waterbeheerder": null, "meta_node_id": 1167.0, "meta_old_node_id": null, "meta_couple_authority": null }, "geometry": { "type": "Point", "coordinates": [ 122358.337999999886961, 543186.265999999712221 ] } },
{ "type": "Feature", "properties": { "node_id": 1168, "node_type": "Pump", "name": "Koopmanspolder", "subnetwork_id": null, "source_priority": null, "cyclic_time": false, "meta_categorie": null, "meta_waterbeheerder": null, "meta_node_id": 1168.0, "meta_old_node_id": null, "meta_couple_authority": null }, "geometry": { "type": "Point", "coordinates": [ 140010.684999999502907, 527734.820000000763685 ] } },
{ "type": "Feature", "properties": { "node_id": 1169, "node_type": "Pump", "name": "Vier Noorder Koggen (hoog)", "subnetwork_id": null, "source_priority": null, "cyclic_time": false, "meta_categorie": null, "meta_waterbeheerder": null, "meta_node_id": 1169.0, "meta_old_node_id": null, "meta_couple_authority": null }, "geometry": { "type": "Point", "coordinates": [ 138764.4098000015656, 528019.537500003003515 ] } },
{ "type": "Feature", "properties": { "node_id": 1170, "node_type": "Pump", "name": "KGM-Q-24932", "subnetwork_id": null, "source_priority": null, "cyclic_time": false, "meta_categorie": null, "meta_waterbeheerder": null, "meta_node_id": 1170.0, "meta_old_node_id": null, "meta_couple_authority": null }, "geometry": { "type": "Point", "coordinates": [ 115441.072000001688139, 539189.420000002719462 ] } },
{ "type": "Feature", "properties": { "node_id": 1171, "node_type": "Pump", "name": "KGM-S-8", "subnetwork_id": null, "source_priority": null, "cyclic_time": false, "meta_categorie": null, "meta_waterbeheerder": null, "meta_node_id": 1171.0, "meta_old_node_id": null, "meta_couple_authority": null }, "geometry": { "type": "Point", "coordinates": [ 110074.508000001340406, 497175.302000001072884 ] } },
{ "type": "Feature", "properties": { "node_id": 1172, "node_type": "Outlet", "name": "", "subnetwork_id": null, "source_priority": null, "cyclic_time": false, "meta_categorie": null, "meta_waterbeheerder": null, "meta_node_id": 1172.0, "meta_old_node_id": null, "meta_couple_authority": null }, "geometry": { "type": "Point", "coordinates": [ 126851.545000001511653, 490744.427999999315944 ] } },
{ "type": "Feature", "properties": { "node_id": 1173, "node_type": "Pump", "name": "Soeteboom", "subnetwork_id": null, "source_priority": null, "cyclic_time": false, "meta_categorie": null, "meta_waterbeheerder": null, "meta_node_id": 1173.0, "meta_old_node_id": null, "meta_couple_authority": null }, "geometry": { "type": "Point", "coordinates": [ 116641.114000002678949, 494458.85599999706028 ] } },
{ "type": "Feature", "properties": { "node_id": 1174, "node_type": "Pump", "name": "H-ON", "subnetwork_id": null, "source_priority": null, "cyclic_time": false, "meta_categorie": null, "meta_waterbeheerder": null, "meta_node_id": 1174.0, "meta_old_node_id": null, "meta_couple_authority": null }, "geometry": { "type": "Point", "coordinates": [ 111301.232000001095003, 534203.149000001838431 ] } },
{ "type": "Feature", "properties": { "node_id": 1176, "node_type": "Pump", "name": "Hoekvaart", "subnetwork_id": null, "source_priority": null, "cyclic_time": false, "meta_categorie": null, "meta_waterbeheerder": null, "meta_node_id": 1176.0, "meta_old_node_id": null, "meta_couple_authority": null }, "geometry": { "type": "Point", "coordinates": [ 130576.203000004825299, 538716.899000000907108 ] } },
{ "type": "Feature", "properties": { "node_id": 1177, "node_type": "Pump", "name": "KGM-Q-25128", "subnetwork_id": null, "source_priority": null, "cyclic_time": false, "meta_categorie": null, "meta_waterbeheerder": null, "meta_node_id": 1177.0, "meta_old_node_id": null, "meta_couple_authority": null }, "geometry": { "type": "Point", "coordinates": [ 108682.357000000891276, 533741.943999997340143 ] } },
{ "type": "Feature", "properties": { "node_id": 1178, "node_type": "Pump", "name": "Molenweg (Vopo)", "subnetwork_id": null, "source_priority": null, "cyclic_time": false, "meta_categorie": null, "meta_waterbeheerder": null, "meta_node_id": 1178.0, "meta_old_node_id": null, "meta_couple_authority": null }, "geometry": { "type": "Point", "coordinates": [ 119640.047000015125377, 539650.061999993864447 ] } },
{ "type": "Feature", "properties": { "node_id": 1179, "node_type": "Pump", "name": "P. van der Sterrweg", "subnetwork_id": null, "source_priority": null, "cyclic_time": false, "meta_categorie": null, "meta_waterbeheerder": null, "meta_node_id": 1179.0, "meta_old_node_id": null, "meta_couple_authority": null }, "geometry": { "type": "Point", "coordinates": [ 122810.181000005468377, 535543.500000001513399 ] } },
{ "type": "Feature", "properties": { "node_id": 1180, "node_type": "Pump", "name": "KGM-AR-872", "subnetwork_id": null, "source_priority": null, "cyclic_time": false, "meta_categorie": null, "meta_waterbeheerder": null, "meta_node_id": 1180.0, "meta_old_node_id": null, "meta_couple_authority": null }, "geometry": { "type": "Point", "coordinates": [ 106010.981100003453321, 526662.990699996240437 ] } },
{ "type": "Feature", "properties": { "node_id": 1182, "node_type": "Pump", "name": "Proefpolder", "subnetwork_id": null, "source_priority": null, "cyclic_time": false, "meta_categorie": null, "meta_waterbeheerder": null, "meta_node_id": 1182.0, "meta_old_node_id": null, "meta_couple_authority": null }, "geometry": { "type": "Point", "coordinates": [ 141593.383999999001389, 529079.310999999404885 ] } },
{ "type": "Feature", "properties": { "node_id": 1183, "node_type": "Pump", "name": "KGM-Q-30557", "subnetwork_id": null, "source_priority": null, "cyclic_time": false, "meta_categorie": null, "meta_waterbeheerder": null, "meta_node_id": 1183.0, "meta_old_node_id": null, "meta_couple_authority": null }, "geometry": { "type": "Point", "coordinates": [ 110043.162200000529992, 507417.043699998117518 ] } },
{ "type": "Feature", "properties": { "node_id": 1184, "node_type": "Outlet", "name": "", "subnetwork_id": null, "source_priority": null, "cyclic_time": false, "meta_categorie": null, "meta_waterbeheerder": null, "meta_node_id": 1184.0, "meta_old_node_id": null, "meta_couple_authority": null }, "geometry": { "type": "Point", "coordinates": [ 106708.837000001978595, 513139.555000000225846 ] } },
{ "type": "Feature", "properties": { "node_id": 1185, "node_type": "Outlet", "name": "", "subnetwork_id": null, "source_priority": null, "cyclic_time": false, "meta_categorie": null, "meta_waterbeheerder": null, "meta_node_id": 1185.0, "meta_old_node_id": null, "meta_couple_authority": null }, "geometry": { "type": "Point", "coordinates": [ 105583.268599999180879, 505197.742600000696257 ] } },
{ "type": "Feature", "properties": { "node_id": 1187, "node_type": "Outlet", "name": "", "subnetwork_id": null, "source_priority": null, "cyclic_time": false, "meta_categorie": null, "meta_waterbeheerder": null, "meta_node_id": 1187.0, "meta_old_node_id": null, "meta_couple_authority": null }, "geometry": { "type": "Point", "coordinates": [ 136227.652722330763936, 516536.68145591870416 ] } },
{ "type": "Feature", "properties": { "node_id": 1188, "node_type": "Outlet", "name": "", "subnetwork_id": null, "source_priority": null, "cyclic_time": false, "meta_categorie": null, "meta_waterbeheerder": null, "meta_node_id": 1188.0, "meta_old_node_id": null, "meta_couple_authority": null }, "geometry": { "type": "Point", "coordinates": [ 136587.690900001383852, 539746.070599999511614 ] } },
{ "type": "Feature", "properties": { "node_id": 1189, "node_type": "Pump", "name": "KGM-JL-2073", "subnetwork_id": null, "source_priority": null, "cyclic_time": false, "meta_categorie": null, "meta_waterbeheerder": null, "meta_node_id": 1189.0, "meta_old_node_id": null, "meta_couple_authority": null }, "geometry": { "type": "Point", "coordinates": [ 114472.780999999173218, 539764.096000000252388 ] } },
{ "type": "Feature", "properties": { "node_id": 1190, "node_type": "Pump", "name": "Wijde Wormer", "subnetwork_id": null, "source_priority": null, "cyclic_time": false, "meta_categorie": null, "meta_waterbeheerder": null, "meta_node_id": 1190.0, "meta_old_node_id": null, "meta_couple_authority": null }, "geometry": { "type": "Point", "coordinates": [ 121068.846000001954962, 502331.734000001568347 ] } },
{ "type": "Feature", "properties": { "node_id": 1193, "node_type": "Pump", "name": "Westerboekelweg", "subnetwork_id": null, "source_priority": null, "cyclic_time": false, "meta_categorie": null, "meta_waterbeheerder": null, "meta_node_id": 1193.0, "meta_old_node_id": null, "meta_couple_authority": null }, "geometry": { "type": "Point", "coordinates": [ 123600.671000000118511, 525250.978000001166947 ] } },
{ "type": "Feature", "properties": { "node_id": 1194, "node_type": "Pump", "name": "Hemmeland", "subnetwork_id": null, "source_priority": null, "cyclic_time": false, "meta_categorie": null, "meta_waterbeheerder": null, "meta_node_id": 1194.0, "meta_old_node_id": null, "meta_couple_authority": null }, "geometry": { "type": "Point", "coordinates": [ 131604.26434484127094, 496627.614938595448621 ] } },
{ "type": "Feature", "properties": { "node_id": 1195, "node_type": "Outlet", "name": "", "subnetwork_id": null, "source_priority": null, "cyclic_time": false, "meta_categorie": null, "meta_waterbeheerder": null, "meta_node_id": 1195.0, "meta_old_node_id": null, "meta_couple_authority": null }, "geometry": { "type": "Point", "coordinates": [ 124448.076000001572538, 489359.690000001399312 ] } },
{ "type": "Feature", "properties": { "node_id": 1196, "node_type": "Pump", "name": "I-Zuid", "subnetwork_id": null, "source_priority": null, "cyclic_time": false, "meta_categorie": null, "meta_waterbeheerder": null, "meta_node_id": 1196.0, "meta_old_node_id": null, "meta_couple_authority": null }, "geometry": { "type": "Point", "coordinates": [ 113009.623000000108732, 535475.824000000720844 ] } },
{ "type": "Feature", "properties": { "node_id": 1198, "node_type": "Outlet", "name": "", "subnetwork_id": null, "source_priority": null, "cyclic_time": false, "meta_categorie": null, "meta_waterbeheerder": null, "meta_node_id": 1198.0, "meta_old_node_id": null, "meta_couple_authority": null }, "geometry": { "type": "Point", "coordinates": [ 130084.898800000519259, 513238.168400002468843 ] } },
{ "type": "Feature", "properties": { "node_id": 1199, "node_type": "Pump", "name": "Slikven", "subnetwork_id": null, "source_priority": null, "cyclic_time": false, "meta_categorie": null, "meta_waterbeheerder": null, "meta_node_id": 1199.0, "meta_old_node_id": null, "meta_couple_authority": null }, "geometry": { "type": "Point", "coordinates": [ 118177.648999999495572, 530626.520000001299195 ] } },
{ "type": "Feature", "properties": { "node_id": 1202, "node_type": "Pump", "name": "Waard Nieuwland", "subnetwork_id": null, "source_priority": null, "cyclic_time": false, "meta_categorie": null, "meta_waterbeheerder": null, "meta_node_id": 1202.0, "meta_old_node_id": null, "meta_couple_authority": null }, "geometry": { "type": "Point", "coordinates": [ 128976.978600000322331, 546146.960200001602061 ] } },
{ "type": "Feature", "properties": { "node_id": 1204, "node_type": "Pump", "name": "Kaagpolder, Opmeer", "subnetwork_id": null, "source_priority": null, "cyclic_time": false, "meta_categorie": null, "meta_waterbeheerder": null, "meta_node_id": 1204.0, "meta_old_node_id": null, "meta_couple_authority": null }, "geometry": { "type": "Point", "coordinates": [ 123418.771000001725042, 522988.813000001304317 ] } },
{ "type": "Feature", "properties": { "node_id": 1205, "node_type": "Pump", "name": "Woudmeer", "subnetwork_id": null, "source_priority": null, "cyclic_time": false, "meta_categorie": null, "meta_waterbeheerder": null, "meta_node_id": 1205.0, "meta_old_node_id": null, "meta_couple_authority": null }, "geometry": { "type": "Point", "coordinates": [ 115025.53999999955704, 528340.691000003018416 ] } },
{ "type": "Feature", "properties": { "node_id": 1206, "node_type": "Outlet", "name": "", "subnetwork_id": null, "source_priority": null, "cyclic_time": false, "meta_categorie": null, "meta_waterbeheerder": null, "meta_node_id": 1206.0, "meta_old_node_id": null, "meta_couple_authority": null }, "geometry": { "type": "Point", "coordinates": [ 135510.030000001279404, 542057.207999999285676 ] } },
{ "type": "Feature", "properties": { "node_id": 1207, "node_type": "Pump", "name": "Breelaan", "subnetwork_id": null, "source_priority": null, "cyclic_time": false, "meta_categorie": null, "meta_waterbeheerder": null, "meta_node_id": 1207.0, "meta_old_node_id": null, "meta_couple_authority": null }, "geometry": { "type": "Point", "coordinates": [ 113707.52069140515232, 517010.695112062734552 ] } },
{ "type": "Feature", "properties": { "node_id": 1208, "node_type": "Outlet", "name": "", "subnetwork_id": null, "source_priority": null, "cyclic_time": false, "meta_categorie": null, "meta_waterbeheerder": null, "meta_node_id": 1208.0, "meta_old_node_id": null, "meta_couple_authority": null }, "geometry": { "type": "Point", "coordinates": [ 116227.957000000475091, 493434.632000001729466 ] } },
{ "type": "Feature", "properties": { "node_id": 1209, "node_type": "Outlet", "name": "", "subnetwork_id": null, "source_priority": null, "cyclic_time": false, "meta_categorie": null, "meta_waterbeheerder": null, "meta_node_id": 1209.0, "meta_old_node_id": null, "meta_couple_authority": null }, "geometry": { "type": "Point", "coordinates": [ 109437.265299997685361, 505457.038900001498405 ] } },
{ "type": "Feature", "properties": { "node_id": 1210, "node_type": "Outlet", "name": "", "subnetwork_id": null, "source_priority": null, "cyclic_time": false, "meta_categorie": null, "meta_waterbeheerder": null, "meta_node_id": 1210.0, "meta_old_node_id": null, "meta_couple_authority": null }, "geometry": { "type": "Point", "coordinates": [ 114631.703000001274631, 517174.192999999970198 ] } },
{ "type": "Feature", "properties": { "node_id": 1211, "node_type": "Pump", "name": "Atjehgouw", "subnetwork_id": null, "source_priority": null, "cyclic_time": false, "meta_categorie": null, "meta_waterbeheerder": null, "meta_node_id": 1211.0, "meta_old_node_id": null, "meta_couple_authority": null }, "geometry": { "type": "Point", "coordinates": [ 130058.590999998385087, 494072.765000000596046 ] } },
{ "type": "Feature", "properties": { "node_id": 1212, "node_type": "Pump", "name": "KGM-Q-25348", "subnetwork_id": null, "source_priority": null, "cyclic_time": false, "meta_categorie": null, "meta_waterbeheerder": null, "meta_node_id": 1212.0, "meta_old_node_id": null, "meta_couple_authority": null }, "geometry": { "type": "Point", "coordinates": [ 114830.456999996371451, 541552.03200000373181 ] } },
{ "type": "Feature", "properties": { "node_id": 1213, "node_type": "Outlet", "name": "", "subnetwork_id": null, "source_priority": null, "cyclic_time": false, "meta_categorie": null, "meta_waterbeheerder": null, "meta_node_id": 1213.0, "meta_old_node_id": null, "meta_couple_authority": null }, "geometry": { "type": "Point", "coordinates": [ 109898.121100001138984, 536224.432100001606159 ] } },
{ "type": "Feature", "properties": { "node_id": 1214, "node_type": "Pump", "name": "Ondermolen D", "subnetwork_id": null, "source_priority": null, "cyclic_time": false, "meta_categorie": null, "meta_waterbeheerder": null, "meta_node_id": 1214.0, "meta_old_node_id": null, "meta_couple_authority": null }, "geometry": { "type": "Point", "coordinates": [ 120189.871300000508199, 512631.334100003587082 ] } },
{ "type": "Feature", "properties": { "node_id": 1215, "node_type": "Pump", "name": "Westerend", "subnetwork_id": null, "source_priority": null, "cyclic_time": false, "meta_categorie": null, "meta_waterbeheerder": null, "meta_node_id": 1215.0, "meta_old_node_id": null, "meta_couple_authority": null }, "geometry": { "type": "Point", "coordinates": [ 113698.38752943923464, 530443.915658582933247 ] } },
{ "type": "Feature", "properties": { "node_id": 1216, "node_type": "Outlet", "name": "", "subnetwork_id": null, "source_priority": null, "cyclic_time": false, "meta_categorie": null, "meta_waterbeheerder": null, "meta_node_id": 1216.0, "meta_old_node_id": null, "meta_couple_authority": null }, "geometry": { "type": "Point", "coordinates": [ 128822.126189924383652, 503275.166088056808803 ] } },
{ "type": "Feature", "properties": { "node_id": 1217, "node_type": "Outlet", "name": "", "subnetwork_id": null, "source_priority": null, "cyclic_time": false, "meta_categorie": null, "meta_waterbeheerder": null, "meta_node_id": 1217.0, "meta_old_node_id": null, "meta_couple_authority": null }, "geometry": { "type": "Point", "coordinates": [ 121332.344999997803825, 530088.114000001223758 ] } },
{ "type": "Feature", "properties": { "node_id": 1218, "node_type": "Outlet", "name": "", "subnetwork_id": null, "source_priority": null, "cyclic_time": false, "meta_categorie": null, "meta_waterbeheerder": null, "meta_node_id": 1218.0, "meta_old_node_id": null, "meta_couple_authority": null }, "geometry": { "type": "Point", "coordinates": [ 121779.960800000510062, 533238.651400001603179 ] } },
{ "type": "Feature", "properties": { "node_id": 1219, "node_type": "Pump", "name": "Kadoelen", "subnetwork_id": null, "source_priority": null, "cyclic_time": false, "meta_categorie": null, "meta_waterbeheerder": null, "meta_node_id": 1219.0, "meta_old_node_id": null, "meta_couple_authority": null }, "geometry": { "type": "Point", "coordinates": [ 122475.106999999654363, 491318.259000001009554 ] } },
{ "type": "Feature", "properties": { "node_id": 1221, "node_type": "Pump", "name": "KGM-PM-1129", "subnetwork_id": null, "source_priority": null, "cyclic_time": false, "meta_categorie": null, "meta_waterbeheerder": null, "meta_node_id": 1221.0, "meta_old_node_id": null, "meta_couple_authority": null }, "geometry": { "type": "Point", "coordinates": [ 114793.2589021295571, 542347.940221267752349 ] } },
{ "type": "Feature", "properties": { "node_id": 1222, "node_type": "Outlet", "name": "", "subnetwork_id": null, "source_priority": null, "cyclic_time": false, "meta_categorie": null, "meta_waterbeheerder": null, "meta_node_id": 1222.0, "meta_old_node_id": null, "meta_couple_authority": null }, "geometry": { "type": "Point", "coordinates": [ 131151.606085097067989, 496874.38416111638071 ] } },
{ "type": "Feature", "properties": { "node_id": 1223, "node_type": "Outlet", "name": "", "subnetwork_id": null, "source_priority": null, "cyclic_time": false, "meta_categorie": null, "meta_waterbeheerder": null, "meta_node_id": 1223.0, "meta_old_node_id": null, "meta_couple_authority": null }, "geometry": { "type": "Point", "coordinates": [ 140367.673900001798756, 516006.977600002253894 ] } },
{ "type": "Feature", "properties": { "node_id": 1224, "node_type": "Outlet", "name": "", "subnetwork_id": null, "source_priority": null, "cyclic_time": false, "meta_categorie": null, "meta_waterbeheerder": null, "meta_node_id": 1224.0, "meta_old_node_id": null, "meta_couple_authority": null }, "geometry": { "type": "Point", "coordinates": [ 136398.572999999072636, 537627.926400000229478 ] } },
{ "type": "Feature", "properties": { "node_id": 1226, "node_type": "Pump", "name": "Weerepolder", "subnetwork_id": null, "source_priority": null, "cyclic_time": false, "meta_categorie": null, "meta_waterbeheerder": null, "meta_node_id": 1226.0, "meta_old_node_id": null, "meta_couple_authority": null }, "geometry": { "type": "Point", "coordinates": [ 121215.115160938745248, 533484.45115579420235 ] } },
{ "type": "Feature", "properties": { "node_id": 1227, "node_type": "Pump", "name": "Wieringerwaard", "subnetwork_id": null, "source_priority": null, "cyclic_time": false, "meta_categorie": null, "meta_waterbeheerder": null, "meta_node_id": 1227.0, "meta_old_node_id": null, "meta_couple_authority": null }, "geometry": { "type": "Point", "coordinates": [ 121165.478917963904678, 539385.833913771319203 ] } },
{ "type": "Feature", "properties": { "node_id": 1228, "node_type": "Pump", "name": "Broekermeer", "subnetwork_id": null, "source_priority": null, "cyclic_time": false, "meta_categorie": null, "meta_waterbeheerder": null, "meta_node_id": 1228.0, "meta_old_node_id": null, "meta_couple_authority": null }, "geometry": { "type": "Point", "coordinates": [ 126603.396999997930834, 493402.106000001018401 ] } },
{ "type": "Feature", "properties": { "node_id": 1229, "node_type": "Pump", "name": "KGM-Q-25184", "subnetwork_id": null, "source_priority": null, "cyclic_time": false, "meta_categorie": null, "meta_waterbeheerder": null, "meta_node_id": 1229.0, "meta_old_node_id": null, "meta_couple_authority": null }, "geometry": { "type": "Point", "coordinates": [ 112123.383000000278116, 541446.221999997040257 ] } },
{ "type": "Feature", "properties": { "node_id": 1230, "node_type": "Pump", "name": "PV", "subnetwork_id": null, "source_priority": null, "cyclic_time": false, "meta_categorie": null, "meta_waterbeheerder": null, "meta_node_id": 1230.0, "meta_old_node_id": null, "meta_couple_authority": null }, "geometry": { "type": "Point", "coordinates": [ 114950.942999999431777, 539443.785000002710149 ] } },
{ "type": "Feature", "properties": { "node_id": 1232, "node_type": "Pump", "name": "Elzenhage (pomp 1)", "subnetwork_id": null, "source_priority": null, "cyclic_time": false, "meta_categorie": null, "meta_waterbeheerder": null, "meta_node_id": 1232.0, "meta_old_node_id": null, "meta_couple_authority": null }, "geometry": { "type": "Point", "coordinates": [ 123630.153215552869369, 490768.539089950616471 ] } },
{ "type": "Feature", "properties": { "node_id": 1233, "node_type": "Outlet", "name": "", "subnetwork_id": null, "source_priority": null, "cyclic_time": false, "meta_categorie": null, "meta_waterbeheerder": null, "meta_node_id": 1233.0, "meta_old_node_id": null, "meta_couple_authority": null }, "geometry": { "type": "Point", "coordinates": [ 117972.367999999289168, 534649.872999999322928 ] } },
{ "type": "Feature", "properties": { "node_id": 1234, "node_type": "Outlet", "name": "", "subnetwork_id": null, "source_priority": null, "cyclic_time": false, "meta_categorie": null, "meta_waterbeheerder": null, "meta_node_id": 1234.0, "meta_old_node_id": null, "meta_couple_authority": null }, "geometry": { "type": "Point", "coordinates": [ 124414.022999998385785, 502644.666000000666827 ] } },
{ "type": "Feature", "properties": { "node_id": 1235, "node_type": "Outlet", "name": "", "subnetwork_id": null, "source_priority": null, "cyclic_time": false, "meta_categorie": null, "meta_waterbeheerder": null, "meta_node_id": 1235.0, "meta_old_node_id": null, "meta_couple_authority": null }, "geometry": { "type": "Point", "coordinates": [ 110093.153999998525251, 516911.822000000916887 ] } },
{ "type": "Feature", "properties": { "node_id": 1236, "node_type": "Pump", "name": "Oosterkoog", "subnetwork_id": null, "source_priority": null, "cyclic_time": false, "meta_categorie": null, "meta_waterbeheerder": null, "meta_node_id": 1236.0, "meta_old_node_id": null, "meta_couple_authority": null }, "geometry": { "type": "Point", "coordinates": [ 130560.309000000313972, 511168.096999999543186 ] } },
{ "type": "Feature", "properties": { "node_id": 1237, "node_type": "Pump", "name": "Ondermolen C", "subnetwork_id": null, "source_priority": null, "cyclic_time": false, "meta_categorie": null, "meta_waterbeheerder": null, "meta_node_id": 1237.0, "meta_old_node_id": null, "meta_couple_authority": null }, "geometry": { "type": "Point", "coordinates": [ 120027.323905351993744, 512709.146041116327979 ] } },
{ "type": "Feature", "properties": { "node_id": 1238, "node_type": "Outlet", "name": "", "subnetwork_id": null, "source_priority": null, "cyclic_time": false, "meta_categorie": null, "meta_waterbeheerder": null, "meta_node_id": 1238.0, "meta_old_node_id": null, "meta_couple_authority": null }, "geometry": { "type": "Point", "coordinates": [ 135623.526000000332715, 541828.247999999905005 ] } },
{ "type": "Feature", "properties": { "node_id": 1239, "node_type": "Pump", "name": "KGM-Q-30504", "subnetwork_id": null, "source_priority": null, "cyclic_time": false, "meta_categorie": null, "meta_waterbeheerder": null, "meta_node_id": 1239.0, "meta_old_node_id": null, "meta_couple_authority": null }, "geometry": { "type": "Point", "coordinates": [ 109729.837667048428557, 516720.077287901716772 ] } },
{ "type": "Feature", "properties": { "node_id": 1240, "node_type": "Pump", "name": "Waard Nieuwland (oud)", "subnetwork_id": null, "source_priority": null, "cyclic_time": false, "meta_categorie": null, "meta_waterbeheerder": null, "meta_node_id": 1240.0, "meta_old_node_id": null, "meta_couple_authority": null }, "geometry": { "type": "Point", "coordinates": [ 130746.090999998719781, 547221.326 ] } },
{ "type": "Feature", "properties": { "node_id": 1241, "node_type": "Pump", "name": "Krijtmolenpark", "subnetwork_id": null, "source_priority": null, "cyclic_time": false, "meta_categorie": null, "meta_waterbeheerder": null, "meta_node_id": 1241.0, "meta_old_node_id": null, "meta_couple_authority": null }, "geometry": { "type": "Point", "coordinates": [ 123509.944675622318755, 490557.829382635827642 ] } },
{ "type": "Feature", "properties": { "node_id": 1242, "node_type": "Pump", "name": "Oostoever", "subnetwork_id": null, "source_priority": null, "cyclic_time": false, "meta_categorie": null, "meta_waterbeheerder": null, "meta_node_id": 1242.0, "meta_old_node_id": null, "meta_couple_authority": null }, "geometry": { "type": "Point", "coordinates": [ 115034.794001420668792, 549675.260899952612817 ] } },
{ "type": "Feature", "properties": { "node_id": 1243, "node_type": "Pump", "name": "Nauernaschepolder", "subnetwork_id": null, "source_priority": null, "cyclic_time": false, "meta_categorie": null, "meta_waterbeheerder": null, "meta_node_id": 1243.0, "meta_old_node_id": null, "meta_couple_authority": null }, "geometry": { "type": "Point", "coordinates": [ 111723.315520292366273, 494277.341153776622377 ] } },
{ "type": "Feature", "properties": { "node_id": 1244, "node_type": "Pump", "name": "KGM-Q-24876", "subnetwork_id": null, "source_priority": null, "cyclic_time": false, "meta_categorie": null, "meta_waterbeheerder": null, "meta_node_id": 1244.0, "meta_old_node_id": null, "meta_couple_authority": null }, "geometry": { "type": "Point", "coordinates": [ 115772.604855182435131, 538815.437116598011926 ] } },
{ "type": "Feature", "properties": { "node_id": 1245, "node_type": "Outlet", "name": "", "subnetwork_id": null, "source_priority": null, "cyclic_time": false, "meta_categorie": null, "meta_waterbeheerder": null, "meta_node_id": 1245.0, "meta_old_node_id": null, "meta_couple_authority": null }, "geometry": { "type": "Point", "coordinates": [ 123281.857085724710487, 490065.005047790356912 ] } },
{ "type": "Feature", "properties": { "node_id": 1246, "node_type": "Pump", "name": "Helsdeur", "subnetwork_id": null, "source_priority": null, "cyclic_time": false, "meta_categorie": null, "meta_waterbeheerder": null, "meta_node_id": 1246.0, "meta_old_node_id": null, "meta_couple_authority": null }, "geometry": { "type": "Point", "coordinates": [ 114757.618000001180917, 551208.068900000071153 ] } },
{ "type": "Feature", "properties": { "node_id": 1247, "node_type": "Pump", "name": "KGM-M-10635", "subnetwork_id": null, "source_priority": null, "cyclic_time": false, "meta_categorie": null, "meta_waterbeheerder": null, "meta_node_id": 1247.0, "meta_old_node_id": null, "meta_couple_authority": null }, "geometry": { "type": "Point", "coordinates": [ 105122.820999999312335, 528259.29999999946449 ] } },
{ "type": "Feature", "properties": { "node_id": 1248, "node_type": "Pump", "name": "F", "subnetwork_id": null, "source_priority": null, "cyclic_time": false, "meta_categorie": null, "meta_waterbeheerder": null, "meta_node_id": 1248.0, "meta_old_node_id": null, "meta_couple_authority": null }, "geometry": { "type": "Point", "coordinates": [ 108397.99670000122569, 528539.605699999490753 ] } },
{ "type": "Feature", "properties": { "node_id": 1249, "node_type": "Outlet", "name": "", "subnetwork_id": null, "source_priority": null, "cyclic_time": false, "meta_categorie": null, "meta_waterbeheerder": null, "meta_node_id": 1249.0, "meta_old_node_id": null, "meta_couple_authority": null }, "geometry": { "type": "Point", "coordinates": [ 120171.642700001873891, 512646.394200000795536 ] } },
{ "type": "Feature", "properties": { "node_id": 1250, "node_type": "Outlet", "name": "", "subnetwork_id": null, "source_priority": null, "cyclic_time": false, "meta_categorie": null, "meta_waterbeheerder": null, "meta_node_id": 1250.0, "meta_old_node_id": null, "meta_couple_authority": null }, "geometry": { "type": "Point", "coordinates": [ 112807.34299999869836, 539761.499000001698732 ] } },
{ "type": "Feature", "properties": { "node_id": 1251, "node_type": "Pump", "name": "Dorregeester", "subnetwork_id": null, "source_priority": null, "cyclic_time": false, "meta_categorie": null, "meta_waterbeheerder": null, "meta_node_id": 1251.0, "meta_old_node_id": null, "meta_couple_authority": null }, "geometry": { "type": "Point", "coordinates": [ 110441.708000000595348, 506588.392999999166932 ] } },
{ "type": "Feature", "properties": { "node_id": 1252, "node_type": "Outlet", "name": "", "subnetwork_id": null, "source_priority": null, "cyclic_time": false, "meta_categorie": null, "meta_waterbeheerder": null, "meta_node_id": 1252.0, "meta_old_node_id": null, "meta_couple_authority": null }, "geometry": { "type": "Point", "coordinates": [ 108676.154199997108663, 538338.645300002186559 ] } },
{ "type": "Feature", "properties": { "node_id": 1253, "node_type": "Pump", "name": "KGM-Q-31681", "subnetwork_id": null, "source_priority": null, "cyclic_time": false, "meta_categorie": null, "meta_waterbeheerder": null, "meta_node_id": 1253.0, "meta_old_node_id": null, "meta_couple_authority": null }, "geometry": { "type": "Point", "coordinates": [ 130255.255100002279505, 520412.47310000017751 ] } },
{ "type": "Feature", "properties": { "node_id": 1254, "node_type": "Outlet", "name": "", "subnetwork_id": null, "source_priority": null, "cyclic_time": false, "meta_categorie": null, "meta_waterbeheerder": null, "meta_node_id": 1254.0, "meta_old_node_id": null, "meta_couple_authority": null }, "geometry": { "type": "Point", "coordinates": [ 120741.752999996417202, 533886.502000002539717 ] } },
{ "type": "Feature", "properties": { "node_id": 1256, "node_type": "Outlet", "name": "", "subnetwork_id": null, "source_priority": null, "cyclic_time": false, "meta_categorie": null, "meta_waterbeheerder": null, "meta_node_id": 1256.0, "meta_old_node_id": null, "meta_couple_authority": null }, "geometry": { "type": "Point", "coordinates": [ 126654.489989806519588, 539848.307026256923564 ] } },
{ "type": "Feature", "properties": { "node_id": 1259, "node_type": "Pump", "name": "ZM Afvoer", "subnetwork_id": null, "source_priority": null, "cyclic_time": false, "meta_categorie": null, "meta_waterbeheerder": null, "meta_node_id": 1259.0, "meta_old_node_id": null, "meta_couple_authority": null }, "geometry": { "type": "Point", "coordinates": [ 107656.528000000602333, 529934.383000001893379 ] } },
{ "type": "Feature", "properties": { "node_id": 1260, "node_type": "Outlet", "name": "", "subnetwork_id": null, "source_priority": null, "cyclic_time": false, "meta_categorie": null, "meta_waterbeheerder": null, "meta_node_id": 1260.0, "meta_old_node_id": null, "meta_couple_authority": null }, "geometry": { "type": "Point", "coordinates": [ 109354.620900001114933, 537239.332400001119822 ] } },
{ "type": "Feature", "properties": { "node_id": 1261, "node_type": "Pump", "name": "Mijsenhemmen", "subnetwork_id": null, "source_priority": null, "cyclic_time": false, "meta_categorie": null, "meta_waterbeheerder": null, "meta_node_id": 1261.0, "meta_old_node_id": null, "meta_couple_authority": null }, "geometry": { "type": "Point", "coordinates": [ 130099.603999998376821, 494001.458000000566244 ] } },
{ "type": "Feature", "properties": { "node_id": 1262, "node_type": "Pump", "name": "OT-PV", "subnetwork_id": null, "source_priority": null, "cyclic_time": false, "meta_categorie": null, "meta_waterbeheerder": null, "meta_node_id": 1262.0, "meta_old_node_id": null, "meta_couple_authority": null }, "geometry": { "type": "Point", "coordinates": [ 113538.162999998530722, 537799.262999999918975 ] } },
{ "type": "Feature", "properties": { "node_id": 1263, "node_type": "Outlet", "name": "", "subnetwork_id": null, "source_priority": null, "cyclic_time": false, "meta_categorie": null, "meta_waterbeheerder": null, "meta_node_id": 1263.0, "meta_old_node_id": null, "meta_couple_authority": null }, "geometry": { "type": "Point", "coordinates": [ 121815.085999999224441, 492651.274000000092201 ] } },
{ "type": "Feature", "properties": { "node_id": 1264, "node_type": "Pump", "name": "C Mantel", "subnetwork_id": null, "source_priority": null, "cyclic_time": false, "meta_categorie": null, "meta_waterbeheerder": null, "meta_node_id": 1264.0, "meta_old_node_id": null, "meta_couple_authority": null }, "geometry": { "type": "Point", "coordinates": [ 129930.547701990173664, 512805.961388827709015 ] } },
{ "type": "Feature", "properties": { "node_id": 1265, "node_type": "Pump", "name": "Breebaart", "subnetwork_id": null, "source_priority": null, "cyclic_time": false, "meta_categorie": null, "meta_waterbeheerder": null, "meta_node_id": 1265.0, "meta_old_node_id": null, "meta_couple_authority": null }, "geometry": { "type": "Point", "coordinates": [ 122801.342000000280677, 533789.478000001749024 ] } },
{ "type": "Feature", "properties": { "node_id": 1266, "node_type": "Outlet", "name": "", "subnetwork_id": null, "source_priority": null, "cyclic_time": false, "meta_categorie": null, "meta_waterbeheerder": null, "meta_node_id": 1266.0, "meta_old_node_id": null, "meta_couple_authority": null }, "geometry": { "type": "Point", "coordinates": [ 116156.092913598346058, 512061.76240249001421 ] } },
{ "type": "Feature", "properties": { "node_id": 1267, "node_type": "ManningResistance", "name": "", "subnetwork_id": null, "source_priority": null, "cyclic_time": false, "meta_categorie": null, "meta_waterbeheerder": null, "meta_node_id": 1267.0, "meta_old_node_id": null, "meta_couple_authority": null }, "geometry": { "type": "Point", "coordinates": [ 133803.649999998713611, 493860.366000001493376 ] } },
{ "type": "Feature", "properties": { "node_id": 1268, "node_type": "Pump", "name": "Eilandspolder Noord", "subnetwork_id": null, "source_priority": null, "cyclic_time": false, "meta_categorie": null, "meta_waterbeheerder": null, "meta_node_id": 1268.0, "meta_old_node_id": null, "meta_couple_authority": null }, "geometry": { "type": "Point", "coordinates": [ 121122.015116438575205, 511467.123980123084038 ] } },
{ "type": "Feature", "properties": { "node_id": 1269, "node_type": "Pump", "name": "KGM-JH-5086", "subnetwork_id": null, "source_priority": null, "cyclic_time": false, "meta_categorie": null, "meta_waterbeheerder": null, "meta_node_id": 1269.0, "meta_old_node_id": null, "meta_couple_authority": null }, "geometry": { "type": "Point", "coordinates": [ 128442.131000001041684, 494799.235000000044238 ] } },
{ "type": "Feature", "properties": { "node_id": 1271, "node_type": "Outlet", "name": "", "subnetwork_id": null, "source_priority": null, "cyclic_time": false, "meta_categorie": null, "meta_waterbeheerder": null, "meta_node_id": 1271.0, "meta_old_node_id": null, "meta_couple_authority": null }, "geometry": { "type": "Point", "coordinates": [ 130136.855800000383169, 512738.083299996040296 ] } },
{ "type": "Feature", "properties": { "node_id": 1272, "node_type": "Outlet", "name": "", "subnetwork_id": null, "source_priority": null, "cyclic_time": false, "meta_categorie": null, "meta_waterbeheerder": null, "meta_node_id": 1272.0, "meta_old_node_id": null, "meta_couple_authority": null }, "geometry": { "type": "Point", "coordinates": [ 116208.164000002754619, 539727.337000002269633 ] } },
{ "type": "Feature", "properties": { "node_id": 1273, "node_type": "Outlet", "name": "", "subnetwork_id": null, "source_priority": null, "cyclic_time": false, "meta_categorie": null, "meta_waterbeheerder": null, "meta_node_id": 1273.0, "meta_old_node_id": null, "meta_couple_authority": null }, "geometry": { "type": "Point", "coordinates": [ 127986.671965901521617, 541992.365908382926136 ] } },
{ "type": "Feature", "properties": { "node_id": 1274, "node_type": "Outlet", "name": "", "subnetwork_id": null, "source_priority": null, "cyclic_time": false, "meta_categorie": null, "meta_waterbeheerder": null, "meta_node_id": 1274.0, "meta_old_node_id": null, "meta_couple_authority": null }, "geometry": { "type": "Point", "coordinates": [ 111266.53099999963888, 521701.000999998475891 ] } },
{ "type": "Feature", "properties": { "node_id": 1275, "node_type": "Outlet", "name": "", "subnetwork_id": null, "source_priority": null, "cyclic_time": false, "meta_categorie": null, "meta_waterbeheerder": null, "meta_node_id": 1275.0, "meta_old_node_id": null, "meta_couple_authority": null }, "geometry": { "type": "Point", "coordinates": [ 136886.633000001253095, 517040.881000000983477 ] } },
{ "type": "Feature", "properties": { "node_id": 1276, "node_type": "Outlet", "name": "", "subnetwork_id": null, "source_priority": null, "cyclic_time": false, "meta_categorie": null, "meta_waterbeheerder": null, "meta_node_id": 1276.0, "meta_old_node_id": null, "meta_couple_authority": null }, "geometry": { "type": "Point", "coordinates": [ 131028.757808436930645, 497373.502092987124342 ] } },
{ "type": "Feature", "properties": { "node_id": 1279, "node_type": "Pump", "name": "De Schans", "subnetwork_id": null, "source_priority": null, "cyclic_time": false, "meta_categorie": null, "meta_waterbeheerder": null, "meta_node_id": 1279.0, "meta_old_node_id": null, "meta_couple_authority": null }, "geometry": { "type": "Point", "coordinates": [ 117410.526599999124301, 560527.952299999422394 ] } },
{ "type": "Feature", "properties": { "node_id": 1280, "node_type": "Outlet", "name": "", "subnetwork_id": null, "source_priority": null, "cyclic_time": false, "meta_categorie": null, "meta_waterbeheerder": null, "meta_node_id": 1280.0, "meta_old_node_id": null, "meta_couple_authority": null }, "geometry": { "type": "Point", "coordinates": [ 131268.556999999535037, 548376.381999999284744 ] } },
{ "type": "Feature", "properties": { "node_id": 1281, "node_type": "Outlet", "name": "", "subnetwork_id": null, "source_priority": null, "cyclic_time": false, "meta_categorie": null, "meta_waterbeheerder": null, "meta_node_id": 1281.0, "meta_old_node_id": null, "meta_couple_authority": null }, "geometry": { "type": "Point", "coordinates": [ 123128.4178785377444, 489341.620047322649043 ] } },
{ "type": "Feature", "properties": { "node_id": 1282, "node_type": "Pump", "name": "KGM-GS-1875", "subnetwork_id": null, "source_priority": null, "cyclic_time": false, "meta_categorie": null, "meta_waterbeheerder": null, "meta_node_id": 1282.0, "meta_old_node_id": null, "meta_couple_authority": null }, "geometry": { "type": "Point", "coordinates": [ 113622.887094278077711, 541244.027421326376498 ] } },
{ "type": "Feature", "properties": { "node_id": 1283, "node_type": "Outlet", "name": "", "subnetwork_id": null, "source_priority": null, "cyclic_time": false, "meta_categorie": null, "meta_waterbeheerder": null, "meta_node_id": 1283.0, "meta_old_node_id": null, "meta_couple_authority": null }, "geometry": { "type": "Point", "coordinates": [ 124334.340199998958269, 532245.651900001452304 ] } },
{ "type": "Feature", "properties": { "node_id": 1284, "node_type": "Outlet", "name": "", "subnetwork_id": null, "source_priority": null, "cyclic_time": false, "meta_categorie": null, "meta_waterbeheerder": null, "meta_node_id": 1284.0, "meta_old_node_id": null, "meta_couple_authority": null }, "geometry": { "type": "Point", "coordinates": [ 115308.712999997151201, 525752.920000000391155 ] } },
{ "type": "Feature", "properties": { "node_id": 1285, "node_type": "Pump", "name": "Hyacintenveld", "subnetwork_id": null, "source_priority": null, "cyclic_time": false, "meta_categorie": null, "meta_waterbeheerder": null, "meta_node_id": 1285.0, "meta_old_node_id": null, "meta_couple_authority": null }, "geometry": { "type": "Point", "coordinates": [ 106882.500999996074825, 508445.225999999092892 ] } },
{ "type": "Feature", "properties": { "node_id": 1286, "node_type": "Outlet", "name": "", "subnetwork_id": null, "source_priority": null, "cyclic_time": false, "meta_categorie": null, "meta_waterbeheerder": null, "meta_node_id": 1286.0, "meta_old_node_id": null, "meta_couple_authority": null }, "geometry": { "type": "Point", "coordinates": [ 109913.186999998812098, 515207.495999997598119 ] } },
{ "type": "Feature", "properties": { "node_id": 1289, "node_type": "Pump", "name": "Noorderkaag", "subnetwork_id": null, "source_priority": null, "cyclic_time": false, "meta_categorie": null, "meta_waterbeheerder": null, "meta_node_id": 1289.0, "meta_old_node_id": null, "meta_couple_authority": null }, "geometry": { "type": "Point", "coordinates": [ 118442.2289999978384, 534522.090999998385087 ] } },
{ "type": "Feature", "properties": { "node_id": 1290, "node_type": "Outlet", "name": "", "subnetwork_id": null, "source_priority": null, "cyclic_time": false, "meta_categorie": null, "meta_waterbeheerder": null, "meta_node_id": 1290.0, "meta_old_node_id": null, "meta_couple_authority": null }, "geometry": { "type": "Point", "coordinates": [ 133661.87809999746969, 545748.39369999920018 ] } },
{ "type": "Feature", "properties": { "node_id": 1291, "node_type": "Outlet", "name": "", "subnetwork_id": null, "source_priority": null, "cyclic_time": false, "meta_categorie": null, "meta_waterbeheerder": null, "meta_node_id": 1291.0, "meta_old_node_id": null, "meta_couple_authority": null }, "geometry": { "type": "Point", "coordinates": [ 136185.291400000278372, 540712.205499998759478 ] } },
{ "type": "Feature", "properties": { "node_id": 1292, "node_type": "Outlet", "name": "", "subnetwork_id": null, "source_priority": null, "cyclic_time": false, "meta_categorie": null, "meta_waterbeheerder": null, "meta_node_id": 1292.0, "meta_old_node_id": null, "meta_couple_authority": null }, "geometry": { "type": "Point", "coordinates": [ 135290.298000000213506, 542495.502000000094995 ] } },
{ "type": "Feature", "properties": { "node_id": 1293, "node_type": "Pump", "name": "KGM-Q-24974", "subnetwork_id": null, "source_priority": null, "cyclic_time": false, "meta_categorie": null, "meta_waterbeheerder": null, "meta_node_id": 1293.0, "meta_old_node_id": null, "meta_couple_authority": null }, "geometry": { "type": "Point", "coordinates": [ 109156.044020860514138, 535805.932001299923286 ] } },
{ "type": "Feature", "properties": { "node_id": 1294, "node_type": "Outlet", "name": "", "subnetwork_id": null, "source_priority": null, "cyclic_time": false, "meta_categorie": null, "meta_waterbeheerder": null, "meta_node_id": 1294.0, "meta_old_node_id": null, "meta_couple_authority": null }, "geometry": { "type": "Point", "coordinates": [ 131975.605999997234903, 507263.960000002000015 ] } },
{ "type": "Feature", "properties": { "node_id": 1296, "node_type": "Pump", "name": "KGM-Q-25146", "subnetwork_id": null, "source_priority": null, "cyclic_time": false, "meta_categorie": null, "meta_waterbeheerder": null, "meta_node_id": 1296.0, "meta_old_node_id": null, "meta_couple_authority": null }, "geometry": { "type": "Point", "coordinates": [ 115002.580999997328036, 539500.00200000021141 ] } },
{ "type": "Feature", "properties": { "node_id": 1297, "node_type": "Pump", "name": "De Kampen Kostverlorenpolder", "subnetwork_id": null, "source_priority": null, "cyclic_time": false, "meta_categorie": null, "meta_waterbeheerder": null, "meta_node_id": 1297.0, "meta_old_node_id": null, "meta_couple_authority": null }, "geometry": { "type": "Point", "coordinates": [ 119933.822954665854922, 529496.521918750600889 ] } },
{ "type": "Feature", "properties": { "node_id": 1298, "node_type": "Pump", "name": "Speketer", "subnetwork_id": null, "source_priority": null, "cyclic_time": false, "meta_categorie": null, "meta_waterbeheerder": null, "meta_node_id": 1298.0, "meta_old_node_id": null, "meta_couple_authority": null }, "geometry": { "type": "Point", "coordinates": [ 116211.345316317354445, 525705.394880797713995 ] } },
{ "type": "Feature", "properties": { "node_id": 1299, "node_type": "Outlet", "name": "", "subnetwork_id": null, "source_priority": null, "cyclic_time": false, "meta_categorie": null, "meta_waterbeheerder": null, "meta_node_id": 1299.0, "meta_old_node_id": null, "meta_couple_authority": null }, "geometry": { "type": "Point", "coordinates": [ 137226.050999999773921, 515914.971000003220979 ] } },
{ "type": "Feature", "properties": { "node_id": 1300, "node_type": "Outlet", "name": "", "subnetwork_id": null, "source_priority": null, "cyclic_time": false, "meta_categorie": null, "meta_waterbeheerder": null, "meta_node_id": 1300.0, "meta_old_node_id": null, "meta_couple_authority": null }, "geometry": { "type": "Point", "coordinates": [ 137311.876255082403077, 515954.691641570359934 ] } },
{ "type": "Feature", "properties": { "node_id": 1301, "node_type": "Outlet", "name": "", "subnetwork_id": null, "source_priority": null, "cyclic_time": false, "meta_categorie": null, "meta_waterbeheerder": null, "meta_node_id": 1301.0, "meta_old_node_id": null, "meta_couple_authority": null }, "geometry": { "type": "Point", "coordinates": [ 129938.451988709013676, 512005.110000532353297 ] } },
{ "type": "Feature", "properties": { "node_id": 1304, "node_type": "Outlet", "name": "", "subnetwork_id": null, "source_priority": null, "cyclic_time": false, "meta_categorie": null, "meta_waterbeheerder": null, "meta_node_id": 1304.0, "meta_old_node_id": null, "meta_couple_authority": null }, "geometry": { "type": "Point", "coordinates": [ 120645.195899999336689, 576189.687500003026798 ] } },
{ "type": "Feature", "properties": { "node_id": 1305, "node_type": "Outlet", "name": "", "subnetwork_id": null, "source_priority": null, "cyclic_time": false, "meta_categorie": null, "meta_waterbeheerder": null, "meta_node_id": 1305.0, "meta_old_node_id": null, "meta_couple_authority": null }, "geometry": { "type": "Point", "coordinates": [ 148002.582393550983397, 526074.135799955576658 ] } },
{ "type": "Feature", "properties": { "node_id": 1306, "node_type": "LevelBoundary", "name": "", "subnetwork_id": null, "source_priority": null, "cyclic_time": false, "meta_categorie": null, "meta_waterbeheerder": null, "meta_node_id": 1306.0, "meta_old_node_id": null, "meta_couple_authority": "Rijkswaterstaat" }, "geometry": { "type": "Point", "coordinates": [ 139018.361400000867434, 515183.111400002380833 ] } },
{ "type": "Feature", "properties": { "node_id": 1308, "node_type": "LevelBoundary", "name": "", "subnetwork_id": null, "source_priority": null, "cyclic_time": false, "meta_categorie": null, "meta_waterbeheerder": null, "meta_node_id": 1308.0, "meta_old_node_id": null, "meta_couple_authority": "Rijkswaterstaat" }, "geometry": { "type": "Point", "coordinates": [ 117574.879500001872657, 492865.782100000302307 ] } },
{ "type": "Feature", "properties": { "node_id": 1309, "node_type": "LevelBoundary", "name": "", "subnetwork_id": null, "source_priority": null, "cyclic_time": false, "meta_categorie": null, "meta_waterbeheerder": null, "meta_node_id": 1309.0, "meta_old_node_id": null, "meta_couple_authority": null }, "geometry": { "type": "Point", "coordinates": [ 120840.51700000121491, 564551.142999999341555 ] } },
{ "type": "Feature", "properties": { "node_id": 1310, "node_type": "LevelBoundary", "name": "", "subnetwork_id": null, "source_priority": null, "cyclic_time": false, "meta_categorie": null, "meta_waterbeheerder": null, "meta_node_id": 1310.0, "meta_old_node_id": null, "meta_couple_authority": "Rijkswaterstaat" }, "geometry": { "type": "Point", "coordinates": [ 114084.666999999724794, 493704.334000000730157 ] } },
{ "type": "Feature", "properties": { "node_id": 1311, "node_type": "LevelBoundary", "name": "", "subnetwork_id": null, "source_priority": null, "cyclic_time": false, "meta_categorie": null, "meta_waterbeheerder": null, "meta_node_id": 1311.0, "meta_old_node_id": null, "meta_couple_authority": "Rijkswaterstaat" }, "geometry": { "type": "Point", "coordinates": [ 105069.812100000795908, 497724.23789999994915 ] } },
{ "type": "Feature", "properties": { "node_id": 1312, "node_type": "LevelBoundary", "name": "", "subnetwork_id": null, "source_priority": null, "cyclic_time": false, "meta_categorie": null, "meta_waterbeheerder": null, "meta_node_id": 1312.0, "meta_old_node_id": null, "meta_couple_authority": null }, "geometry": { "type": "Point", "coordinates": [ 120868.780500000051688, 574620.255400000722148 ] } },
{ "type": "Feature", "properties": { "node_id": 1313, "node_type": "LevelBoundary", "name": "", "subnetwork_id": null, "source_priority": null, "cyclic_time": false, "meta_categorie": null, "meta_waterbeheerder": null, "meta_node_id": 1313.0, "meta_old_node_id": null, "meta_couple_authority": "Rijkswaterstaat" }, "geometry": { "type": "Point", "coordinates": [ 129973.30000000068685, 512020.649000000208616 ] } },
{ "type": "Feature", "properties": { "node_id": 1314, "node_type": "LevelBoundary", "name": "", "subnetwork_id": null, "source_priority": null, "cyclic_time": false, "meta_categorie": null, "meta_waterbeheerder": null, "meta_node_id": 1314.0, "meta_old_node_id": null, "meta_couple_authority": "Rijkswaterstaat" }, "geometry": { "type": "Point", "coordinates": [ 131963.800000002112938, 495121.107000002928544 ] } },
{ "type": "Feature", "properties": { "node_id": 1316, "node_type": "LevelBoundary", "name": "", "subnetwork_id": null, "source_priority": null, "cyclic_time": false, "meta_categorie": null, "meta_waterbeheerder": null, "meta_node_id": 1316.0, "meta_old_node_id": null, "meta_couple_authority": "Rijkswaterstaat" }, "geometry": { "type": "Point", "coordinates": [ 136889.221000000397908, 530331.232999999425374 ] } },
{ "type": "Feature", "properties": { "node_id": 1317, "node_type": "LevelBoundary", "name": "", "subnetwork_id": null, "source_priority": null, "cyclic_time": false, "meta_categorie": null, "meta_waterbeheerder": null, "meta_node_id": 1317.0, "meta_old_node_id": null, "meta_couple_authority": "Rijkswaterstaat" }, "geometry": { "type": "Point", "coordinates": [ 141492.143000000738539, 528868.731000000028871 ] } },
{ "type": "Feature", "properties": { "node_id": 1318, "node_type": "LevelBoundary", "name": "", "subnetwork_id": null, "source_priority": null, "cyclic_time": false, "meta_categorie": null, "meta_waterbeheerder": null, "meta_node_id": 1318.0, "meta_old_node_id": null, "meta_couple_authority": "Rijkswaterstaat" }, "geometry": { "type": "Point", "coordinates": [ 133843.660999998042826, 539262.965300001204014 ] } },
{ "type": "Feature", "properties": { "node_id": 1319, "node_type": "LevelBoundary", "name": "", "subnetwork_id": null, "source_priority": null, "cyclic_time": false, "meta_categorie": null, "meta_waterbeheerder": null, "meta_node_id": 1319.0, "meta_old_node_id": null, "meta_couple_authority": "Rijkswaterstaat" }, "geometry": { "type": "Point", "coordinates": [ 148441.160000000119908, 523857.785000000207219 ] } },
{ "type": "Feature", "properties": { "node_id": 1321, "node_type": "LevelBoundary", "name": "", "subnetwork_id": null, "source_priority": null, "cyclic_time": false, "meta_categorie": null, "meta_waterbeheerder": null, "meta_node_id": 1321.0, "meta_old_node_id": null, "meta_couple_authority": "Rijkswaterstaat" }, "geometry": { "type": "Point", "coordinates": [ 129792.575800001664902, 515319.159700000600424 ] } },
{ "type": "Feature", "properties": { "node_id": 1322, "node_type": "LevelBoundary", "name": "", "subnetwork_id": null, "source_priority": null, "cyclic_time": false, "meta_categorie": null, "meta_waterbeheerder": null, "meta_node_id": 1322.0, "meta_old_node_id": null, "meta_couple_authority": null }, "geometry": { "type": "Point", "coordinates": [ 120453.369500000204425, 563316.779599997680634 ] } },
{ "type": "Feature", "properties": { "node_id": 1323, "node_type": "LevelBoundary", "name": "", "subnetwork_id": null, "source_priority": null, "cyclic_time": false, "meta_categorie": null, "meta_waterbeheerder": null, "meta_node_id": 1323.0, "meta_old_node_id": null, "meta_couple_authority": "Rijkswaterstaat" }, "geometry": { "type": "Point", "coordinates": [ 105589.961100004147738, 499174.134800001222175 ] } },
{ "type": "Feature", "properties": { "node_id": 1324, "node_type": "LevelBoundary", "name": "", "subnetwork_id": null, "source_priority": null, "cyclic_time": false, "meta_categorie": null, "meta_waterbeheerder": null, "meta_node_id": 1324.0, "meta_old_node_id": null, "meta_couple_authority": "Rijkswaterstaat" }, "geometry": { "type": "Point", "coordinates": [ 133454.141199998412048, 503197.448199998761993 ] } },
{ "type": "Feature", "properties": { "node_id": 1326, "node_type": "LevelBoundary", "name": "", "subnetwork_id": null, "source_priority": null, "cyclic_time": false, "meta_categorie": null, "meta_waterbeheerder": null, "meta_node_id": 1326.0, "meta_old_node_id": null, "meta_couple_authority": "Rijkswaterstaat" }, "geometry": { "type": "Point", "coordinates": [ 125443.99800000176765, 488880.397999995620921 ] } },
{ "type": "Feature", "properties": { "node_id": 1328, "node_type": "LevelBoundary", "name": "", "subnetwork_id": null, "source_priority": null, "cyclic_time": false, "meta_categorie": null, "meta_waterbeheerder": null, "meta_node_id": 1328.0, "meta_old_node_id": null, "meta_couple_authority": "Rijkswaterstaat" }, "geometry": { "type": "Point", "coordinates": [ 136243.375000000058208, 516538.975999999849591 ] } },
{ "type": "Feature", "properties": { "node_id": 1329, "node_type": "LevelBoundary", "name": "", "subnetwork_id": null, "source_priority": null, "cyclic_time": false, "meta_categorie": null, "meta_waterbeheerder": null, "meta_node_id": 1329.0, "meta_old_node_id": null, "meta_couple_authority": "Rijkswaterstaat" }, "geometry": { "type": "Point", "coordinates": [ 132581.620000004390022, 500346.60600000130944 ] } },
{ "type": "Feature", "properties": { "node_id": 1330, "node_type": "LevelBoundary", "name": "", "subnetwork_id": null, "source_priority": null, "cyclic_time": false, "meta_categorie": null, "meta_waterbeheerder": null, "meta_node_id": 1330.0, "meta_old_node_id": null, "meta_couple_authority": "Rijkswaterstaat" }, "geometry": { "type": "Point", "coordinates": [ 141477.967300003452692, 528861.921099997591227 ] } },
{ "type": "Feature", "properties": { "node_id": 1331, "node_type": "LevelBoundary", "name": "", "subnetwork_id": null, "source_priority": null, "cyclic_time": false, "meta_categorie": null, "meta_waterbeheerder": null, "meta_node_id": 1331.0, "meta_old_node_id": null, "meta_couple_authority": "Rijkswaterstaat" }, "geometry": { "type": "Point", "coordinates": [ 136249.701000000350177, 516486.188999998557847 ] } },
{ "type": "Feature", "properties": { "node_id": 1332, "node_type": "LevelBoundary", "name": "", "subnetwork_id": null, "source_priority": null, "cyclic_time": false, "meta_categorie": null, "meta_waterbeheerder": null, "meta_node_id": 1332.0, "meta_old_node_id": null, "meta_couple_authority": "Rijkswaterstaat" }, "geometry": { "type": "Point", "coordinates": [ 116253.641500000259839, 494169.461899998015724 ] } },
{ "type": "Feature", "properties": { "node_id": 1336, "node_type": "LevelBoundary", "name": "", "subnetwork_id": null, "source_priority": null, "cyclic_time": false, "meta_categorie": null, "meta_waterbeheerder": null, "meta_node_id": 1336.0, "meta_old_node_id": null, "meta_couple_authority": "Rijkswaterstaat" }, "geometry": { "type": "Point", "coordinates": [ 113946.853999998696963, 493819.397999998240266 ] } },
{ "type": "Feature", "properties": { "node_id": 1337, "node_type": "LevelBoundary", "name": "", "subnetwork_id": null, "source_priority": null, "cyclic_time": false, "meta_categorie": null, "meta_waterbeheerder": null, "meta_node_id": 1337.0, "meta_old_node_id": null, "meta_couple_authority": null }, "geometry": { "type": "Point", "coordinates": [ 122212.174699999493896, 568246.484300000360236 ] } },
{ "type": "Feature", "properties": { "node_id": 1338, "node_type": "LevelBoundary", "name": "", "subnetwork_id": null, "source_priority": null, "cyclic_time": false, "meta_categorie": null, "meta_waterbeheerder": null, "meta_node_id": 1338.0, "meta_old_node_id": null, "meta_couple_authority": null }, "geometry": { "type": "Point", "coordinates": [ 122191.42600002103427, 568241.744000000879169 ] } },
{ "type": "Feature", "properties": { "node_id": 1340, "node_type": "LevelBoundary", "name": "", "subnetwork_id": null, "source_priority": null, "cyclic_time": false, "meta_categorie": null, "meta_waterbeheerder": null, "meta_node_id": 1340.0, "meta_old_node_id": null, "meta_couple_authority": "Rijkswaterstaat" }, "geometry": { "type": "Point", "coordinates": [ 145418.989999994781101, 521769.25400000216905 ] } },
{ "type": "Feature", "properties": { "node_id": 1342, "node_type": "LevelBoundary", "name": "", "subnetwork_id": null, "source_priority": null, "cyclic_time": false, "meta_categorie": null, "meta_waterbeheerder": null, "meta_node_id": 1342.0, "meta_old_node_id": null, "meta_couple_authority": "Rijkswaterstaat" }, "geometry": { "type": "Point", "coordinates": [ 129967.405999999493361, 511956.592000001575798 ] } },
{ "type": "Feature", "properties": { "node_id": 1343, "node_type": "LevelBoundary", "name": "", "subnetwork_id": null, "source_priority": null, "cyclic_time": false, "meta_categorie": null, "meta_waterbeheerder": null, "meta_node_id": 1343.0, "meta_old_node_id": null, "meta_couple_authority": "Rijkswaterstaat" }, "geometry": { "type": "Point", "coordinates": [ 133497.921595731313573, 517123.535109986842144 ] } },
{ "type": "Feature", "properties": { "node_id": 1344, "node_type": "LevelBoundary", "name": "", "subnetwork_id": null, "source_priority": null, "cyclic_time": false, "meta_categorie": null, "meta_waterbeheerder": null, "meta_node_id": 1344.0, "meta_old_node_id": null, "meta_couple_authority": "Rijkswaterstaat" }, "geometry": { "type": "Point", "coordinates": [ 113932.42700000134937, 493660.761000001162756 ] } },
{ "type": "Feature", "properties": { "node_id": 1345, "node_type": "LevelBoundary", "name": "", "subnetwork_id": null, "source_priority": null, "cyclic_time": false, "meta_categorie": null, "meta_waterbeheerder": null, "meta_node_id": 1345.0, "meta_old_node_id": null, "meta_couple_authority": "Rijkswaterstaat" }, "geometry": { "type": "Point", "coordinates": [ 131528.483500000176718, 548285.222800001502037 ] } },
{ "type": "Feature", "properties": { "node_id": 1346, "node_type": "LevelBoundary", "name": "", "subnetwork_id": null, "source_priority": null, "cyclic_time": false, "meta_categorie": null, "meta_waterbeheerder": null, "meta_node_id": 1346.0, "meta_old_node_id": null, "meta_couple_authority": "Rijkswaterstaat" }, "geometry": { "type": "Point", "coordinates": [ 136227.601399998820852, 516548.911699998774566 ] } },
{ "type": "Feature", "properties": { "node_id": 1347, "node_type": "LevelBoundary", "name": "", "subnetwork_id": null, "source_priority": null, "cyclic_time": false, "meta_categorie": null, "meta_waterbeheerder": null, "meta_node_id": 1347.0, "meta_old_node_id": null, "meta_couple_authority": "Rijkswaterstaat" }, "geometry": { "type": "Point", "coordinates": [ 129193.00200000028417, 488363.186999998986721 ] } },
{ "type": "Feature", "properties": { "node_id": 1348, "node_type": "LevelBoundary", "name": "", "subnetwork_id": null, "source_priority": null, "cyclic_time": false, "meta_categorie": null, "meta_waterbeheerder": null, "meta_node_id": 1348.0, "meta_old_node_id": null, "meta_couple_authority": "Rijkswaterstaat" }, "geometry": { "type": "Point", "coordinates": [ 136247.29239999782294, 516547.941500000946689 ] } },
{ "type": "Feature", "properties": { "node_id": 1349, "node_type": "LevelBoundary", "name": "", "subnetwork_id": null, "source_priority": null, "cyclic_time": false, "meta_categorie": null, "meta_waterbeheerder": null, "meta_node_id": 1349.0, "meta_old_node_id": null, "meta_couple_authority": "Rijkswaterstaat" }, "geometry": { "type": "Point", "coordinates": [ 121585.193630549809313, 492152.843638569698669 ] } },
{ "type": "Feature", "properties": { "node_id": 1350, "node_type": "LevelBoundary", "name": "", "subnetwork_id": null, "source_priority": null, "cyclic_time": false, "meta_categorie": null, "meta_waterbeheerder": null, "meta_node_id": 1350.0, "meta_old_node_id": null, "meta_couple_authority": "Rijkswaterstaat" }, "geometry": { "type": "Point", "coordinates": [ 138775.986900004034396, 528010.516200000420213 ] } },
{ "type": "Feature", "properties": { "node_id": 1353, "node_type": "LevelBoundary", "name": "", "subnetwork_id": null, "source_priority": null, "cyclic_time": false, "meta_categorie": null, "meta_waterbeheerder": null, "meta_node_id": 1353.0, "meta_old_node_id": null, "meta_couple_authority": "Rijkswaterstaat" }, "geometry": { "type": "Point", "coordinates": [ 128532.940999999278574, 488064.454999998793937 ] } },
{ "type": "Feature", "properties": { "node_id": 1354, "node_type": "LevelBoundary", "name": "", "subnetwork_id": null, "source_priority": null, "cyclic_time": false, "meta_categorie": null, "meta_waterbeheerder": null, "meta_node_id": 1354.0, "meta_old_node_id": null, "meta_couple_authority": "Rijkswaterstaat" }, "geometry": { "type": "Point", "coordinates": [ 145189.816000012797303, 520608.653000000864267 ] } },
{ "type": "Feature", "properties": { "node_id": 1355, "node_type": "LevelBoundary", "name": "", "subnetwork_id": null, "source_priority": null, "cyclic_time": false, "meta_categorie": null, "meta_waterbeheerder": null, "meta_node_id": 1355.0, "meta_old_node_id": null, "meta_couple_authority": null }, "geometry": { "type": "Point", "coordinates": [ 115837.865200006621308, 559155.902999997371808 ] } },
{ "type": "Feature", "properties": { "node_id": 1356, "node_type": "LevelBoundary", "name": "", "subnetwork_id": null, "source_priority": null, "cyclic_time": false, "meta_categorie": null, "meta_waterbeheerder": null, "meta_node_id": 1356.0, "meta_old_node_id": null, "meta_couple_authority": "Rijkswaterstaat" }, "geometry": { "type": "Point", "coordinates": [ 132255.165600001899293, 497965.930900003004353 ] } },
{ "type": "Feature", "properties": { "node_id": 1357, "node_type": "LevelBoundary", "name": "", "subnetwork_id": null, "source_priority": null, "cyclic_time": false, "meta_categorie": null, "meta_waterbeheerder": null, "meta_node_id": 1357.0, "meta_old_node_id": null, "meta_couple_authority": "Rijkswaterstaat" }, "geometry": { "type": "Point", "coordinates": [ 106567.041999999113614, 496916.282999999704771 ] } },
{ "type": "Feature", "properties": { "node_id": 1358, "node_type": "LevelBoundary", "name": "", "subnetwork_id": null, "source_priority": null, "cyclic_time": false, "meta_categorie": null, "meta_waterbeheerder": null, "meta_node_id": 1358.0, "meta_old_node_id": null, "meta_couple_authority": "Rijkswaterstaat" }, "geometry": { "type": "Point", "coordinates": [ 111640.776099997747224, 494910.004200001363643 ] } },
{ "type": "Feature", "properties": { "node_id": 1359, "node_type": "LevelBoundary", "name": "", "subnetwork_id": null, "source_priority": null, "cyclic_time": false, "meta_categorie": null, "meta_waterbeheerder": null, "meta_node_id": 1359.0, "meta_old_node_id": null, "meta_couple_authority": "Rijkswaterstaat" }, "geometry": { "type": "Point", "coordinates": [ 111637.649899998155888, 494914.267800002824515 ] } },
{ "type": "Feature", "properties": { "node_id": 1360, "node_type": "LevelBoundary", "name": "", "subnetwork_id": null, "source_priority": null, "cyclic_time": false, "meta_categorie": null, "meta_waterbeheerder": null, "meta_node_id": 1360.0, "meta_old_node_id": null, "meta_couple_authority": "Rijkswaterstaat" }, "geometry": { "type": "Point", "coordinates": [ 113983.613000001612818, 493852.410999998450279 ] } },
{ "type": "Feature", "properties": { "node_id": 1362, "node_type": "LevelBoundary", "name": "", "subnetwork_id": null, "source_priority": null, "cyclic_time": false, "meta_categorie": null, "meta_waterbeheerder": null, "meta_node_id": 1362.0, "meta_old_node_id": null, "meta_couple_authority": "Rijkswaterstaat" }, "geometry": { "type": "Point", "coordinates": [ 129796.395500000333413, 515329.827700000198092 ] } },
{ "type": "Feature", "properties": { "node_id": 1364, "node_type": "LevelBoundary", "name": "", "subnetwork_id": null, "source_priority": null, "cyclic_time": false, "meta_categorie": null, "meta_waterbeheerder": null, "meta_node_id": 1364.0, "meta_old_node_id": null, "meta_couple_authority": "Rijkswaterstaat" }, "geometry": { "type": "Point", "coordinates": [ 119312.846000000092317, 493711.60500000056345 ] } },
{ "type": "Feature", "properties": { "node_id": 1366, "node_type": "LevelBoundary", "name": "", "subnetwork_id": null, "source_priority": null, "cyclic_time": false, "meta_categorie": null, "meta_waterbeheerder": null, "meta_node_id": 1366.0, "meta_old_node_id": null, "meta_couple_authority": "Rijkswaterstaat" }, "geometry": { "type": "Point", "coordinates": [ 129858.641596709887381, 515390.139281551353633 ] } },
{ "type": "Feature", "properties": { "node_id": 1369, "node_type": "LevelBoundary", "name": "", "subnetwork_id": null, "source_priority": null, "cyclic_time": false, "meta_categorie": null, "meta_waterbeheerder": null, "meta_node_id": 1369.0, "meta_old_node_id": null, "meta_couple_authority": "Rijkswaterstaat" }, "geometry": { "type": "Point", "coordinates": [ 105634.609999999433057, 499194.410000000149012 ] } },
{ "type": "Feature", "properties": { "node_id": 1370, "node_type": "LevelBoundary", "name": "", "subnetwork_id": null, "source_priority": null, "cyclic_time": false, "meta_categorie": null, "meta_waterbeheerder": null, "meta_node_id": 1370.0, "meta_old_node_id": null, "meta_couple_authority": "Rijkswaterstaat" }, "geometry": { "type": "Point", "coordinates": [ 130910.747000001501874, 509618.965000000258442 ] } },
{ "type": "Feature", "properties": { "node_id": 1371, "node_type": "LevelBoundary", "name": "", "subnetwork_id": null, "source_priority": null, "cyclic_time": false, "meta_categorie": null, "meta_waterbeheerder": null, "meta_node_id": 1371.0, "meta_old_node_id": null, "meta_couple_authority": "Rijkswaterstaat" }, "geometry": { "type": "Point", "coordinates": [ 131207.368005528638605, 548402.423998866113834 ] } },
{ "type": "Feature", "properties": { "node_id": 1373, "node_type": "LevelBoundary", "name": "", "subnetwork_id": null, "source_priority": null, "cyclic_time": false, "meta_categorie": null, "meta_waterbeheerder": null, "meta_node_id": 1373.0, "meta_old_node_id": null, "meta_couple_authority": "Rijkswaterstaat" }, "geometry": { "type": "Point", "coordinates": [ 105469.965999997817562, 497815.399999998684507 ] } },
{ "type": "Feature", "properties": { "node_id": 1375, "node_type": "LevelBoundary", "name": "", "subnetwork_id": null, "source_priority": null, "cyclic_time": false, "meta_categorie": null, "meta_waterbeheerder": null, "meta_node_id": 1375.0, "meta_old_node_id": null, "meta_couple_authority": "Rijkswaterstaat" }, "geometry": { "type": "Point", "coordinates": [ 134393.450999990542186, 502159.546999996178783 ] } },
{ "type": "Feature", "properties": { "node_id": 1376, "node_type": "LevelBoundary", "name": "", "subnetwork_id": null, "source_priority": null, "cyclic_time": false, "meta_categorie": null, "meta_waterbeheerder": null, "meta_node_id": 1376.0, "meta_old_node_id": null, "meta_couple_authority": "Rijkswaterstaat" }, "geometry": { "type": "Point", "coordinates": [ 131543.405999999464257, 548282.365299999713898 ] } },
{ "type": "Feature", "properties": { "node_id": 1377, "node_type": "LevelBoundary", "name": "", "subnetwork_id": null, "source_priority": null, "cyclic_time": false, "meta_categorie": null, "meta_waterbeheerder": null, "meta_node_id": 1377.0, "meta_old_node_id": null, "meta_couple_authority": "Rijkswaterstaat" }, "geometry": { "type": "Point", "coordinates": [ 147998.875999998301268, 525825.846999999135733 ] } },
{ "type": "Feature", "properties": { "node_id": 1378, "node_type": "LevelBoundary", "name": "", "subnetwork_id": null, "source_priority": null, "cyclic_time": false, "meta_categorie": null, "meta_waterbeheerder": null, "meta_node_id": 1378.0, "meta_old_node_id": null, "meta_couple_authority": "Rijkswaterstaat" }, "geometry": { "type": "Point", "coordinates": [ 129937.693317515135277, 511974.035986737057101 ] } },
{ "type": "Feature", "properties": { "node_id": 1380, "node_type": "LevelBoundary", "name": "", "subnetwork_id": null, "source_priority": null, "cyclic_time": false, "meta_categorie": null, "meta_waterbeheerder": null, "meta_node_id": 1380.0, "meta_old_node_id": null, "meta_couple_authority": "Rijkswaterstaat" }, "geometry": { "type": "Point", "coordinates": [ 136254.803000001178589, 496325.229999998526182 ] } },
{ "type": "Feature", "properties": { "node_id": 1381, "node_type": "LevelBoundary", "name": "", "subnetwork_id": null, "source_priority": null, "cyclic_time": false, "meta_categorie": null, "meta_waterbeheerder": null, "meta_node_id": 1381.0, "meta_old_node_id": null, "meta_couple_authority": "Rijkswaterstaat" }, "geometry": { "type": "Point", "coordinates": [ 116940.324000000939122, 492925.230000000447035 ] } },
{ "type": "Feature", "properties": { "node_id": 1382, "node_type": "LevelBoundary", "name": "", "subnetwork_id": null, "source_priority": null, "cyclic_time": false, "meta_categorie": null, "meta_waterbeheerder": null, "meta_node_id": 1382.0, "meta_old_node_id": null, "meta_couple_authority": "Rijkswaterstaat" }, "geometry": { "type": "Point", "coordinates": [ 131307.235985612438526, 548498.018071995000355 ] } },
{ "type": "Feature", "properties": { "node_id": 1383, "node_type": "LevelBoundary", "name": "", "subnetwork_id": null, "source_priority": null, "cyclic_time": false, "meta_categorie": null, "meta_waterbeheerder": null, "meta_node_id": 1383.0, "meta_old_node_id": null, "meta_couple_authority": "Rijkswaterstaat" }, "geometry": { "type": "Point", "coordinates": [ 116826.553249701872119, 494734.166448778007179 ] } },
{ "type": "Feature", "properties": { "node_id": 1384, "node_type": "LevelBoundary", "name": "", "subnetwork_id": null, "source_priority": null, "cyclic_time": false, "meta_categorie": null, "meta_waterbeheerder": null, "meta_node_id": 1384.0, "meta_old_node_id": null, "meta_couple_authority": "Rijkswaterstaat" }, "geometry": { "type": "Point", "coordinates": [ 138765.4098000015656, 528019.537500003003515 ] } },
{ "type": "Feature", "properties": { "node_id": 1385, "node_type": "LevelBoundary", "name": "", "subnetwork_id": null, "source_priority": null, "cyclic_time": false, "meta_categorie": null, "meta_waterbeheerder": null, "meta_node_id": 1385.0, "meta_old_node_id": null, "meta_couple_authority": "Rijkswaterstaat" }, "geometry": { "type": "Point", "coordinates": [ 116642.114000002678949, 494458.85599999706028 ] } },
{ "type": "Feature", "properties": { "node_id": 1386, "node_type": "LevelBoundary", "name": "", "subnetwork_id": null, "source_priority": null, "cyclic_time": false, "meta_categorie": null, "meta_waterbeheerder": null, "meta_node_id": 1386.0, "meta_old_node_id": null, "meta_couple_authority": "Rijkswaterstaat" }, "geometry": { "type": "Point", "coordinates": [ 141594.383999999001389, 529079.310999999404885 ] } },
{ "type": "Feature", "properties": { "node_id": 1387, "node_type": "LevelBoundary", "name": "", "subnetwork_id": null, "source_priority": null, "cyclic_time": false, "meta_categorie": null, "meta_waterbeheerder": null, "meta_node_id": 1387.0, "meta_old_node_id": null, "meta_couple_authority": "Rijkswaterstaat" }, "geometry": { "type": "Point", "coordinates": [ 131605.26434484127094, 496627.614938595448621 ] } },
{ "type": "Feature", "properties": { "node_id": 1388, "node_type": "LevelBoundary", "name": "", "subnetwork_id": null, "source_priority": null, "cyclic_time": false, "meta_categorie": null, "meta_waterbeheerder": null, "meta_node_id": 1388.0, "meta_old_node_id": null, "meta_couple_authority": "Rijkswaterstaat" }, "geometry": { "type": "Point", "coordinates": [ 116228.957000000475091, 493434.632000001729466 ] } },
{ "type": "Feature", "properties": { "node_id": 1389, "node_type": "LevelBoundary", "name": "", "subnetwork_id": null, "source_priority": null, "cyclic_time": false, "meta_categorie": null, "meta_waterbeheerder": null, "meta_node_id": 1389.0, "meta_old_node_id": null, "meta_couple_authority": "Rijkswaterstaat" }, "geometry": { "type": "Point", "coordinates": [ 130561.309000000313972, 511168.096999999543186 ] } },
{ "type": "Feature", "properties": { "node_id": 1390, "node_type": "LevelBoundary", "name": "", "subnetwork_id": null, "source_priority": null, "cyclic_time": false, "meta_categorie": null, "meta_waterbeheerder": null, "meta_node_id": 1390.0, "meta_old_node_id": null, "meta_couple_authority": null }, "geometry": { "type": "Point", "coordinates": [ 115035.794001420668792, 549675.260899952612817 ] } },
{ "type": "Feature", "properties": { "node_id": 1391, "node_type": "LevelBoundary", "name": "", "subnetwork_id": null, "source_priority": null, "cyclic_time": false, "meta_categorie": null, "meta_waterbeheerder": null, "meta_node_id": 1391.0, "meta_old_node_id": null, "meta_couple_authority": "Rijkswaterstaat" }, "geometry": { "type": "Point", "coordinates": [ 111724.315520292366273, 494277.341153776622377 ] } },
{ "type": "Feature", "properties": { "node_id": 1392, "node_type": "LevelBoundary", "name": "", "subnetwork_id": null, "source_priority": null, "cyclic_time": false, "meta_categorie": null, "meta_waterbeheerder": null, "meta_node_id": 1392.0, "meta_old_node_id": null, "meta_couple_authority": null }, "geometry": { "type": "Point", "coordinates": [ 114758.618000001180917, 551208.068900000071153 ] } },
{ "type": "Feature", "properties": { "node_id": 1393, "node_type": "LevelBoundary", "name": "", "subnetwork_id": null, "source_priority": null, "cyclic_time": false, "meta_categorie": null, "meta_waterbeheerder": null, "meta_node_id": 1393.0, "meta_old_node_id": null, "meta_couple_authority": null }, "geometry": { "type": "Point", "coordinates": [ 117411.526599999124301, 560527.952299999422394 ] } },
{ "type": "Feature", "properties": { "node_id": 1394, "node_type": "LevelBoundary", "name": "", "subnetwork_id": null, "source_priority": null, "cyclic_time": false, "meta_categorie": null, "meta_waterbeheerder": null, "meta_node_id": 1394.0, "meta_old_node_id": null, "meta_couple_authority": "AmstelGooienVecht" }, "geometry": { "type": "Point", "coordinates": [ 123129.4178785377444, 489341.620047322649043 ] } },
{ "type": "Feature", "properties": { "node_id": 1396, "node_type": "LevelBoundary", "name": "", "subnetwork_id": null, "source_priority": null, "cyclic_time": false, "meta_categorie": null, "meta_waterbeheerder": null, "meta_node_id": 1396.0, "meta_old_node_id": null, "meta_couple_authority": null }, "geometry": { "type": "Point", "coordinates": [ 120646.195899999336689, 576189.687500003026798 ] } },
{ "type": "Feature", "properties": { "node_id": 1398, "node_type": "LevelBoundary", "name": "", "subnetwork_id": null, "source_priority": null, "cyclic_time": false, "meta_categorie": null, "meta_waterbeheerder": null, "meta_node_id": 1398.0, "meta_old_node_id": null, "meta_couple_authority": "Rijkswaterstaat" }, "geometry": { "type": "Point", "coordinates": [ 135847.649300001765369, 532151.353800000739284 ] } },
{ "type": "Feature", "properties": { "node_id": 1399, "node_type": "LevelBoundary", "name": "", "subnetwork_id": null, "source_priority": null, "cyclic_time": false, "meta_categorie": null, "meta_waterbeheerder": null, "meta_node_id": 1399.0, "meta_old_node_id": null, "meta_couple_authority": "Rijkswaterstaat" }, "geometry": { "type": "Point", "coordinates": [ 119310.253299999341834, 493701.298400001775008 ] } },
{ "type": "Feature", "properties": { "node_id": 1401, "node_type": "LevelBoundary", "name": "", "subnetwork_id": null, "source_priority": null, "cyclic_time": false, "meta_categorie": null, "meta_waterbeheerder": null, "meta_node_id": 1401.0, "meta_old_node_id": null, "meta_couple_authority": "Rijkswaterstaat" }, "geometry": { "type": "Point", "coordinates": [ 147999.100999999878695, 525858.01099999982398 ] } },
{ "type": "Feature", "properties": { "node_id": 1402, "node_type": "LevelBoundary", "name": "", "subnetwork_id": null, "source_priority": null, "cyclic_time": false, "meta_categorie": null, "meta_waterbeheerder": null, "meta_node_id": 1402.0, "meta_old_node_id": null, "meta_couple_authority": "Rijkswaterstaat" }, "geometry": { "type": "Point", "coordinates": [ 130559.234000000767992, 511168.790000000153668 ] } },
{ "type": "Feature", "properties": { "node_id": 1404, "node_type": "LevelBoundary", "name": "", "subnetwork_id": null, "source_priority": null, "cyclic_time": false, "meta_categorie": null, "meta_waterbeheerder": null, "meta_node_id": 1404.0, "meta_old_node_id": null, "meta_couple_authority": "Rijkswaterstaat" }, "geometry": { "type": "Point", "coordinates": [ 134248.147000000171829, 517381.048000000126194 ] } },
{ "type": "Feature", "properties": { "node_id": 1405, "node_type": "LevelBoundary", "name": "", "subnetwork_id": null, "source_priority": null, "cyclic_time": false, "meta_categorie": null, "meta_waterbeheerder": null, "meta_node_id": 1405.0, "meta_old_node_id": null, "meta_couple_authority": "Rijkswaterstaat" }, "geometry": { "type": "Point", "coordinates": [ 147990.917999995348509, 523439.159000002662651 ] } },
{ "type": "Feature", "properties": { "node_id": 1406, "node_type": "LevelBoundary", "name": "", "subnetwork_id": null, "source_priority": null, "cyclic_time": false, "meta_categorie": null, "meta_waterbeheerder": null, "meta_node_id": 1406.0, "meta_old_node_id": null, "meta_couple_authority": "Rijkswaterstaat" }, "geometry": { "type": "Point", "coordinates": [ 135847.120099999272497, 532145.136100004659966 ] } },
{ "type": "Feature", "properties": { "node_id": 1407, "node_type": "LevelBoundary", "name": "", "subnetwork_id": null, "source_priority": null, "cyclic_time": false, "meta_categorie": null, "meta_waterbeheerder": null, "meta_node_id": 1407.0, "meta_old_node_id": null, "meta_couple_authority": "Rijkswaterstaat" }, "geometry": { "type": "Point", "coordinates": [ 135848.310800001432654, 532158.233000003150664 ] } },
{ "type": "Feature", "properties": { "node_id": 1409, "node_type": "LevelBoundary", "name": "", "subnetwork_id": null, "source_priority": null, "cyclic_time": false, "meta_categorie": null, "meta_waterbeheerder": null, "meta_node_id": 1409.0, "meta_old_node_id": null, "meta_couple_authority": "Rijkswaterstaat" }, "geometry": { "type": "Point", "coordinates": [ 140009.684999999502907, 527734.820000000763685 ] } },
{ "type": "Feature", "properties": { "node_id": 1410, "node_type": "LevelBoundary", "name": "", "subnetwork_id": null, "source_priority": null, "cyclic_time": false, "meta_categorie": null, "meta_waterbeheerder": null, "meta_node_id": 1410.0, "meta_old_node_id": null, "meta_couple_authority": "Rijkswaterstaat" }, "geometry": { "type": "Point", "coordinates": [ 129929.547701990173664, 512805.961388827709015 ] } },
{ "type": "Feature", "properties": { "node_id": 1411, "node_type": "Outlet", "name": "", "subnetwork_id": null, "source_priority": null, "cyclic_time": false, "meta_categorie": null, "meta_waterbeheerder": null, "meta_node_id": 1411.0, "meta_old_node_id": null, "meta_couple_authority": null }, "geometry": { "type": "Point", "coordinates": [ 124841.0, 502604.0 ] } },
{ "type": "Feature", "properties": { "node_id": 1412, "node_type": "Outlet", "name": "", "subnetwork_id": null, "source_priority": null, "cyclic_time": false, "meta_categorie": null, "meta_waterbeheerder": null, "meta_node_id": 1412.0, "meta_old_node_id": null, "meta_couple_authority": null }, "geometry": { "type": "Point", "coordinates": [ 111808.0, 510527.0 ] } },
{ "type": "Feature", "properties": { "node_id": 1413, "node_type": "Outlet", "name": "", "subnetwork_id": null, "source_priority": null, "cyclic_time": false, "meta_categorie": null, "meta_waterbeheerder": null, "meta_node_id": 1413.0, "meta_old_node_id": null, "meta_couple_authority": null }, "geometry": { "type": "Point", "coordinates": [ 112763.0, 517232.0 ] } },
{ "type": "Feature", "properties": { "node_id": 1414, "node_type": "Outlet", "name": "", "subnetwork_id": null, "source_priority": null, "cyclic_time": false, "meta_categorie": null, "meta_waterbeheerder": null, "meta_node_id": 1414.0, "meta_old_node_id": null, "meta_couple_authority": null }, "geometry": { "type": "Point", "coordinates": [ 125658.0, 499969.0 ] } },
{ "type": "Feature", "properties": { "node_id": 1415, "node_type": "Outlet", "name": "", "subnetwork_id": null, "source_priority": null, "cyclic_time": false, "meta_categorie": null, "meta_waterbeheerder": null, "meta_node_id": 1415.0, "meta_old_node_id": null, "meta_couple_authority": null }, "geometry": { "type": "Point", "coordinates": [ 115792.0, 525195.0 ] } },
{ "type": "Feature", "properties": { "node_id": 1416, "node_type": "Outlet", "name": "", "subnetwork_id": null, "source_priority": null, "cyclic_time": false, "meta_categorie": null, "meta_waterbeheerder": null, "meta_node_id": 1416.0, "meta_old_node_id": null, "meta_couple_authority": null }, "geometry": { "type": "Point", "coordinates": [ 124750.0, 529309.0 ] } },
{ "type": "Feature", "properties": { "node_id": 1417, "node_type": "Outlet", "name": "", "subnetwork_id": null, "source_priority": null, "cyclic_time": false, "meta_categorie": null, "meta_waterbeheerder": null, "meta_node_id": 1417.0, "meta_old_node_id": null, "meta_couple_authority": null }, "geometry": { "type": "Point", "coordinates": [ 115572.0, 502678.0 ] } },
{ "type": "Feature", "properties": { "node_id": 1418, "node_type": "Outlet", "name": "", "subnetwork_id": null, "source_priority": null, "cyclic_time": false, "meta_categorie": null, "meta_waterbeheerder": null, "meta_node_id": 1418.0, "meta_old_node_id": null, "meta_couple_authority": null }, "geometry": { "type": "Point", "coordinates": [ 108366.0, 526923.0 ] } },
{ "type": "Feature", "properties": { "node_id": 1419, "node_type": "Outlet", "name": "", "subnetwork_id": null, "source_priority": null, "cyclic_time": false, "meta_categorie": null, "meta_waterbeheerder": null, "meta_node_id": 1419.0, "meta_old_node_id": null, "meta_couple_authority": null }, "geometry": { "type": "Point", "coordinates": [ 124733.0, 544801.0 ] } },
{ "type": "Feature", "properties": { "node_id": 1420, "node_type": "Outlet", "name": "", "subnetwork_id": null, "source_priority": null, "cyclic_time": false, "meta_categorie": null, "meta_waterbeheerder": null, "meta_node_id": 1420.0, "meta_old_node_id": null, "meta_couple_authority": null }, "geometry": { "type": "Point", "coordinates": [ 115027.0, 549674.0 ] } },
{ "type": "Feature", "properties": { "node_id": 1421, "node_type": "LevelBoundary", "name": "", "subnetwork_id": null, "source_priority": null, "cyclic_time": false, "meta_categorie": null, "meta_waterbeheerder": null, "meta_node_id": 1421.0, "meta_old_node_id": null, "meta_couple_authority": null }, "geometry": { "type": "Point", "coordinates": [ 114728.0, 551405.0 ] } },
{ "type": "Feature", "properties": { "node_id": 1422, "node_type": "Outlet", "name": "", "subnetwork_id": null, "source_priority": null, "cyclic_time": false, "meta_categorie": null, "meta_waterbeheerder": null, "meta_node_id": 1422.0, "meta_old_node_id": null, "meta_couple_authority": null }, "geometry": { "type": "Point", "coordinates": [ 114698.0, 551327.0 ] } },
{ "type": "Feature", "properties": { "node_id": 1423, "node_type": "LevelBoundary", "name": "", "subnetwork_id": null, "source_priority": null, "cyclic_time": false, "meta_categorie": null, "meta_waterbeheerder": null, "meta_node_id": 1423.0, "meta_old_node_id": null, "meta_couple_authority": "Rijkswaterstaat" }, "geometry": { "type": "Point", "coordinates": [ 141549.0, 529097.0 ] } },
{ "type": "Feature", "properties": { "node_id": 1424, "node_type": "Outlet", "name": "", "subnetwork_id": null, "source_priority": null, "cyclic_time": false, "meta_categorie": null, "meta_waterbeheerder": null, "meta_node_id": 1424.0, "meta_old_node_id": null, "meta_couple_authority": null }, "geometry": { "type": "Point", "coordinates": [ 141591.0, 529071.0 ] } },
{ "type": "Feature", "properties": { "node_id": 1425, "node_type": "LevelBoundary", "name": "", "subnetwork_id": null, "source_priority": null, "cyclic_time": false, "meta_categorie": null, "meta_waterbeheerder": null, "meta_node_id": 1425.0, "meta_old_node_id": null, "meta_couple_authority": "Rijkswaterstaat" }, "geometry": { "type": "Point", "coordinates": [ 113959.0, 493654.0 ] } },
{ "type": "Feature", "properties": { "node_id": 1426, "node_type": "Outlet", "name": "", "subnetwork_id": null, "source_priority": null, "cyclic_time": false, "meta_categorie": null, "meta_waterbeheerder": null, "meta_node_id": 1426.0, "meta_old_node_id": null, "meta_couple_authority": null }, "geometry": { "type": "Point", "coordinates": [ 113933.0, 493655.0 ] } },
{ "type": "Feature", "properties": { "node_id": 1427, "node_type": "LevelBoundary", "name": "", "subnetwork_id": null, "source_priority": null, "cyclic_time": false, "meta_categorie": null, "meta_waterbeheerder": null, "meta_node_id": 1427.0, "meta_old_node_id": null, "meta_couple_authority": "Rijkswaterstaat" }, "geometry": { "type": "Point", "coordinates": [ 109989.0, 494265.0 ] } },
{ "type": "Feature", "properties": { "node_id": 1428, "node_type": "Outlet", "name": "", "subnetwork_id": null, "source_priority": null, "cyclic_time": false, "meta_categorie": null, "meta_waterbeheerder": null, "meta_node_id": 1428.0, "meta_old_node_id": null, "meta_couple_authority": null }, "geometry": { "type": "Point", "coordinates": [ 110059.0, 494258.0 ] } },
{ "type": "Feature", "properties": { "node_id": 1429, "node_type": "LevelBoundary", "name": "", "subnetwork_id": null, "source_priority": null, "cyclic_time": false, "meta_categorie": null, "meta_waterbeheerder": null, "meta_node_id": 1429.0, "meta_old_node_id": null, "meta_couple_authority": "Rijkswaterstaat" }, "geometry": { "type": "Point", "coordinates": [ 131027.0, 497603.0 ] } },
{ "type": "Feature", "properties": { "node_id": 1430, "node_type": "Pump", "name": "Monnickendam", "subnetwork_id": null, "source_priority": null, "cyclic_time": false, "meta_categorie": null, "meta_waterbeheerder": null, "meta_node_id": 1430.0, "meta_old_node_id": null, "meta_couple_authority": null }, "geometry": { "type": "Point", "coordinates": [ 130877.0, 497615.0 ] } },
{ "type": "Feature", "properties": { "node_id": 1431, "node_type": "LevelBoundary", "name": "", "subnetwork_id": null, "source_priority": null, "cyclic_time": false, "meta_categorie": null, "meta_waterbeheerder": null, "meta_node_id": 1431.0, "meta_old_node_id": null, "meta_couple_authority": "Rijkswaterstaat" }, "geometry": { "type": "Point", "coordinates": [ 131027.0, 497613.0 ] } },
{ "type": "Feature", "properties": { "node_id": 1432, "node_type": "Pump", "name": "Monnickendam", "subnetwork_id": null, "source_priority": null, "cyclic_time": false, "meta_categorie": null, "meta_waterbeheerder": null, "meta_node_id": 1432.0, "meta_old_node_id": null, "meta_couple_authority": null }, "geometry": { "type": "Point", "coordinates": [ 130877.0, 497625.0 ] } },
{ "type": "Feature", "properties": { "node_id": 1433, "node_type": "LevelBoundary", "name": "", "subnetwork_id": null, "source_priority": null, "cyclic_time": false, "meta_categorie": null, "meta_waterbeheerder": null, "meta_node_id": 1433.0, "meta_old_node_id": null, "meta_couple_authority": "Rijkswaterstaat" }, "geometry": { "type": "Point", "coordinates": [ 132115.0, 495290.0 ] } },
{ "type": "Feature", "properties": { "node_id": 1434, "node_type": "Pump", "name": "De Poel", "subnetwork_id": null, "source_priority": null, "cyclic_time": false, "meta_categorie": null, "meta_waterbeheerder": null, "meta_node_id": 1434.0, "meta_old_node_id": null, "meta_couple_authority": null }, "geometry": { "type": "Point", "coordinates": [ 132040.0, 495282.0 ] } },
{ "type": "Feature", "properties": { "node_id": 1435, "node_type": "LevelBoundary", "name": "", "subnetwork_id": null, "source_priority": null, "cyclic_time": false, "meta_categorie": null, "meta_waterbeheerder": null, "meta_node_id": 1435.0, "meta_old_node_id": null, "meta_couple_authority": "Rijkswaterstaat" }, "geometry": { "type": "Point", "coordinates": [ 111930.0, 494827.0 ] } },
{ "type": "Feature", "properties": { "node_id": 1436, "node_type": "Outlet", "name": "", "subnetwork_id": null, "source_priority": null, "cyclic_time": false, "meta_categorie": null, "meta_waterbeheerder": null, "meta_node_id": 1436.0, "meta_old_node_id": null, "meta_couple_authority": null }, "geometry": { "type": "Point", "coordinates": [ 111934.0, 494910.0 ] } },
{ "type": "Feature", "properties": { "node_id": 1437, "node_type": "Basin", "name": "2803", "subnetwork_id": null, "source_priority": null, "cyclic_time": false, "meta_categorie": "bergend", "meta_waterbeheerder": "HollandsNoorderkwartier", "meta_node_id": null, "meta_old_node_id": null, "meta_couple_authority": null }, "geometry": { "type": "Point", "coordinates": [ 115120.43091698383796, 544056.079800000414252 ] } },
{ "type": "Feature", "properties": { "node_id": 1438, "node_type": "Basin", "name": "5170", "subnetwork_id": null, "source_priority": null, "cyclic_time": false, "meta_categorie": "bergend", "meta_waterbeheerder": "HollandsNoorderkwartier", "meta_node_id": null, "meta_old_node_id": null, "meta_couple_authority": null }, "geometry": { "type": "Point", "coordinates": [ 124489.30967901830445, 495040.773249998688698 ] } },
{ "type": "Feature", "properties": { "node_id": 1440, "node_type": "Basin", "name": "5400", "subnetwork_id": null, "source_priority": null, "cyclic_time": false, "meta_categorie": "bergend", "meta_waterbeheerder": "HollandsNoorderkwartier", "meta_node_id": null, "meta_old_node_id": null, "meta_couple_authority": null }, "geometry": { "type": "Point", "coordinates": [ 121398.192907832519268, 508418.245100000873208 ] } },
{ "type": "Feature", "properties": { "node_id": 1441, "node_type": "Basin", "name": "2852", "subnetwork_id": null, "source_priority": null, "cyclic_time": false, "meta_categorie": "bergend", "meta_waterbeheerder": "HollandsNoorderkwartier", "meta_node_id": null, "meta_old_node_id": null, "meta_couple_authority": null }, "geometry": { "type": "Point", "coordinates": [ 125931.644428861312917, 547064.765349999070168 ] } },
{ "type": "Feature", "properties": { "node_id": 1442, "node_type": "Basin", "name": "04801", "subnetwork_id": null, "source_priority": null, "cyclic_time": false, "meta_categorie": "bergend", "meta_waterbeheerder": "HollandsNoorderkwartier", "meta_node_id": null, "meta_old_node_id": null, "meta_couple_authority": null }, "geometry": { "type": "Point", "coordinates": [ 117173.771975818497594, 509473.628249999135733 ] } },
{ "type": "Feature", "properties": { "node_id": 1443, "node_type": "Basin", "name": "03802", "subnetwork_id": null, "source_priority": null, "cyclic_time": false, "meta_categorie": "bergend", "meta_waterbeheerder": "HollandsNoorderkwartier", "meta_node_id": null, "meta_old_node_id": null, "meta_couple_authority": null }, "geometry": { "type": "Point", "coordinates": [ 116781.401219982479233, 523913.723999999463558 ] } },
{ "type": "Feature", "properties": { "node_id": 1444, "node_type": "Basin", "name": "2804", "subnetwork_id": null, "source_priority": null, "cyclic_time": false, "meta_categorie": "bergend", "meta_waterbeheerder": "HollandsNoorderkwartier", "meta_node_id": null, "meta_old_node_id": null, "meta_couple_authority": null }, "geometry": { "type": "Point", "coordinates": [ 116514.244997281464748, 541857.827650001272559 ] } },
{ "type": "Feature", "properties": { "node_id": 1445, "node_type": "Basin", "name": "2855-2955", "subnetwork_id": null, "source_priority": null, "cyclic_time": false, "meta_categorie": "bergend", "meta_waterbeheerder": "HollandsNoorderkwartier", "meta_node_id": null, "meta_old_node_id": null, "meta_couple_authority": null }, "geometry": { "type": "Point", "coordinates": [ 127209.360676873271586, 546780.003100000321865 ] } },
{ "type": "Feature", "properties": { "node_id": 1447, "node_type": "Basin", "name": "6751", "subnetwork_id": null, "source_priority": null, "cyclic_time": false, "meta_categorie": "bergend", "meta_waterbeheerder": "HollandsNoorderkwartier", "meta_node_id": null, "meta_old_node_id": null, "meta_couple_authority": null }, "geometry": { "type": "Point", "coordinates": [ 128915.985636077821255, 526316.214999999850988 ] } },
{ "type": "Feature", "properties": { "node_id": 1448, "node_type": "Basin", "name": "04380", "subnetwork_id": null, "source_priority": null, "cyclic_time": false, "meta_categorie": "bergend", "meta_waterbeheerder": "HollandsNoorderkwartier", "meta_node_id": null, "meta_old_node_id": null, "meta_couple_authority": null }, "geometry": { "type": "Point", "coordinates": [ 112520.413051636103773, 503223.129000000655651 ] } },
{ "type": "Feature", "properties": { "node_id": 1449, "node_type": "Basin", "name": "04170", "subnetwork_id": null, "source_priority": null, "cyclic_time": false, "meta_categorie": "bergend", "meta_waterbeheerder": "HollandsNoorderkwartier", "meta_node_id": null, "meta_old_node_id": null, "meta_couple_authority": null }, "geometry": { "type": "Point", "coordinates": [ 109546.485449643514585, 512729.673000000417233 ] } },
{ "type": "Feature", "properties": { "node_id": 1450, "node_type": "Basin", "name": "04460", "subnetwork_id": null, "source_priority": null, "cyclic_time": false, "meta_categorie": "bergend", "meta_waterbeheerder": "HollandsNoorderkwartier", "meta_node_id": null, "meta_old_node_id": null, "meta_couple_authority": null }, "geometry": { "type": "Point", "coordinates": [ 115522.311782579607097, 505787.695700000971556 ] } },
{ "type": "Feature", "properties": { "node_id": 1451, "node_type": "Basin", "name": "04020", "subnetwork_id": null, "source_priority": null, "cyclic_time": false, "meta_categorie": "bergend", "meta_waterbeheerder": "HollandsNoorderkwartier", "meta_node_id": null, "meta_old_node_id": null, "meta_couple_authority": null }, "geometry": { "type": "Point", "coordinates": [ 105875.628079524758505, 527883.847100000828505 ] } },
{ "type": "Feature", "properties": { "node_id": 1452, "node_type": "Basin", "name": "5040", "subnetwork_id": null, "source_priority": null, "cyclic_time": false, "meta_categorie": "bergend", "meta_waterbeheerder": "HollandsNoorderkwartier", "meta_node_id": null, "meta_old_node_id": null, "meta_couple_authority": null }, "geometry": { "type": "Point", "coordinates": [ 129480.162284900725354, 510840.115000000223517 ] } },
{ "type": "Feature", "properties": { "node_id": 1453, "node_type": "Basin", "name": "6130", "subnetwork_id": null, "source_priority": null, "cyclic_time": false, "meta_categorie": "bergend", "meta_waterbeheerder": "HollandsNoorderkwartier", "meta_node_id": null, "meta_old_node_id": null, "meta_couple_authority": null }, "geometry": { "type": "Point", "coordinates": [ 128373.290092056660797, 517851.747999999672174 ] } },
{ "type": "Feature", "properties": { "node_id": 1454, "node_type": "Basin", "name": "2775", "subnetwork_id": null, "source_priority": null, "cyclic_time": false, "meta_categorie": "bergend", "meta_waterbeheerder": "HollandsNoorderkwartier", "meta_node_id": null, "meta_old_node_id": null, "meta_couple_authority": null }, "geometry": { "type": "Point", "coordinates": [ 108874.020796674798476, 535684.010049998760223 ] } },
{ "type": "Feature", "properties": { "node_id": 1455, "node_type": "Basin", "name": "6090", "subnetwork_id": null, "source_priority": null, "cyclic_time": false, "meta_categorie": "bergend", "meta_waterbeheerder": "HollandsNoorderkwartier", "meta_node_id": null, "meta_old_node_id": null, "meta_couple_authority": null }, "geometry": { "type": "Point", "coordinates": [ 141102.061417992110364, 517992.77250000089407 ] } },
{ "type": "Feature", "properties": { "node_id": 1456, "node_type": "Basin", "name": "8020", "subnetwork_id": null, "source_priority": null, "cyclic_time": false, "meta_categorie": "bergend", "meta_waterbeheerder": "HollandsNoorderkwartier", "meta_node_id": null, "meta_old_node_id": null, "meta_couple_authority": null }, "geometry": { "type": "Point", "coordinates": [ 116847.626518244651379, 563773.898800000548363 ] } },
{ "type": "Feature", "properties": { "node_id": 1457, "node_type": "Basin", "name": "2754", "subnetwork_id": null, "source_priority": null, "cyclic_time": false, "meta_categorie": "bergend", "meta_waterbeheerder": "HollandsNoorderkwartier", "meta_node_id": null, "meta_old_node_id": null, "meta_couple_authority": null }, "geometry": { "type": "Point", "coordinates": [ 108148.089633696246892, 534248.716499999165535 ] } },
{ "type": "Feature", "properties": { "node_id": 1458, "node_type": "Basin", "name": "2769", "subnetwork_id": null, "source_priority": null, "cyclic_time": false, "meta_categorie": "bergend", "meta_waterbeheerder": "HollandsNoorderkwartier", "meta_node_id": null, "meta_old_node_id": null, "meta_couple_authority": null }, "geometry": { "type": "Point", "coordinates": [ 113064.021341185143683, 538042.62555 ] } },
{ "type": "Feature", "properties": { "node_id": 1459, "node_type": "Basin", "name": "2758", "subnetwork_id": null, "source_priority": null, "cyclic_time": false, "meta_categorie": "bergend", "meta_waterbeheerder": "HollandsNoorderkwartier", "meta_node_id": null, "meta_old_node_id": null, "meta_couple_authority": null }, "geometry": { "type": "Point", "coordinates": [ 108380.531977613485651, 531306.150100000202656 ] } },
{ "type": "Feature", "properties": { "node_id": 1460, "node_type": "Basin", "name": "04410", "subnetwork_id": null, "source_priority": null, "cyclic_time": false, "meta_categorie": "bergend", "meta_waterbeheerder": "HollandsNoorderkwartier", "meta_node_id": null, "meta_old_node_id": null, "meta_couple_authority": null }, "geometry": { "type": "Point", "coordinates": [ 116801.608190494822338, 493277.380499999970198 ] } },
{ "type": "Feature", "properties": { "node_id": 1462, "node_type": "Basin", "name": "5722", "subnetwork_id": null, "source_priority": null, "cyclic_time": false, "meta_categorie": "bergend", "meta_waterbeheerder": "HollandsNoorderkwartier", "meta_node_id": null, "meta_old_node_id": null, "meta_couple_authority": null }, "geometry": { "type": "Point", "coordinates": [ 125328.884516579302726, 498735.085200000554323 ] } },
{ "type": "Feature", "properties": { "node_id": 1463, "node_type": "Basin", "name": "04610", "subnetwork_id": null, "source_priority": null, "cyclic_time": false, "meta_categorie": "bergend", "meta_waterbeheerder": "HollandsNoorderkwartier", "meta_node_id": null, "meta_old_node_id": null, "meta_couple_authority": null }, "geometry": { "type": "Point", "coordinates": [ 115190.42859449525713, 493668.061500001698732 ] } },
{ "type": "Feature", "properties": { "node_id": 1464, "node_type": "Basin", "name": "04080", "subnetwork_id": null, "source_priority": null, "cyclic_time": false, "meta_categorie": "bergend", "meta_waterbeheerder": "HollandsNoorderkwartier", "meta_node_id": null, "meta_old_node_id": null, "meta_couple_authority": null }, "geometry": { "type": "Point", "coordinates": [ 106724.271510146631044, 518596.803649999201298 ] } },
{ "type": "Feature", "properties": { "node_id": 1465, "node_type": "Basin", "name": "04320", "subnetwork_id": null, "source_priority": null, "cyclic_time": false, "meta_categorie": "bergend", "meta_waterbeheerder": "HollandsNoorderkwartier", "meta_node_id": null, "meta_old_node_id": null, "meta_couple_authority": null }, "geometry": { "type": "Point", "coordinates": [ 105319.010046917785075, 498356.15400000102818 ] } },
{ "type": "Feature", "properties": { "node_id": 1466, "node_type": "Basin", "name": "04400", "subnetwork_id": null, "source_priority": null, "cyclic_time": false, "meta_categorie": "bergend", "meta_waterbeheerder": "HollandsNoorderkwartier", "meta_node_id": null, "meta_old_node_id": null, "meta_couple_authority": null }, "geometry": { "type": "Point", "coordinates": [ 114487.146173470100621, 498479.613600000739098 ] } },
{ "type": "Feature", "properties": { "node_id": 1467, "node_type": "Basin", "name": "03170", "subnetwork_id": null, "source_priority": null, "cyclic_time": false, "meta_categorie": "bergend", "meta_waterbeheerder": "HollandsNoorderkwartier", "meta_node_id": null, "meta_old_node_id": null, "meta_couple_authority": null }, "geometry": { "type": "Point", "coordinates": [ 119491.186510636063758, 530734.471000000834465 ] } },
{ "type": "Feature", "properties": { "node_id": 1468, "node_type": "Basin", "name": "03020", "subnetwork_id": null, "source_priority": null, "cyclic_time": false, "meta_categorie": "bergend", "meta_waterbeheerder": "HollandsNoorderkwartier", "meta_node_id": null, "meta_old_node_id": null, "meta_couple_authority": null }, "geometry": { "type": "Point", "coordinates": [ 115421.532384260368417, 532811.110499998554587 ] } },
{ "type": "Feature", "properties": { "node_id": 1469, "node_type": "Basin", "name": "5300", "subnetwork_id": null, "source_priority": null, "cyclic_time": false, "meta_categorie": "bergend", "meta_waterbeheerder": "HollandsNoorderkwartier", "meta_node_id": null, "meta_old_node_id": null, "meta_couple_authority": null }, "geometry": { "type": "Point", "coordinates": [ 116929.417077776102815, 498940.86204999871552 ] } },
{ "type": "Feature", "properties": { "node_id": 1470, "node_type": "Basin", "name": "03040", "subnetwork_id": null, "source_priority": null, "cyclic_time": false, "meta_categorie": "bergend", "meta_waterbeheerder": "HollandsNoorderkwartier", "meta_node_id": null, "meta_old_node_id": null, "meta_couple_authority": null }, "geometry": { "type": "Point", "coordinates": [ 121161.208531932526967, 534001.992499999701977 ] } },
{ "type": "Feature", "properties": { "node_id": 1471, "node_type": "Basin", "name": "03150", "subnetwork_id": null, "source_priority": null, "cyclic_time": false, "meta_categorie": "bergend", "meta_waterbeheerder": "HollandsNoorderkwartier", "meta_node_id": null, "meta_old_node_id": null, "meta_couple_authority": null }, "geometry": { "type": "Point", "coordinates": [ 118779.982813530092244, 521280.559499999508262 ] } },
{ "type": "Feature", "properties": { "node_id": 1472, "node_type": "Basin", "name": "2773", "subnetwork_id": null, "source_priority": null, "cyclic_time": false, "meta_categorie": "bergend", "meta_waterbeheerder": "HollandsNoorderkwartier", "meta_node_id": null, "meta_old_node_id": null, "meta_couple_authority": null }, "geometry": { "type": "Point", "coordinates": [ 113024.461870517552597, 539487.03999999910593 ] } },
{ "type": "Feature", "properties": { "node_id": 1473, "node_type": "Basin", "name": "04110", "subnetwork_id": null, "source_priority": null, "cyclic_time": false, "meta_categorie": "bergend", "meta_waterbeheerder": "HollandsNoorderkwartier", "meta_node_id": null, "meta_old_node_id": null, "meta_couple_authority": null }, "geometry": { "type": "Point", "coordinates": [ 108000.574792186904233, 516206.848149999976158 ] } },
{ "type": "Feature", "properties": { "node_id": 1474, "node_type": "Basin", "name": "5540", "subnetwork_id": null, "source_priority": null, "cyclic_time": false, "meta_categorie": "bergend", "meta_waterbeheerder": "HollandsNoorderkwartier", "meta_node_id": null, "meta_old_node_id": null, "meta_couple_authority": null }, "geometry": { "type": "Point", "coordinates": [ 129501.203479606148903, 495240.293349999934435 ] } },
{ "type": "Feature", "properties": { "node_id": 1475, "node_type": "Basin", "name": "5620", "subnetwork_id": null, "source_priority": null, "cyclic_time": false, "meta_categorie": "bergend", "meta_waterbeheerder": "HollandsNoorderkwartier", "meta_node_id": null, "meta_old_node_id": null, "meta_couple_authority": null }, "geometry": { "type": "Point", "coordinates": [ 126741.11248948215507, 491379.292549999430776 ] } },
{ "type": "Feature", "properties": { "node_id": 1476, "node_type": "Basin", "name": "04240", "subnetwork_id": null, "source_priority": null, "cyclic_time": false, "meta_categorie": "bergend", "meta_waterbeheerder": "HollandsNoorderkwartier", "meta_node_id": null, "meta_old_node_id": null, "meta_couple_authority": null }, "geometry": { "type": "Point", "coordinates": [ 111479.226059624081245, 510362.643450001254678 ] } },
{ "type": "Feature", "properties": { "node_id": 1477, "node_type": "Basin", "name": "2805", "subnetwork_id": null, "source_priority": null, "cyclic_time": false, "meta_categorie": "bergend", "meta_waterbeheerder": "HollandsNoorderkwartier", "meta_node_id": null, "meta_old_node_id": null, "meta_couple_authority": null }, "geometry": { "type": "Point", "coordinates": [ 121473.95309285793337, 541636.530000001192093 ] } },
{ "type": "Feature", "properties": { "node_id": 1478, "node_type": "Basin", "name": "5701", "subnetwork_id": null, "source_priority": null, "cyclic_time": false, "meta_categorie": "bergend", "meta_waterbeheerder": "HollandsNoorderkwartier", "meta_node_id": null, "meta_old_node_id": null, "meta_couple_authority": null }, "geometry": { "type": "Point", "coordinates": [ 129679.436552580591524, 506765.920199999585748 ] } },
{ "type": "Feature", "properties": { "node_id": 1479, "node_type": "Basin", "name": "04803", "subnetwork_id": null, "source_priority": null, "cyclic_time": false, "meta_categorie": "bergend", "meta_waterbeheerder": "HollandsNoorderkwartier", "meta_node_id": null, "meta_old_node_id": null, "meta_couple_authority": null }, "geometry": { "type": "Point", "coordinates": [ 117343.054372946891817, 510231.118000000715256 ] } },
{ "type": "Feature", "properties": { "node_id": 1480, "node_type": "Basin", "name": "03140", "subnetwork_id": null, "source_priority": null, "cyclic_time": false, "meta_categorie": "bergend", "meta_waterbeheerder": "HollandsNoorderkwartier", "meta_node_id": null, "meta_old_node_id": null, "meta_couple_authority": null }, "geometry": { "type": "Point", "coordinates": [ 121967.224563265452161, 522614.161641829879954 ] } },
{ "type": "Feature", "properties": { "node_id": 1481, "node_type": "Basin", "name": "2774", "subnetwork_id": null, "source_priority": null, "cyclic_time": false, "meta_categorie": "bergend", "meta_waterbeheerder": "HollandsNoorderkwartier", "meta_node_id": null, "meta_old_node_id": null, "meta_couple_authority": null }, "geometry": { "type": "Point", "coordinates": [ 114061.049434928543633, 539760.064850000664592 ] } },
{ "type": "Feature", "properties": { "node_id": 1482, "node_type": "Basin", "name": "04902", "subnetwork_id": null, "source_priority": null, "cyclic_time": false, "meta_categorie": "bergend", "meta_waterbeheerder": "HollandsNoorderkwartier", "meta_node_id": null, "meta_old_node_id": null, "meta_couple_authority": null }, "geometry": { "type": "Point", "coordinates": [ 105186.982626479293685, 511778.697599999606609 ] } },
{ "type": "Feature", "properties": { "node_id": 1483, "node_type": "Basin", "name": "6110", "subnetwork_id": null, "source_priority": null, "cyclic_time": false, "meta_categorie": "bergend", "meta_waterbeheerder": "HollandsNoorderkwartier", "meta_node_id": null, "meta_old_node_id": null, "meta_couple_authority": null }, "geometry": { "type": "Point", "coordinates": [ 134107.848612767033046, 519237.299403991375584 ] } },
{ "type": "Feature", "properties": { "node_id": 1484, "node_type": "Basin", "name": "8040", "subnetwork_id": null, "source_priority": null, "cyclic_time": false, "meta_categorie": "bergend", "meta_waterbeheerder": "HollandsNoorderkwartier", "meta_node_id": null, "meta_old_node_id": null, "meta_couple_authority": null }, "geometry": { "type": "Point", "coordinates": [ 120157.097968416957883, 571963.754499999806285 ] } },
{ "type": "Feature", "properties": { "node_id": 1485, "node_type": "Basin", "name": "03180", "subnetwork_id": null, "source_priority": null, "cyclic_time": false, "meta_categorie": "bergend", "meta_waterbeheerder": "HollandsNoorderkwartier", "meta_node_id": null, "meta_old_node_id": null, "meta_couple_authority": null }, "geometry": { "type": "Point", "coordinates": [ 119968.580376620695461, 527830.039049999788404 ] } },
{ "type": "Feature", "properties": { "node_id": 1486, "node_type": "Basin", "name": "04852", "subnetwork_id": null, "source_priority": null, "cyclic_time": false, "meta_categorie": "bergend", "meta_waterbeheerder": "HollandsNoorderkwartier", "meta_node_id": null, "meta_old_node_id": null, "meta_couple_authority": null }, "geometry": { "type": "Point", "coordinates": [ 119955.761316234187689, 512765.389550000429153 ] } },
{ "type": "Feature", "properties": { "node_id": 1487, "node_type": "Basin", "name": "04230", "subnetwork_id": null, "source_priority": null, "cyclic_time": false, "meta_categorie": "bergend", "meta_waterbeheerder": "HollandsNoorderkwartier", "meta_node_id": null, "meta_old_node_id": null, "meta_couple_authority": null }, "geometry": { "type": "Point", "coordinates": [ 107806.350695755827473, 508459.906500000506639 ] } },
{ "type": "Feature", "properties": { "node_id": 1488, "node_type": "Basin", "name": "5570", "subnetwork_id": null, "source_priority": null, "cyclic_time": false, "meta_categorie": "bergend", "meta_waterbeheerder": "HollandsNoorderkwartier", "meta_node_id": null, "meta_old_node_id": null, "meta_couple_authority": null }, "geometry": { "type": "Point", "coordinates": [ 131610.922676271118689, 492642.302503347862512 ] } },
{ "type": "Feature", "properties": { "node_id": 1489, "node_type": "Basin", "name": "04070", "subnetwork_id": null, "source_priority": null, "cyclic_time": false, "meta_categorie": "bergend", "meta_waterbeheerder": "HollandsNoorderkwartier", "meta_node_id": null, "meta_old_node_id": null, "meta_couple_authority": null }, "geometry": { "type": "Point", "coordinates": [ 107152.190894493920496, 519650.280450001358986 ] } },
{ "type": "Feature", "properties": { "node_id": 1490, "node_type": "Basin", "name": "5280", "subnetwork_id": null, "source_priority": null, "cyclic_time": false, "meta_categorie": "bergend", "meta_waterbeheerder": "HollandsNoorderkwartier", "meta_node_id": null, "meta_old_node_id": null, "meta_couple_authority": null }, "geometry": { "type": "Point", "coordinates": [ 119550.920151391910622, 502718.176999999210238 ] } },
{ "type": "Feature", "properties": { "node_id": 1491, "node_type": "Basin", "name": "5520", "subnetwork_id": null, "source_priority": null, "cyclic_time": false, "meta_categorie": "bergend", "meta_waterbeheerder": "HollandsNoorderkwartier", "meta_node_id": null, "meta_old_node_id": null, "meta_couple_authority": null }, "geometry": { "type": "Point", "coordinates": [ 127249.931368220844888, 488819.29615000076592 ] } },
{ "type": "Feature", "properties": { "node_id": 1492, "node_type": "Basin", "name": "2020", "subnetwork_id": null, "source_priority": null, "cyclic_time": false, "meta_categorie": "bergend", "meta_waterbeheerder": "HollandsNoorderkwartier", "meta_node_id": null, "meta_old_node_id": null, "meta_couple_authority": null }, "geometry": { "type": "Point", "coordinates": [ 110848.564549212038401, 541722.731000000610948 ] } },
{ "type": "Feature", "properties": { "node_id": 1493, "node_type": "Basin", "name": "5803", "subnetwork_id": null, "source_priority": null, "cyclic_time": false, "meta_categorie": "bergend", "meta_waterbeheerder": "HollandsNoorderkwartier", "meta_node_id": null, "meta_old_node_id": null, "meta_couple_authority": null }, "geometry": { "type": "Point", "coordinates": [ 127160.997558138711611, 498902.050249999389052 ] } },
{ "type": "Feature", "properties": { "node_id": 1494, "node_type": "Basin", "name": "04010", "subnetwork_id": null, "source_priority": null, "cyclic_time": false, "meta_categorie": "bergend", "meta_waterbeheerder": "HollandsNoorderkwartier", "meta_node_id": null, "meta_old_node_id": null, "meta_couple_authority": null }, "geometry": { "type": "Point", "coordinates": [ 104755.87826788390521, 526967.432000000029802 ] } },
{ "type": "Feature", "properties": { "node_id": 1495, "node_type": "Basin", "name": "6210", "subnetwork_id": null, "source_priority": null, "cyclic_time": false, "meta_categorie": "bergend", "meta_waterbeheerder": "HollandsNoorderkwartier", "meta_node_id": null, "meta_old_node_id": null, "meta_couple_authority": null }, "geometry": { "type": "Point", "coordinates": [ 122282.08100193348946, 520278.41300000064075 ] } },
{ "type": "Feature", "properties": { "node_id": 1496, "node_type": "Basin", "name": "5020", "subnetwork_id": null, "source_priority": null, "cyclic_time": false, "meta_categorie": "bergend", "meta_waterbeheerder": "HollandsNoorderkwartier", "meta_node_id": null, "meta_old_node_id": null, "meta_couple_authority": null }, "geometry": { "type": "Point", "coordinates": [ 130119.232011262851302, 512380.540049999952316 ] } },
{ "type": "Feature", "properties": { "node_id": 1497, "node_type": "Basin", "name": "2780", "subnetwork_id": null, "source_priority": null, "cyclic_time": false, "meta_categorie": "bergend", "meta_waterbeheerder": "HollandsNoorderkwartier", "meta_node_id": null, "meta_old_node_id": null, "meta_couple_authority": null }, "geometry": { "type": "Point", "coordinates": [ 107857.209309949656017, 532522.100050000473857 ] } },
{ "type": "Feature", "properties": { "node_id": 1498, "node_type": "Basin", "name": "6750", "subnetwork_id": null, "source_priority": null, "cyclic_time": false, "meta_categorie": "bergend", "meta_waterbeheerder": "HollandsNoorderkwartier", "meta_node_id": null, "meta_old_node_id": null, "meta_couple_authority": null }, "geometry": { "type": "Point", "coordinates": [ 137118.410775157914031, 525722.937049999833107 ] } },
{ "type": "Feature", "properties": { "node_id": 1499, "node_type": "Basin", "name": "03120", "subnetwork_id": null, "source_priority": null, "cyclic_time": false, "meta_categorie": "bergend", "meta_waterbeheerder": "HollandsNoorderkwartier", "meta_node_id": null, "meta_old_node_id": null, "meta_couple_authority": null }, "geometry": { "type": "Point", "coordinates": [ 116973.663131421169965, 527417.185000000521541 ] } },
{ "type": "Feature", "properties": { "node_id": 1500, "node_type": "Basin", "name": "03801", "subnetwork_id": null, "source_priority": null, "cyclic_time": false, "meta_categorie": "bergend", "meta_waterbeheerder": "HollandsNoorderkwartier", "meta_node_id": null, "meta_old_node_id": null, "meta_couple_authority": null }, "geometry": { "type": "Point", "coordinates": [ 116334.474138394856709, 522306.723600000143051 ] } },
{ "type": "Feature", "properties": { "node_id": 1501, "node_type": "Basin", "name": "04851", "subnetwork_id": null, "source_priority": null, "cyclic_time": false, "meta_categorie": "bergend", "meta_waterbeheerder": "HollandsNoorderkwartier", "meta_node_id": null, "meta_old_node_id": null, "meta_couple_authority": null }, "geometry": { "type": "Point", "coordinates": [ 117320.076414847193519, 512702.767699999734759 ] } },
{ "type": "Feature", "properties": { "node_id": 1502, "node_type": "Basin", "name": "6770", "subnetwork_id": null, "source_priority": null, "cyclic_time": false, "meta_categorie": "bergend", "meta_waterbeheerder": "HollandsNoorderkwartier", "meta_node_id": null, "meta_old_node_id": null, "meta_couple_authority": null }, "geometry": { "type": "Point", "coordinates": [ 142033.834256458852906, 529338.374549999833107 ] } },
{ "type": "Feature", "properties": { "node_id": 1503, "node_type": "Basin", "name": "2752", "subnetwork_id": null, "source_priority": null, "cyclic_time": false, "meta_categorie": "bergend", "meta_waterbeheerder": "HollandsNoorderkwartier", "meta_node_id": null, "meta_old_node_id": null, "meta_couple_authority": null }, "geometry": { "type": "Point", "coordinates": [ 109771.289795367687475, 535569.193800000473857 ] } },
{ "type": "Feature", "properties": { "node_id": 1504, "node_type": "Basin", "name": "2767", "subnetwork_id": null, "source_priority": null, "cyclic_time": false, "meta_categorie": "bergend", "meta_waterbeheerder": "HollandsNoorderkwartier", "meta_node_id": null, "meta_old_node_id": null, "meta_couple_authority": null }, "geometry": { "type": "Point", "coordinates": [ 116070.600886303000152, 536449.859600000083447 ] } },
{ "type": "Feature", "properties": { "node_id": 1505, "node_type": "Basin", "name": "03200", "subnetwork_id": null, "source_priority": null, "cyclic_time": false, "meta_categorie": "bergend", "meta_waterbeheerder": "HollandsNoorderkwartier", "meta_node_id": null, "meta_old_node_id": null, "meta_couple_authority": null }, "geometry": { "type": "Point", "coordinates": [ 122584.784789253229974, 527196.539599999785423 ] } },
{ "type": "Feature", "properties": { "node_id": 1506, "node_type": "Basin", "name": "04220", "subnetwork_id": null, "source_priority": null, "cyclic_time": false, "meta_categorie": "bergend", "meta_waterbeheerder": "HollandsNoorderkwartier", "meta_node_id": null, "meta_old_node_id": null, "meta_couple_authority": null }, "geometry": { "type": "Point", "coordinates": [ 106783.550205787323648, 511874.515049999579787 ] } },
{ "type": "Feature", "properties": { "node_id": 1507, "node_type": "Basin", "name": "04050", "subnetwork_id": null, "source_priority": null, "cyclic_time": false, "meta_categorie": "bergend", "meta_waterbeheerder": "HollandsNoorderkwartier", "meta_node_id": null, "meta_old_node_id": null, "meta_couple_authority": null }, "geometry": { "type": "Point", "coordinates": [ 109244.282127066777321, 523305.399000000208616 ] } },
{ "type": "Feature", "properties": { "node_id": 1508, "node_type": "Basin", "name": "6190", "subnetwork_id": null, "source_priority": null, "cyclic_time": false, "meta_categorie": "bergend", "meta_waterbeheerder": "HollandsNoorderkwartier", "meta_node_id": null, "meta_old_node_id": null, "meta_couple_authority": null }, "geometry": { "type": "Point", "coordinates": [ 123435.533727074362105, 518697.226999999955297 ] } },
{ "type": "Feature", "properties": { "node_id": 1509, "node_type": "Basin", "name": "9550", "subnetwork_id": null, "source_priority": null, "cyclic_time": false, "meta_categorie": "bergend", "meta_waterbeheerder": "HollandsNoorderkwartier", "meta_node_id": null, "meta_old_node_id": null, "meta_couple_authority": null }, "geometry": { "type": "Point", "coordinates": [ 108650.674236579434364, 535801.529450001195073 ] } },
{ "type": "Feature", "properties": { "node_id": 1510, "node_type": "Basin", "name": "03060", "subnetwork_id": null, "source_priority": null, "cyclic_time": false, "meta_categorie": "bergend", "meta_waterbeheerder": "HollandsNoorderkwartier", "meta_node_id": null, "meta_old_node_id": null, "meta_couple_authority": null }, "geometry": { "type": "Point", "coordinates": [ 117436.286058378900634, 530999.218499999493361 ] } },
{ "type": "Feature", "properties": { "node_id": 1511, "node_type": "Basin", "name": "2856-2956", "subnetwork_id": null, "source_priority": null, "cyclic_time": false, "meta_categorie": "bergend", "meta_waterbeheerder": "HollandsNoorderkwartier", "meta_node_id": null, "meta_old_node_id": null, "meta_couple_authority": null }, "geometry": { "type": "Point", "coordinates": [ 130418.053981190634659, 548652.480049999430776 ] } },
{ "type": "Feature", "properties": { "node_id": 1512, "node_type": "Basin", "name": "5470", "subnetwork_id": null, "source_priority": null, "cyclic_time": false, "meta_categorie": "bergend", "meta_waterbeheerder": "HollandsNoorderkwartier", "meta_node_id": null, "meta_old_node_id": null, "meta_couple_authority": null }, "geometry": { "type": "Point", "coordinates": [ 131153.49524221237516, 493065.518600000068545 ] } },
{ "type": "Feature", "properties": { "node_id": 1513, "node_type": "Basin", "name": "2060", "subnetwork_id": null, "source_priority": null, "cyclic_time": false, "meta_categorie": "bergend", "meta_waterbeheerder": "HollandsNoorderkwartier", "meta_node_id": null, "meta_old_node_id": null, "meta_couple_authority": null }, "geometry": { "type": "Point", "coordinates": [ 112324.080365974034066, 546331.984999999403954 ] } },
{ "type": "Feature", "properties": { "node_id": 1514, "node_type": "Basin", "name": "9830", "subnetwork_id": null, "source_priority": null, "cyclic_time": false, "meta_categorie": "bergend", "meta_waterbeheerder": "HollandsNoorderkwartier", "meta_node_id": null, "meta_old_node_id": null, "meta_couple_authority": null }, "geometry": { "type": "Point", "coordinates": [ 103964.471623253950384, 509196.94370000064373 ] } },
{ "type": "Feature", "properties": { "node_id": 1515, "node_type": "Basin", "name": "6700", "subnetwork_id": null, "source_priority": null, "cyclic_time": false, "meta_categorie": "bergend", "meta_waterbeheerder": "HollandsNoorderkwartier", "meta_node_id": null, "meta_old_node_id": null, "meta_couple_authority": null }, "geometry": { "type": "Point", "coordinates": [ 142111.583519696549047, 522338.067949999123812 ] } },
{ "type": "Feature", "properties": { "node_id": 1517, "node_type": "Basin", "name": "5742", "subnetwork_id": null, "source_priority": null, "cyclic_time": false, "meta_categorie": "bergend", "meta_waterbeheerder": "HollandsNoorderkwartier", "meta_node_id": null, "meta_old_node_id": null, "meta_couple_authority": null }, "geometry": { "type": "Point", "coordinates": [ 125997.12056116014719, 502800.880049999803305 ] } },
{ "type": "Feature", "properties": { "node_id": 1518, "node_type": "Basin", "name": "5460", "subnetwork_id": null, "source_priority": null, "cyclic_time": false, "meta_categorie": "bergend", "meta_waterbeheerder": "HollandsNoorderkwartier", "meta_node_id": null, "meta_old_node_id": null, "meta_couple_authority": null }, "geometry": { "type": "Point", "coordinates": [ 124430.743778525356902, 492674.419999999925494 ] } },
{ "type": "Feature", "properties": { "node_id": 1519, "node_type": "Basin", "name": "2766", "subnetwork_id": null, "source_priority": null, "cyclic_time": false, "meta_categorie": "bergend", "meta_waterbeheerder": "HollandsNoorderkwartier", "meta_node_id": null, "meta_old_node_id": null, "meta_couple_authority": null }, "geometry": { "type": "Point", "coordinates": [ 113072.768288055231096, 535025.976950000971556 ] } },
{ "type": "Feature", "properties": { "node_id": 1520, "node_type": "Basin", "name": "04030", "subnetwork_id": null, "source_priority": null, "cyclic_time": false, "meta_categorie": "bergend", "meta_waterbeheerder": "HollandsNoorderkwartier", "meta_node_id": null, "meta_old_node_id": null, "meta_couple_authority": null }, "geometry": { "type": "Point", "coordinates": [ 107215.822408723412082, 527038.646749999374151 ] } },
{ "type": "Feature", "properties": { "node_id": 1521, "node_type": "Basin", "name": "03160", "subnetwork_id": null, "source_priority": null, "cyclic_time": false, "meta_categorie": "bergend", "meta_waterbeheerder": "HollandsNoorderkwartier", "meta_node_id": null, "meta_old_node_id": null, "meta_couple_authority": null }, "geometry": { "type": "Point", "coordinates": [ 118193.65376627635851, 528688.21169999986887 ] } },
{ "type": "Feature", "properties": { "node_id": 1522, "node_type": "Basin", "name": "7703", "subnetwork_id": null, "source_priority": null, "cyclic_time": false, "meta_categorie": "bergend", "meta_waterbeheerder": "HollandsNoorderkwartier", "meta_node_id": null, "meta_old_node_id": null, "meta_couple_authority": null }, "geometry": { "type": "Point", "coordinates": [ 129046.332143021078082, 540210.839999999850988 ] } },
{ "type": "Feature", "properties": { "node_id": 1523, "node_type": "Basin", "name": "03130", "subnetwork_id": null, "source_priority": null, "cyclic_time": false, "meta_categorie": "bergend", "meta_waterbeheerder": "HollandsNoorderkwartier", "meta_node_id": null, "meta_old_node_id": null, "meta_couple_authority": null }, "geometry": { "type": "Point", "coordinates": [ 121263.748331033217255, 523616.51549999974668 ] } },
{ "type": "Feature", "properties": { "node_id": 1524, "node_type": "Basin", "name": "9440", "subnetwork_id": null, "source_priority": null, "cyclic_time": false, "meta_categorie": "bergend", "meta_waterbeheerder": "HollandsNoorderkwartier", "meta_node_id": null, "meta_old_node_id": null, "meta_couple_authority": null }, "geometry": { "type": "Point", "coordinates": [ 105825.022898093622644, 518456.031649999320507 ] } },
{ "type": "Feature", "properties": { "node_id": 1525, "node_type": "Basin", "name": "2756", "subnetwork_id": null, "source_priority": null, "cyclic_time": false, "meta_categorie": "bergend", "meta_waterbeheerder": "HollandsNoorderkwartier", "meta_node_id": null, "meta_old_node_id": null, "meta_couple_authority": null }, "geometry": { "type": "Point", "coordinates": [ 106876.814866609754972, 529063.939999999478459 ] } },
{ "type": "Feature", "properties": { "node_id": 1526, "node_type": "Basin", "name": "04951", "subnetwork_id": null, "source_priority": null, "cyclic_time": false, "meta_categorie": "bergend", "meta_waterbeheerder": "HollandsNoorderkwartier", "meta_node_id": null, "meta_old_node_id": null, "meta_couple_authority": null }, "geometry": { "type": "Point", "coordinates": [ 110161.250691142835421, 515709.000149998813868 ] } },
{ "type": "Feature", "properties": { "node_id": 1527, "node_type": "Basin", "name": "5290", "subnetwork_id": null, "source_priority": null, "cyclic_time": false, "meta_categorie": "bergend", "meta_waterbeheerder": "HollandsNoorderkwartier", "meta_node_id": null, "meta_old_node_id": null, "meta_couple_authority": null }, "geometry": { "type": "Point", "coordinates": [ 116675.14527925181028, 500026.91499999910593 ] } },
{ "type": "Feature", "properties": { "node_id": 1528, "node_type": "Basin", "name": "04090", "subnetwork_id": null, "source_priority": null, "cyclic_time": false, "meta_categorie": "bergend", "meta_waterbeheerder": "HollandsNoorderkwartier", "meta_node_id": null, "meta_old_node_id": null, "meta_couple_authority": null }, "geometry": { "type": "Point", "coordinates": [ 109053.467416677915026, 518101.725700000301003 ] } },
{ "type": "Feature", "properties": { "node_id": 1529, "node_type": "Basin", "name": "2759", "subnetwork_id": null, "source_priority": null, "cyclic_time": false, "meta_categorie": "bergend", "meta_waterbeheerder": "HollandsNoorderkwartier", "meta_node_id": null, "meta_old_node_id": null, "meta_couple_authority": null }, "geometry": { "type": "Point", "coordinates": [ 109541.570426785605378, 531964.739099999889731 ] } },
{ "type": "Feature", "properties": { "node_id": 1530, "node_type": "Basin", "name": "03050", "subnetwork_id": null, "source_priority": null, "cyclic_time": false, "meta_categorie": "bergend", "meta_waterbeheerder": "HollandsNoorderkwartier", "meta_node_id": null, "meta_old_node_id": null, "meta_couple_authority": null }, "geometry": { "type": "Point", "coordinates": [ 118588.437928244733484, 532400.526499999687076 ] } },
{ "type": "Feature", "properties": { "node_id": 1531, "node_type": "Basin", "name": "03080", "subnetwork_id": null, "source_priority": null, "cyclic_time": false, "meta_categorie": "bergend", "meta_waterbeheerder": "HollandsNoorderkwartier", "meta_node_id": null, "meta_old_node_id": null, "meta_couple_authority": null }, "geometry": { "type": "Point", "coordinates": [ 113472.568166961835232, 531113.924750000238419 ] } },
{ "type": "Feature", "properties": { "node_id": 1532, "node_type": "Basin", "name": "04260", "subnetwork_id": null, "source_priority": null, "cyclic_time": false, "meta_categorie": "bergend", "meta_waterbeheerder": "HollandsNoorderkwartier", "meta_node_id": null, "meta_old_node_id": null, "meta_couple_authority": null }, "geometry": { "type": "Point", "coordinates": [ 110797.889940736495191, 507787.497100001201034 ] } },
{ "type": "Feature", "properties": { "node_id": 1533, "node_type": "Basin", "name": "5802", "subnetwork_id": null, "source_priority": null, "cyclic_time": false, "meta_categorie": "bergend", "meta_waterbeheerder": "HollandsNoorderkwartier", "meta_node_id": null, "meta_old_node_id": null, "meta_couple_authority": null }, "geometry": { "type": "Point", "coordinates": [ 129442.217654700682033, 501326.43099999986589 ] } },
{ "type": "Feature", "properties": { "node_id": 1534, "node_type": "Basin", "name": "04751", "subnetwork_id": null, "source_priority": null, "cyclic_time": false, "meta_categorie": "bergend", "meta_waterbeheerder": "HollandsNoorderkwartier", "meta_node_id": null, "meta_old_node_id": null, "meta_couple_authority": null }, "geometry": { "type": "Point", "coordinates": [ 109938.810642736032605, 498357.649049999192357 ] } },
{ "type": "Feature", "properties": { "node_id": 1535, "node_type": "Basin", "name": "5340", "subnetwork_id": null, "source_priority": null, "cyclic_time": false, "meta_categorie": "bergend", "meta_waterbeheerder": "HollandsNoorderkwartier", "meta_node_id": null, "meta_old_node_id": null, "meta_couple_authority": null }, "geometry": { "type": "Point", "coordinates": [ 121212.622777238371782, 496073.570000000298023 ] } },
{ "type": "Feature", "properties": { "node_id": 1536, "node_type": "Basin", "name": "2010", "subnetwork_id": null, "source_priority": null, "cyclic_time": false, "meta_categorie": "bergend", "meta_waterbeheerder": "HollandsNoorderkwartier", "meta_node_id": null, "meta_old_node_id": null, "meta_couple_authority": null }, "geometry": { "type": "Point", "coordinates": [ 110953.54762076609768, 551948.917000001296401 ] } },
{ "type": "Feature", "properties": { "node_id": 1537, "node_type": "Basin", "name": "5010", "subnetwork_id": null, "source_priority": null, "cyclic_time": false, "meta_categorie": "bergend", "meta_waterbeheerder": "HollandsNoorderkwartier", "meta_node_id": null, "meta_old_node_id": null, "meta_couple_authority": null }, "geometry": { "type": "Point", "coordinates": [ 127086.002578740910394, 511680.511350000277162 ] } },
{ "type": "Feature", "properties": { "node_id": 1538, "node_type": "Basin", "name": "04650", "subnetwork_id": null, "source_priority": null, "cyclic_time": false, "meta_categorie": "bergend", "meta_waterbeheerder": "HollandsNoorderkwartier", "meta_node_id": null, "meta_old_node_id": null, "meta_couple_authority": null }, "geometry": { "type": "Point", "coordinates": [ 112008.450617542068358, 514626.422649998217821 ] } },
{ "type": "Feature", "properties": { "node_id": 1539, "node_type": "Basin", "name": "03752", "subnetwork_id": null, "source_priority": null, "cyclic_time": false, "meta_categorie": "bergend", "meta_waterbeheerder": "HollandsNoorderkwartier", "meta_node_id": null, "meta_old_node_id": null, "meta_couple_authority": null }, "geometry": { "type": "Point", "coordinates": [ 112011.75542924014735, 529231.771999999880791 ] } },
{ "type": "Feature", "properties": { "node_id": 1540, "node_type": "Basin", "name": "5510", "subnetwork_id": null, "source_priority": null, "cyclic_time": false, "meta_categorie": "bergend", "meta_waterbeheerder": "HollandsNoorderkwartier", "meta_node_id": null, "meta_old_node_id": null, "meta_couple_authority": null }, "geometry": { "type": "Point", "coordinates": [ 129886.49029677832732, 490940.771549999713898 ] } },
{ "type": "Feature", "properties": { "node_id": 1541, "node_type": "Basin", "name": "04130", "subnetwork_id": null, "source_priority": null, "cyclic_time": false, "meta_categorie": "bergend", "meta_waterbeheerder": "HollandsNoorderkwartier", "meta_node_id": null, "meta_old_node_id": null, "meta_couple_authority": null }, "geometry": { "type": "Point", "coordinates": [ 109784.139575447828975, 516235.508050000295043 ] } },
{ "type": "Feature", "properties": { "node_id": 1542, "node_type": "Basin", "name": "03702", "subnetwork_id": null, "source_priority": null, "cyclic_time": false, "meta_categorie": "bergend", "meta_waterbeheerder": "HollandsNoorderkwartier", "meta_node_id": null, "meta_old_node_id": null, "meta_couple_authority": null }, "geometry": { "type": "Point", "coordinates": [ 112762.666350121115102, 533126.165999999269843 ] } },
{ "type": "Feature", "properties": { "node_id": 1543, "node_type": "Basin", "name": "5270", "subnetwork_id": null, "source_priority": null, "cyclic_time": false, "meta_categorie": "bergend", "meta_waterbeheerder": "HollandsNoorderkwartier", "meta_node_id": null, "meta_old_node_id": null, "meta_couple_authority": null }, "geometry": { "type": "Point", "coordinates": [ 115065.218574222933967, 502695.742550000548363 ] } },
{ "type": "Feature", "properties": { "node_id": 1544, "node_type": "Basin", "name": "5410", "subnetwork_id": null, "source_priority": null, "cyclic_time": false, "meta_categorie": "bergend", "meta_waterbeheerder": "HollandsNoorderkwartier", "meta_node_id": null, "meta_old_node_id": null, "meta_couple_authority": null }, "geometry": { "type": "Point", "coordinates": [ 127663.07935787414317, 492043.010150000452995 ] } },
{ "type": "Feature", "properties": { "node_id": 1545, "node_type": "Basin", "name": "04300", "subnetwork_id": null, "source_priority": null, "cyclic_time": false, "meta_categorie": "bergend", "meta_waterbeheerder": "HollandsNoorderkwartier", "meta_node_id": null, "meta_old_node_id": null, "meta_couple_authority": null }, "geometry": { "type": "Point", "coordinates": [ 108606.720999045035569, 504577.464999999850988 ] } },
{ "type": "Feature", "properties": { "node_id": 1546, "node_type": "Basin", "name": "04952", "subnetwork_id": null, "source_priority": null, "cyclic_time": false, "meta_categorie": "bergend", "meta_waterbeheerder": "HollandsNoorderkwartier", "meta_node_id": null, "meta_old_node_id": null, "meta_couple_authority": null }, "geometry": { "type": "Point", "coordinates": [ 111336.212559893683647, 517164.430250000208616 ] } },
{ "type": "Feature", "properties": { "node_id": 1547, "node_type": "Basin", "name": "9310", "subnetwork_id": null, "source_priority": null, "cyclic_time": false, "meta_categorie": "bergend", "meta_waterbeheerder": "HollandsNoorderkwartier", "meta_node_id": null, "meta_old_node_id": null, "meta_couple_authority": null }, "geometry": { "type": "Point", "coordinates": [ 111995.021255187195493, 559331.097849998623133 ] } },
{ "type": "Feature", "properties": { "node_id": 1548, "node_type": "Basin", "name": "5761", "subnetwork_id": null, "source_priority": null, "cyclic_time": false, "meta_categorie": "bergend", "meta_waterbeheerder": "HollandsNoorderkwartier", "meta_node_id": null, "meta_old_node_id": null, "meta_couple_authority": null }, "geometry": { "type": "Point", "coordinates": [ 133006.785876019421266, 501768.923200000077486 ] } },
{ "type": "Feature", "properties": { "node_id": 1550, "node_type": "Basin", "name": "5801", "subnetwork_id": null, "source_priority": null, "cyclic_time": false, "meta_categorie": "bergend", "meta_waterbeheerder": "HollandsNoorderkwartier", "meta_node_id": null, "meta_old_node_id": null, "meta_couple_authority": null }, "geometry": { "type": "Point", "coordinates": [ 127400.42168950435007, 501742.22014999948442 ] } },
{ "type": "Feature", "properties": { "node_id": 1551, "node_type": "Basin", "name": "5550", "subnetwork_id": null, "source_priority": null, "cyclic_time": false, "meta_categorie": "bergend", "meta_waterbeheerder": "HollandsNoorderkwartier", "meta_node_id": null, "meta_old_node_id": null, "meta_couple_authority": null }, "geometry": { "type": "Point", "coordinates": [ 127989.337449949089205, 491251.473950000479817 ] } },
{ "type": "Feature", "properties": { "node_id": 1552, "node_type": "Basin", "name": "5230", "subnetwork_id": null, "source_priority": null, "cyclic_time": false, "meta_categorie": "bergend", "meta_waterbeheerder": "HollandsNoorderkwartier", "meta_node_id": null, "meta_old_node_id": null, "meta_couple_authority": null }, "geometry": { "type": "Point", "coordinates": [ 129440.215610815415857, 492835.663100000470877 ] } },
{ "type": "Feature", "properties": { "node_id": 1554, "node_type": "Basin", "name": "04040", "subnetwork_id": null, "source_priority": null, "cyclic_time": false, "meta_categorie": "bergend", "meta_waterbeheerder": "HollandsNoorderkwartier", "meta_node_id": null, "meta_old_node_id": null, "meta_couple_authority": null }, "geometry": { "type": "Point", "coordinates": [ 108200.039674548403127, 525439.217000000178814 ] } },
{ "type": "Feature", "properties": { "node_id": 1555, "node_type": "Basin", "name": "5360", "subnetwork_id": null, "source_priority": null, "cyclic_time": false, "meta_categorie": "bergend", "meta_waterbeheerder": "HollandsNoorderkwartier", "meta_node_id": null, "meta_old_node_id": null, "meta_couple_authority": null }, "geometry": { "type": "Point", "coordinates": [ 130206.684624105546391, 498754.319649999961257 ] } },
{ "type": "Feature", "properties": { "node_id": 1556, "node_type": "Basin", "name": "5782", "subnetwork_id": null, "source_priority": null, "cyclic_time": false, "meta_categorie": "bergend", "meta_waterbeheerder": "HollandsNoorderkwartier", "meta_node_id": null, "meta_old_node_id": null, "meta_couple_authority": null }, "geometry": { "type": "Point", "coordinates": [ 131315.241968166985316, 500990.89299999922514 ] } },
{ "type": "Feature", "properties": { "node_id": 1557, "node_type": "Basin", "name": "04150", "subnetwork_id": null, "source_priority": null, "cyclic_time": false, "meta_categorie": "bergend", "meta_waterbeheerder": "HollandsNoorderkwartier", "meta_node_id": null, "meta_old_node_id": null, "meta_couple_authority": null }, "geometry": { "type": "Point", "coordinates": [ 106529.733312595300958, 513952.256599999964237 ] } },
{ "type": "Feature", "properties": { "node_id": 1558, "node_type": "Basin", "name": "2779", "subnetwork_id": null, "source_priority": null, "cyclic_time": false, "meta_categorie": "bergend", "meta_waterbeheerder": "HollandsNoorderkwartier", "meta_node_id": null, "meta_old_node_id": null, "meta_couple_authority": null }, "geometry": { "type": "Point", "coordinates": [ 106101.486585601902334, 531584.868500001728535 ] } },
{ "type": "Feature", "properties": { "node_id": 1559, "node_type": "Basin", "name": "04200", "subnetwork_id": null, "source_priority": null, "cyclic_time": false, "meta_categorie": "bergend", "meta_waterbeheerder": "HollandsNoorderkwartier", "meta_node_id": null, "meta_old_node_id": null, "meta_couple_authority": null }, "geometry": { "type": "Point", "coordinates": [ 111723.062475349724991, 512306.385999999940395 ] } },
{ "type": "Feature", "properties": { "node_id": 1560, "node_type": "Basin", "name": "03190", "subnetwork_id": null, "source_priority": null, "cyclic_time": false, "meta_categorie": "bergend", "meta_waterbeheerder": "HollandsNoorderkwartier", "meta_node_id": null, "meta_old_node_id": null, "meta_couple_authority": null }, "geometry": { "type": "Point", "coordinates": [ 123033.604800160828745, 529489.408549999818206 ] } },
{ "type": "Feature", "properties": { "node_id": 1561, "node_type": "Basin", "name": "04541", "subnetwork_id": null, "source_priority": null, "cyclic_time": false, "meta_categorie": "bergend", "meta_waterbeheerder": "HollandsNoorderkwartier", "meta_node_id": null, "meta_old_node_id": null, "meta_couple_authority": null }, "geometry": { "type": "Point", "coordinates": [ 105180.51741796186252, 500364.858999999240041 ] } },
{ "type": "Feature", "properties": { "node_id": 1562, "node_type": "Basin", "name": "2763", "subnetwork_id": null, "source_priority": null, "cyclic_time": false, "meta_categorie": "bergend", "meta_waterbeheerder": "HollandsNoorderkwartier", "meta_node_id": null, "meta_old_node_id": null, "meta_couple_authority": null }, "geometry": { "type": "Point", "coordinates": [ 111548.3670562938496, 533574.77559999935329 ] } },
{ "type": "Feature", "properties": { "node_id": 1563, "node_type": "Basin", "name": "5440", "subnetwork_id": null, "source_priority": null, "cyclic_time": false, "meta_categorie": "bergend", "meta_waterbeheerder": "HollandsNoorderkwartier", "meta_node_id": null, "meta_old_node_id": null, "meta_couple_authority": null }, "geometry": { "type": "Point", "coordinates": [ 128073.131756363145541, 488423.195000000298023 ] } },
{ "type": "Feature", "properties": { "node_id": 1564, "node_type": "Basin", "name": "03030", "subnetwork_id": null, "source_priority": null, "cyclic_time": false, "meta_categorie": "bergend", "meta_waterbeheerder": "HollandsNoorderkwartier", "meta_node_id": null, "meta_old_node_id": null, "meta_couple_authority": null }, "geometry": { "type": "Point", "coordinates": [ 119157.408296689638519, 534001.792999999597669 ] } },
{ "type": "Feature", "properties": { "node_id": 1565, "node_type": "Basin", "name": "9220", "subnetwork_id": null, "source_priority": null, "cyclic_time": false, "meta_categorie": "bergend", "meta_waterbeheerder": "HollandsNoorderkwartier", "meta_node_id": null, "meta_old_node_id": null, "meta_couple_authority": null }, "geometry": { "type": "Point", "coordinates": [ 102207.75197667327302, 500600.807450000196695 ] } },
{ "type": "Feature", "properties": { "node_id": 1566, "node_type": "Basin", "name": "5310", "subnetwork_id": null, "source_priority": null, "cyclic_time": false, "meta_categorie": "bergend", "meta_waterbeheerder": "HollandsNoorderkwartier", "meta_node_id": null, "meta_old_node_id": null, "meta_couple_authority": null }, "geometry": { "type": "Point", "coordinates": [ 120889.76088430712116, 500334.840250000357628 ] } },
{ "type": "Feature", "properties": { "node_id": 1567, "node_type": "Basin", "name": "8030", "subnetwork_id": null, "source_priority": null, "cyclic_time": false, "meta_categorie": "bergend", "meta_waterbeheerder": "HollandsNoorderkwartier", "meta_node_id": null, "meta_old_node_id": null, "meta_couple_authority": null }, "geometry": { "type": "Point", "coordinates": [ 115896.095487564685754, 567227.890500001609325 ] } },
{ "type": "Feature", "properties": { "node_id": 1568, "node_type": "Basin", "name": "2772", "subnetwork_id": null, "source_priority": null, "cyclic_time": false, "meta_categorie": "bergend", "meta_waterbeheerder": "HollandsNoorderkwartier", "meta_node_id": null, "meta_old_node_id": null, "meta_couple_authority": null }, "geometry": { "type": "Point", "coordinates": [ 114979.232672049693065, 537856.479950001463294 ] } },
{ "type": "Feature", "properties": { "node_id": 1569, "node_type": "Basin", "name": "2751", "subnetwork_id": null, "source_priority": null, "cyclic_time": false, "meta_categorie": "bergend", "meta_waterbeheerder": "HollandsNoorderkwartier", "meta_node_id": null, "meta_old_node_id": null, "meta_couple_authority": null }, "geometry": { "type": "Point", "coordinates": [ 110863.519266029878054, 538139.500099999830127 ] } },
{ "type": "Feature", "properties": { "node_id": 1570, "node_type": "Basin", "name": "6100", "subnetwork_id": null, "source_priority": null, "cyclic_time": false, "meta_categorie": "bergend", "meta_waterbeheerder": "HollandsNoorderkwartier", "meta_node_id": null, "meta_old_node_id": null, "meta_couple_authority": null }, "geometry": { "type": "Point", "coordinates": [ 136435.394124664162518, 516936.503499999642372 ] } },
{ "type": "Feature", "properties": { "node_id": 1571, "node_type": "Basin", "name": "04100", "subnetwork_id": null, "source_priority": null, "cyclic_time": false, "meta_categorie": "bergend", "meta_waterbeheerder": "HollandsNoorderkwartier", "meta_node_id": null, "meta_old_node_id": null, "meta_couple_authority": null }, "geometry": { "type": "Point", "coordinates": [ 106555.5663783607597, 517355.449049999937415 ] } },
{ "type": "Feature", "properties": { "node_id": 1572, "node_type": "Basin", "name": "2030", "subnetwork_id": null, "source_priority": null, "cyclic_time": false, "meta_categorie": "bergend", "meta_waterbeheerder": "HollandsNoorderkwartier", "meta_node_id": null, "meta_old_node_id": null, "meta_couple_authority": null }, "geometry": { "type": "Point", "coordinates": [ 109764.688539280105033, 539890.865500001236796 ] } },
{ "type": "Feature", "properties": { "node_id": 1573, "node_type": "Basin", "name": "7701", "subnetwork_id": null, "source_priority": null, "cyclic_time": false, "meta_categorie": "bergend", "meta_waterbeheerder": "HollandsNoorderkwartier", "meta_node_id": null, "meta_old_node_id": null, "meta_couple_authority": null }, "geometry": { "type": "Point", "coordinates": [ 125611.740628533400013, 543359.990249998867512 ] } },
{ "type": "Feature", "properties": { "node_id": 1574, "node_type": "Basin", "name": "5530", "subnetwork_id": null, "source_priority": null, "cyclic_time": false, "meta_categorie": "bergend", "meta_waterbeheerder": "HollandsNoorderkwartier", "meta_node_id": null, "meta_old_node_id": null, "meta_couple_authority": null }, "geometry": { "type": "Point", "coordinates": [ 129019.081729293437093, 497060.184599999338388 ] } },
{ "type": "Feature", "properties": { "node_id": 1575, "node_type": "Basin", "name": "5781", "subnetwork_id": null, "source_priority": null, "cyclic_time": false, "meta_categorie": "bergend", "meta_waterbeheerder": "HollandsNoorderkwartier", "meta_node_id": null, "meta_old_node_id": null, "meta_couple_authority": null }, "geometry": { "type": "Point", "coordinates": [ 131770.478183750761673, 499039.148049999028444 ] } },
{ "type": "Feature", "properties": { "node_id": 1576, "node_type": "Basin", "name": "03210", "subnetwork_id": null, "source_priority": null, "cyclic_time": false, "meta_categorie": "bergend", "meta_waterbeheerder": "HollandsNoorderkwartier", "meta_node_id": null, "meta_old_node_id": null, "meta_couple_authority": null }, "geometry": { "type": "Point", "coordinates": [ 121306.810762480716221, 525779.752049999311566 ] } },
{ "type": "Feature", "properties": { "node_id": 1577, "node_type": "Basin", "name": "03300", "subnetwork_id": null, "source_priority": null, "cyclic_time": false, "meta_categorie": "bergend", "meta_waterbeheerder": "HollandsNoorderkwartier", "meta_node_id": null, "meta_old_node_id": null, "meta_couple_authority": null }, "geometry": { "type": "Point", "coordinates": [ 108509.832317229011096, 526950.737099999561906 ] } },
{ "type": "Feature", "properties": { "node_id": 1578, "node_type": "Basin", "name": "6200", "subnetwork_id": null, "source_priority": null, "cyclic_time": false, "meta_categorie": "bergend", "meta_waterbeheerder": "HollandsNoorderkwartier", "meta_node_id": null, "meta_old_node_id": null, "meta_couple_authority": null }, "geometry": { "type": "Point", "coordinates": [ 120688.197278908686712, 518675.555499998852611 ] } },
{ "type": "Feature", "properties": { "node_id": 1579, "node_type": "Basin", "name": "5741", "subnetwork_id": null, "source_priority": null, "cyclic_time": false, "meta_categorie": "bergend", "meta_waterbeheerder": "HollandsNoorderkwartier", "meta_node_id": null, "meta_old_node_id": null, "meta_couple_authority": null }, "geometry": { "type": "Point", "coordinates": [ 126830.579145000170683, 503720.815199999138713 ] } },
{ "type": "Feature", "properties": { "node_id": 1580, "node_type": "Basin", "name": "04250", "subnetwork_id": null, "source_priority": null, "cyclic_time": false, "meta_categorie": "bergend", "meta_waterbeheerder": "HollandsNoorderkwartier", "meta_node_id": null, "meta_old_node_id": null, "meta_couple_authority": null }, "geometry": { "type": "Point", "coordinates": [ 110774.722884753442486, 508700.37360000051558 ] } },
{ "type": "Feature", "properties": { "node_id": 1581, "node_type": "Basin", "name": "5180", "subnetwork_id": null, "source_priority": null, "cyclic_time": false, "meta_categorie": "bergend", "meta_waterbeheerder": "HollandsNoorderkwartier", "meta_node_id": null, "meta_old_node_id": null, "meta_couple_authority": null }, "geometry": { "type": "Point", "coordinates": [ 124715.702908686798764, 490673.960750000551343 ] } },
{ "type": "Feature", "properties": { "node_id": 1582, "node_type": "Basin", "name": "04390", "subnetwork_id": null, "source_priority": null, "cyclic_time": false, "meta_categorie": "bergend", "meta_waterbeheerder": "HollandsNoorderkwartier", "meta_node_id": null, "meta_old_node_id": null, "meta_couple_authority": null }, "geometry": { "type": "Point", "coordinates": [ 113903.544609402102651, 503259.522099999710917 ] } },
{ "type": "Feature", "properties": { "node_id": 1583, "node_type": "Basin", "name": "7702", "subnetwork_id": null, "source_priority": null, "cyclic_time": false, "meta_categorie": "bergend", "meta_waterbeheerder": "HollandsNoorderkwartier", "meta_node_id": null, "meta_old_node_id": null, "meta_couple_authority": null }, "geometry": { "type": "Point", "coordinates": [ 126092.278088033141103, 534642.431450000032783 ] } },
{ "type": "Feature", "properties": { "node_id": 1584, "node_type": "Basin", "name": "", "subnetwork_id": null, "source_priority": null, "cyclic_time": false, "meta_categorie": "bergend", "meta_waterbeheerder": "HollandsNoorderkwartier", "meta_node_id": null, "meta_old_node_id": null, "meta_couple_authority": null }, "geometry": { "type": "Point", "coordinates": [ 122458.061866357238614, 491302.378399999812245 ] } },
{ "type": "Feature", "properties": { "node_id": 1585, "node_type": "Basin", "name": "2764", "subnetwork_id": null, "source_priority": null, "cyclic_time": false, "meta_categorie": "bergend", "meta_waterbeheerder": "HollandsNoorderkwartier", "meta_node_id": null, "meta_old_node_id": null, "meta_couple_authority": null }, "geometry": { "type": "Point", "coordinates": [ 110587.939127898571314, 534372.73505000025034 ] } },
{ "type": "Feature", "properties": { "node_id": 1586, "node_type": "Basin", "name": "03240", "subnetwork_id": null, "source_priority": null, "cyclic_time": false, "meta_categorie": "bergend", "meta_waterbeheerder": "HollandsNoorderkwartier", "meta_node_id": null, "meta_old_node_id": null, "meta_couple_authority": null }, "geometry": { "type": "Point", "coordinates": [ 112587.176834037702065, 523699.853999998420477 ] } },
{ "type": "Feature", "properties": { "node_id": 1587, "node_type": "Basin", "name": "5330", "subnetwork_id": null, "source_priority": null, "cyclic_time": false, "meta_categorie": "bergend", "meta_waterbeheerder": "HollandsNoorderkwartier", "meta_node_id": null, "meta_old_node_id": null, "meta_couple_authority": null }, "geometry": { "type": "Point", "coordinates": [ 118410.395234492490999, 495802.546550000086427 ] } },
{ "type": "Feature", "properties": { "node_id": 1588, "node_type": "Basin", "name": "04060", "subnetwork_id": null, "source_priority": null, "cyclic_time": false, "meta_categorie": "bergend", "meta_waterbeheerder": "HollandsNoorderkwartier", "meta_node_id": null, "meta_old_node_id": null, "meta_couple_authority": null }, "geometry": { "type": "Point", "coordinates": [ 108895.699188161845086, 521318.04615000076592 ] } },
{ "type": "Feature", "properties": { "node_id": 1589, "node_type": "Basin", "name": "5240", "subnetwork_id": null, "source_priority": null, "cyclic_time": false, "meta_categorie": "bergend", "meta_waterbeheerder": "HollandsNoorderkwartier", "meta_node_id": null, "meta_old_node_id": null, "meta_couple_authority": null }, "geometry": { "type": "Point", "coordinates": [ 130682.181304851648747, 490812.541600000113249 ] } },
{ "type": "Feature", "properties": { "node_id": 1590, "node_type": "Basin", "name": "5220", "subnetwork_id": null, "source_priority": null, "cyclic_time": false, "meta_categorie": "bergend", "meta_waterbeheerder": "HollandsNoorderkwartier", "meta_node_id": null, "meta_old_node_id": null, "meta_couple_authority": null }, "geometry": { "type": "Point", "coordinates": [ 126845.609728527371772, 493094.880139900720678 ] } },
{ "type": "Feature", "properties": { "node_id": 1591, "node_type": "Basin", "name": "6240", "subnetwork_id": null, "source_priority": null, "cyclic_time": false, "meta_categorie": "bergend", "meta_waterbeheerder": "HollandsNoorderkwartier", "meta_node_id": null, "meta_old_node_id": null, "meta_couple_authority": null }, "geometry": { "type": "Point", "coordinates": [ 123272.296485438157106, 524267.491949999704957 ] } },
{ "type": "Feature", "properties": { "node_id": 1592, "node_type": "Basin", "name": "5600", "subnetwork_id": null, "source_priority": null, "cyclic_time": false, "meta_categorie": "bergend", "meta_waterbeheerder": "HollandsNoorderkwartier", "meta_node_id": null, "meta_old_node_id": null, "meta_couple_authority": null }, "geometry": { "type": "Point", "coordinates": [ 127421.37025188919506, 494318.151500001549721 ] } },
{ "type": "Feature", "properties": { "node_id": 1593, "node_type": "Basin", "name": "5610", "subnetwork_id": null, "source_priority": null, "cyclic_time": false, "meta_categorie": "bergend", "meta_waterbeheerder": "HollandsNoorderkwartier", "meta_node_id": null, "meta_old_node_id": null, "meta_couple_authority": null }, "geometry": { "type": "Point", "coordinates": [ 131182.758220218151109, 494381.703499998897314 ] } },
{ "type": "Feature", "properties": { "node_id": 1594, "node_type": "Basin", "name": "04470", "subnetwork_id": null, "source_priority": null, "cyclic_time": false, "meta_categorie": "bergend", "meta_waterbeheerder": "HollandsNoorderkwartier", "meta_node_id": null, "meta_old_node_id": null, "meta_couple_authority": null }, "geometry": { "type": "Point", "coordinates": [ 117081.893463541011442, 506406.323499999940395 ] } },
{ "type": "Feature", "properties": { "node_id": 1595, "node_type": "Basin", "name": "5080", "subnetwork_id": null, "source_priority": null, "cyclic_time": false, "meta_categorie": "bergend", "meta_waterbeheerder": "HollandsNoorderkwartier", "meta_node_id": null, "meta_old_node_id": null, "meta_couple_authority": null }, "geometry": { "type": "Point", "coordinates": [ 130112.879634060605895, 511801.379999998956919 ] } },
{ "type": "Feature", "properties": { "node_id": 1596, "node_type": "Basin", "name": "04590", "subnetwork_id": null, "source_priority": null, "cyclic_time": false, "meta_categorie": "bergend", "meta_waterbeheerder": "HollandsNoorderkwartier", "meta_node_id": null, "meta_old_node_id": null, "meta_couple_authority": null }, "geometry": { "type": "Point", "coordinates": [ 112615.750549319156562, 494139.08049999922514 ] } },
{ "type": "Feature", "properties": { "node_id": 1597, "node_type": "Basin", "name": "03110", "subnetwork_id": null, "source_priority": null, "cyclic_time": false, "meta_categorie": "bergend", "meta_waterbeheerder": "HollandsNoorderkwartier", "meta_node_id": null, "meta_old_node_id": null, "meta_couple_authority": null }, "geometry": { "type": "Point", "coordinates": [ 115436.016429824318038, 527201.157499998807907 ] } },
{ "type": "Feature", "properties": { "node_id": 1598, "node_type": "Basin", "name": "04752", "subnetwork_id": null, "source_priority": null, "cyclic_time": false, "meta_categorie": "bergend", "meta_waterbeheerder": "HollandsNoorderkwartier", "meta_node_id": null, "meta_old_node_id": null, "meta_couple_authority": null }, "geometry": { "type": "Point", "coordinates": [ 111531.010693338699639, 496821.86629999987781 ] } },
{ "type": "Feature", "properties": { "node_id": 1599, "node_type": "Basin", "name": "9430", "subnetwork_id": null, "source_priority": null, "cyclic_time": false, "meta_categorie": "bergend", "meta_waterbeheerder": "HollandsNoorderkwartier", "meta_node_id": null, "meta_old_node_id": null, "meta_couple_authority": null }, "geometry": { "type": "Point", "coordinates": [ 107714.661767881625565, 520122.691250000149012 ] } },
{ "type": "Feature", "properties": { "node_id": 1600, "node_type": "Basin", "name": "5490", "subnetwork_id": null, "source_priority": null, "cyclic_time": false, "meta_categorie": "bergend", "meta_waterbeheerder": "HollandsNoorderkwartier", "meta_node_id": null, "meta_old_node_id": null, "meta_couple_authority": null }, "geometry": { "type": "Point", "coordinates": [ 127107.205727533029858, 489504.595049999654293 ] } },
{ "type": "Feature", "properties": { "node_id": 1601, "node_type": "Basin", "name": "5260", "subnetwork_id": null, "source_priority": null, "cyclic_time": false, "meta_categorie": "bergend", "meta_waterbeheerder": "HollandsNoorderkwartier", "meta_node_id": null, "meta_old_node_id": null, "meta_couple_authority": null }, "geometry": { "type": "Point", "coordinates": [ 129056.957466355408542, 487774.564999999478459 ] } },
{ "type": "Feature", "properties": { "node_id": 1602, "node_type": "Basin", "name": "5480", "subnetwork_id": null, "source_priority": null, "cyclic_time": false, "meta_categorie": "bergend", "meta_waterbeheerder": "HollandsNoorderkwartier", "meta_node_id": null, "meta_old_node_id": null, "meta_couple_authority": null }, "geometry": { "type": "Point", "coordinates": [ 123152.184825535587152, 490566.203999999910593 ] } },
{ "type": "Feature", "properties": { "node_id": 1603, "node_type": "Basin", "name": "6180", "subnetwork_id": null, "source_priority": null, "cyclic_time": false, "meta_categorie": "bergend", "meta_waterbeheerder": "HollandsNoorderkwartier", "meta_node_id": null, "meta_old_node_id": null, "meta_couple_authority": null }, "geometry": { "type": "Point", "coordinates": [ 122656.406501190329436, 516470.389549998566508 ] } },
{ "type": "Feature", "properties": { "node_id": 1604, "node_type": "Basin", "name": "04420", "subnetwork_id": null, "source_priority": null, "cyclic_time": false, "meta_categorie": "bergend", "meta_waterbeheerder": "HollandsNoorderkwartier", "meta_node_id": null, "meta_old_node_id": null, "meta_couple_authority": null }, "geometry": { "type": "Point", "coordinates": [ 112902.692387027462246, 506427.86009999923408 ] } },
{ "type": "Feature", "properties": { "node_id": 1605, "node_type": "Basin", "name": "5390", "subnetwork_id": null, "source_priority": null, "cyclic_time": false, "meta_categorie": "bergend", "meta_waterbeheerder": "HollandsNoorderkwartier", "meta_node_id": null, "meta_old_node_id": null, "meta_couple_authority": null }, "geometry": { "type": "Point", "coordinates": [ 122110.747252855275292, 491988.040999999269843 ] } },
{ "type": "Feature", "properties": { "node_id": 1606, "node_type": "Basin", "name": "2781", "subnetwork_id": null, "source_priority": null, "cyclic_time": false, "meta_categorie": "bergend", "meta_waterbeheerder": "HollandsNoorderkwartier", "meta_node_id": null, "meta_old_node_id": null, "meta_couple_authority": null }, "geometry": { "type": "Point", "coordinates": [ 109781.2243765660387, 530128.899050001055002 ] } },
{ "type": "Feature", "properties": { "node_id": 1607, "node_type": "Basin", "name": "04290", "subnetwork_id": null, "source_priority": null, "cyclic_time": false, "meta_categorie": "bergend", "meta_waterbeheerder": "HollandsNoorderkwartier", "meta_node_id": null, "meta_old_node_id": null, "meta_couple_authority": null }, "geometry": { "type": "Point", "coordinates": [ 107111.437595538314781, 506494.822499999776483 ] } },
{ "type": "Feature", "properties": { "node_id": 1608, "node_type": "Basin", "name": "2757", "subnetwork_id": null, "source_priority": null, "cyclic_time": false, "meta_categorie": "bergend", "meta_waterbeheerder": "HollandsNoorderkwartier", "meta_node_id": null, "meta_old_node_id": null, "meta_couple_authority": null }, "geometry": { "type": "Point", "coordinates": [ 108078.370635303930612, 528707.595000000670552 ] } },
{ "type": "Feature", "properties": { "node_id": 1609, "node_type": "Basin", "name": "03763", "subnetwork_id": null, "source_priority": null, "cyclic_time": false, "meta_categorie": "bergend", "meta_waterbeheerder": "HollandsNoorderkwartier", "meta_node_id": null, "meta_old_node_id": null, "meta_couple_authority": null }, "geometry": { "type": "Point", "coordinates": [ 109369.142114982649218, 525484.879499999806285 ] } },
{ "type": "Feature", "properties": { "node_id": 1610, "node_type": "Basin", "name": "5560", "subnetwork_id": null, "source_priority": null, "cyclic_time": false, "meta_categorie": "bergend", "meta_waterbeheerder": "HollandsNoorderkwartier", "meta_node_id": null, "meta_old_node_id": null, "meta_couple_authority": null }, "geometry": { "type": "Point", "coordinates": [ 129056.548039247165434, 490378.422900000587106 ] } },
{ "type": "Feature", "properties": { "node_id": 1611, "node_type": "Basin", "name": "5842", "subnetwork_id": null, "source_priority": null, "cyclic_time": false, "meta_categorie": "bergend", "meta_waterbeheerder": "HollandsNoorderkwartier", "meta_node_id": null, "meta_old_node_id": null, "meta_couple_authority": null }, "geometry": { "type": "Point", "coordinates": [ 122737.840454101853538, 498587.673000000417233 ] } },
{ "type": "Feature", "properties": { "node_id": 1612, "node_type": "Basin", "name": "04310", "subnetwork_id": null, "source_priority": null, "cyclic_time": false, "meta_categorie": "bergend", "meta_waterbeheerder": "HollandsNoorderkwartier", "meta_node_id": null, "meta_old_node_id": null, "meta_couple_authority": null }, "geometry": { "type": "Point", "coordinates": [ 108261.873621639650082, 502303.145800000056624 ] } },
{ "type": "Feature", "properties": { "node_id": 1613, "node_type": "Basin", "name": "03090", "subnetwork_id": null, "source_priority": null, "cyclic_time": false, "meta_categorie": "bergend", "meta_waterbeheerder": "HollandsNoorderkwartier", "meta_node_id": null, "meta_old_node_id": null, "meta_couple_authority": null }, "geometry": { "type": "Point", "coordinates": [ 115079.425387631927151, 530545.182049999013543 ] } },
{ "type": "Feature", "properties": { "node_id": 1614, "node_type": "Basin", "name": "04160", "subnetwork_id": null, "source_priority": null, "cyclic_time": false, "meta_categorie": "bergend", "meta_waterbeheerder": "HollandsNoorderkwartier", "meta_node_id": null, "meta_old_node_id": null, "meta_couple_authority": null }, "geometry": { "type": "Point", "coordinates": [ 107704.353409621864557, 513328.024000000208616 ] } },
{ "type": "Feature", "properties": { "node_id": 1615, "node_type": "Basin", "name": "03751", "subnetwork_id": null, "source_priority": null, "cyclic_time": false, "meta_categorie": "bergend", "meta_waterbeheerder": "HollandsNoorderkwartier", "meta_node_id": null, "meta_old_node_id": null, "meta_couple_authority": null }, "geometry": { "type": "Point", "coordinates": [ 113178.964314941404155, 522426.340500000864267 ] } },
{ "type": "Feature", "properties": { "node_id": 1616, "node_type": "Basin", "name": "8010", "subnetwork_id": null, "source_priority": null, "cyclic_time": false, "meta_categorie": "bergend", "meta_waterbeheerder": "HollandsNoorderkwartier", "meta_node_id": null, "meta_old_node_id": null, "meta_couple_authority": null }, "geometry": { "type": "Point", "coordinates": [ 113696.268494447445846, 559003.56900000013411 ] } },
{ "type": "Feature", "properties": { "node_id": 1617, "node_type": "Basin", "name": "2110", "subnetwork_id": null, "source_priority": null, "cyclic_time": false, "meta_categorie": "bergend", "meta_waterbeheerder": "HollandsNoorderkwartier", "meta_node_id": null, "meta_old_node_id": null, "meta_couple_authority": null }, "geometry": { "type": "Point", "coordinates": [ 121849.737951314120437, 533715.86600000038743 ] } },
{ "type": "Feature", "properties": { "node_id": 1619, "node_type": "Basin", "name": "04520", "subnetwork_id": null, "source_priority": null, "cyclic_time": false, "meta_categorie": "bergend", "meta_waterbeheerder": "HollandsNoorderkwartier", "meta_node_id": null, "meta_old_node_id": null, "meta_couple_authority": null }, "geometry": { "type": "Point", "coordinates": [ 123049.300712595315417, 513992.270649999380112 ] } },
{ "type": "Feature", "properties": { "node_id": 1620, "node_type": "Basin", "name": "04340", "subnetwork_id": null, "source_priority": null, "cyclic_time": false, "meta_categorie": "bergend", "meta_waterbeheerder": "HollandsNoorderkwartier", "meta_node_id": null, "meta_old_node_id": null, "meta_couple_authority": null }, "geometry": { "type": "Point", "coordinates": [ 107458.539663556992309, 497121.007000001147389 ] } },
{ "type": "Feature", "properties": { "node_id": 1621, "node_type": "Basin", "name": "2768", "subnetwork_id": null, "source_priority": null, "cyclic_time": false, "meta_categorie": "bergend", "meta_waterbeheerder": "HollandsNoorderkwartier", "meta_node_id": null, "meta_old_node_id": null, "meta_couple_authority": null }, "geometry": { "type": "Point", "coordinates": [ 113473.595483397250064, 536431.635000001639128 ] } },
{ "type": "Feature", "properties": { "node_id": 1622, "node_type": "Basin", "name": "5821", "subnetwork_id": null, "source_priority": null, "cyclic_time": false, "meta_categorie": "bergend", "meta_waterbeheerder": "HollandsNoorderkwartier", "meta_node_id": null, "meta_old_node_id": null, "meta_couple_authority": null }, "geometry": { "type": "Point", "coordinates": [ 129067.671352630626643, 494153.795049998909235 ] } },
{ "type": "Feature", "properties": { "node_id": 1623, "node_type": "Basin", "name": "03764", "subnetwork_id": null, "source_priority": null, "cyclic_time": false, "meta_categorie": "bergend", "meta_waterbeheerder": "HollandsNoorderkwartier", "meta_node_id": null, "meta_old_node_id": null, "meta_couple_authority": null }, "geometry": { "type": "Point", "coordinates": [ 111985.074668794797617, 517170.761749999597669 ] } },
{ "type": "Feature", "properties": { "node_id": 1624, "node_type": "Basin", "name": "6230", "subnetwork_id": null, "source_priority": null, "cyclic_time": false, "meta_categorie": "bergend", "meta_waterbeheerder": "HollandsNoorderkwartier", "meta_node_id": null, "meta_old_node_id": null, "meta_couple_authority": null }, "geometry": { "type": "Point", "coordinates": [ 123729.818055252893828, 522329.733500000089407 ] } },
{ "type": "Feature", "properties": { "node_id": 1625, "node_type": "Basin", "name": "2854", "subnetwork_id": null, "source_priority": null, "cyclic_time": false, "meta_categorie": "bergend", "meta_waterbeheerder": "HollandsNoorderkwartier", "meta_node_id": null, "meta_old_node_id": null, "meta_couple_authority": null }, "geometry": { "type": "Point", "coordinates": [ 129726.263277536054375, 547160.365000000223517 ] } },
{ "type": "Feature", "properties": { "node_id": 1627, "node_type": "Basin", "name": "5580", "subnetwork_id": null, "source_priority": null, "cyclic_time": false, "meta_categorie": "bergend", "meta_waterbeheerder": "HollandsNoorderkwartier", "meta_node_id": null, "meta_old_node_id": null, "meta_couple_authority": null }, "geometry": { "type": "Point", "coordinates": [ 122130.691947801009519, 492883.930650001391768 ] } },
{ "type": "Feature", "properties": { "node_id": 1629, "node_type": "Basin", "name": "5841", "subnetwork_id": null, "source_priority": null, "cyclic_time": false, "meta_categorie": "bergend", "meta_waterbeheerder": "HollandsNoorderkwartier", "meta_node_id": null, "meta_old_node_id": null, "meta_couple_authority": null }, "geometry": { "type": "Point", "coordinates": [ 124118.718620595012908, 499960.400149999186397 ] } },
{ "type": "Feature", "properties": { "node_id": 1630, "node_type": "Basin", "name": "04802", "subnetwork_id": null, "source_priority": null, "cyclic_time": false, "meta_categorie": "bergend", "meta_waterbeheerder": "HollandsNoorderkwartier", "meta_node_id": null, "meta_old_node_id": null, "meta_couple_authority": null }, "geometry": { "type": "Point", "coordinates": [ 116310.805883171036839, 508026.674850000068545 ] } },
{ "type": "Feature", "properties": { "node_id": 1631, "node_type": "Basin", "name": "04853", "subnetwork_id": null, "source_priority": null, "cyclic_time": false, "meta_categorie": "bergend", "meta_waterbeheerder": "HollandsNoorderkwartier", "meta_node_id": null, "meta_old_node_id": null, "meta_couple_authority": null }, "geometry": { "type": "Point", "coordinates": [ 115115.886996551707853, 511501.846099998801947 ] } },
{ "type": "Feature", "properties": { "node_id": 1632, "node_type": "Basin", "name": "03701", "subnetwork_id": null, "source_priority": null, "cyclic_time": false, "meta_categorie": "bergend", "meta_waterbeheerder": "HollandsNoorderkwartier", "meta_node_id": null, "meta_old_node_id": null, "meta_couple_authority": null }, "geometry": { "type": "Point", "coordinates": [ 116607.33375343165244, 534407.485999999567866 ] } },
{ "type": "Feature", "properties": { "node_id": 1633, "node_type": "Basin", "name": "04270", "subnetwork_id": null, "source_priority": null, "cyclic_time": false, "meta_categorie": "bergend", "meta_waterbeheerder": "HollandsNoorderkwartier", "meta_node_id": null, "meta_old_node_id": null, "meta_couple_authority": null }, "geometry": { "type": "Point", "coordinates": [ 111228.452830052672653, 506956.403200000524521 ] } },
{ "type": "Feature", "properties": { "node_id": 1634, "node_type": "Basin", "name": "5210", "subnetwork_id": null, "source_priority": null, "cyclic_time": false, "meta_categorie": "bergend", "meta_waterbeheerder": "HollandsNoorderkwartier", "meta_node_id": null, "meta_old_node_id": null, "meta_couple_authority": null }, "geometry": { "type": "Point", "coordinates": [ 127348.038017611936084, 495182.217550000175834 ] } },
{ "type": "Feature", "properties": { "node_id": 1635, "node_type": "Basin", "name": "5050", "subnetwork_id": null, "source_priority": null, "cyclic_time": false, "meta_categorie": "bergend", "meta_waterbeheerder": "HollandsNoorderkwartier", "meta_node_id": null, "meta_old_node_id": null, "meta_couple_authority": null }, "geometry": { "type": "Point", "coordinates": [ 128373.552067276817979, 510814.420150000602007 ] } },
{ "type": "Feature", "properties": { "node_id": 1636, "node_type": "Basin", "name": "5721", "subnetwork_id": null, "source_priority": null, "cyclic_time": false, "meta_categorie": "bergend", "meta_waterbeheerder": "HollandsNoorderkwartier", "meta_node_id": null, "meta_old_node_id": null, "meta_couple_authority": null }, "geometry": { "type": "Point", "coordinates": [ 125738.040222182971775, 501363.020150000229478 ] } },
{ "type": "Feature", "properties": { "node_id": 1638, "node_type": "Basin", "name": "04953", "subnetwork_id": null, "source_priority": null, "cyclic_time": false, "meta_categorie": "bergend", "meta_waterbeheerder": "HollandsNoorderkwartier", "meta_node_id": null, "meta_old_node_id": null, "meta_couple_authority": null }, "geometry": { "type": "Point", "coordinates": [ 111292.068664741702378, 517614.030350001528859 ] } },
{ "type": "Feature", "properties": { "node_id": 1640, "node_type": "Basin", "name": "5160", "subnetwork_id": null, "source_priority": null, "cyclic_time": false, "meta_categorie": "bergend", "meta_waterbeheerder": "HollandsNoorderkwartier", "meta_node_id": null, "meta_old_node_id": null, "meta_couple_authority": null }, "geometry": { "type": "Point", "coordinates": [ 136474.111605905636679, 496738.50620000064373 ] } },
{ "type": "Feature", "properties": { "node_id": 1641, "node_type": "Basin", "name": "6753", "subnetwork_id": null, "source_priority": null, "cyclic_time": false, "meta_categorie": "bergend", "meta_waterbeheerder": "HollandsNoorderkwartier", "meta_node_id": null, "meta_old_node_id": null, "meta_couple_authority": null }, "geometry": { "type": "Point", "coordinates": [ 124615.378022915741894, 529417.774100000038743 ] } },
{ "type": "Feature", "properties": { "node_id": 1642, "node_type": "Basin", "name": "5200", "subnetwork_id": null, "source_priority": null, "cyclic_time": false, "meta_categorie": "bergend", "meta_waterbeheerder": "HollandsNoorderkwartier", "meta_node_id": null, "meta_old_node_id": null, "meta_couple_authority": null }, "geometry": { "type": "Point", "coordinates": [ 129971.088044734424329, 496325.657449999824166 ] } },
{ "type": "Feature", "properties": { "node_id": 1643, "node_type": "Basin", "name": "04280", "subnetwork_id": null, "source_priority": null, "cyclic_time": false, "meta_categorie": "bergend", "meta_waterbeheerder": "HollandsNoorderkwartier", "meta_node_id": null, "meta_old_node_id": null, "meta_couple_authority": null }, "geometry": { "type": "Point", "coordinates": [ 110266.147592413122766, 506136.219550000503659 ] } },
{ "type": "Feature", "properties": { "node_id": 1644, "node_type": "Basin", "name": "2851", "subnetwork_id": null, "source_priority": null, "cyclic_time": false, "meta_categorie": "bergend", "meta_waterbeheerder": "HollandsNoorderkwartier", "meta_node_id": null, "meta_old_node_id": null, "meta_couple_authority": null }, "geometry": { "type": "Point", "coordinates": [ 123846.348900866694748, 544677.405000001192093 ] } },
{ "type": "Feature", "properties": { "node_id": 1645, "node_type": "Basin", "name": "03340", "subnetwork_id": null, "source_priority": null, "cyclic_time": false, "meta_categorie": "bergend", "meta_waterbeheerder": "HollandsNoorderkwartier", "meta_node_id": null, "meta_old_node_id": null, "meta_couple_authority": null }, "geometry": { "type": "Point", "coordinates": [ 115932.500080236262875, 525240.304099999368191 ] } },
{ "type": "Feature", "properties": { "node_id": 1646, "node_type": "Basin", "name": "5762", "subnetwork_id": null, "source_priority": null, "cyclic_time": false, "meta_categorie": "bergend", "meta_waterbeheerder": "HollandsNoorderkwartier", "meta_node_id": null, "meta_old_node_id": null, "meta_couple_authority": null }, "geometry": { "type": "Point", "coordinates": [ 133583.489898428728338, 501158.505999999120831 ] } },
{ "type": "Feature", "properties": { "node_id": 1647, "node_type": "Basin", "name": "03100", "subnetwork_id": null, "source_priority": null, "cyclic_time": false, "meta_categorie": "bergend", "meta_waterbeheerder": "HollandsNoorderkwartier", "meta_node_id": null, "meta_old_node_id": null, "meta_couple_authority": null }, "geometry": { "type": "Point", "coordinates": [ 114407.916324250836624, 527654.587000001221895 ] } },
{ "type": "Feature", "properties": { "node_id": 1648, "node_type": "Basin", "name": "7704", "subnetwork_id": null, "source_priority": null, "cyclic_time": false, "meta_categorie": "bergend", "meta_waterbeheerder": "HollandsNoorderkwartier", "meta_node_id": null, "meta_old_node_id": null, "meta_couple_authority": null }, "geometry": { "type": "Point", "coordinates": [ 133726.033477705786936, 536423.370999999344349 ] } },
{ "type": "Feature", "properties": { "node_id": 1649, "node_type": "Basin", "name": "2080", "subnetwork_id": null, "source_priority": null, "cyclic_time": false, "meta_categorie": "bergend", "meta_waterbeheerder": "HollandsNoorderkwartier", "meta_node_id": null, "meta_old_node_id": null, "meta_couple_authority": null }, "geometry": { "type": "Point", "coordinates": [ 119928.133572970284149, 536920.239349998533726 ] } },
{ "type": "Feature", "properties": { "node_id": 1651, "node_type": "Basin", "name": "5150", "subnetwork_id": null, "source_priority": null, "cyclic_time": false, "meta_categorie": "bergend", "meta_waterbeheerder": "HollandsNoorderkwartier", "meta_node_id": null, "meta_old_node_id": null, "meta_couple_authority": null }, "geometry": { "type": "Point", "coordinates": [ 131991.04659892161726, 496794.398150000721216 ] } },
{ "type": "Feature", "properties": { "node_id": 1652, "node_type": "Basin", "name": "2765", "subnetwork_id": null, "source_priority": null, "cyclic_time": false, "meta_categorie": "bergend", "meta_waterbeheerder": "HollandsNoorderkwartier", "meta_node_id": null, "meta_old_node_id": null, "meta_couple_authority": null }, "geometry": { "type": "Point", "coordinates": [ 112335.780781878565904, 535659.880149999633431 ] } },
{ "type": "Feature", "properties": { "node_id": 1653, "node_type": "Basin", "name": "03765", "subnetwork_id": null, "source_priority": null, "cyclic_time": false, "meta_categorie": "bergend", "meta_waterbeheerder": "HollandsNoorderkwartier", "meta_node_id": null, "meta_old_node_id": null, "meta_couple_authority": null }, "geometry": { "type": "Point", "coordinates": [ 113081.373704453959363, 516205.433650000020862 ] } },
{ "type": "Feature", "properties": { "node_id": 1655, "node_type": "Basin", "name": "03070", "subnetwork_id": null, "source_priority": null, "cyclic_time": false, "meta_categorie": "bergend", "meta_waterbeheerder": "HollandsNoorderkwartier", "meta_node_id": null, "meta_old_node_id": null, "meta_couple_authority": null }, "geometry": { "type": "Point", "coordinates": [ 120568.262037397333188, 532122.137500001117587 ] } },
{ "type": "Feature", "properties": { "node_id": 1656, "node_type": "Basin", "name": "5030", "subnetwork_id": null, "source_priority": null, "cyclic_time": false, "meta_categorie": "bergend", "meta_waterbeheerder": "HollandsNoorderkwartier", "meta_node_id": null, "meta_old_node_id": null, "meta_couple_authority": null }, "geometry": { "type": "Point", "coordinates": [ 130422.404000699956669, 511001.080000000074506 ] } },
{ "type": "Feature", "properties": { "node_id": 1657, "node_type": "Basin", "name": "04580", "subnetwork_id": null, "source_priority": null, "cyclic_time": false, "meta_categorie": "bergend", "meta_waterbeheerder": "HollandsNoorderkwartier", "meta_node_id": null, "meta_old_node_id": null, "meta_couple_authority": null }, "geometry": { "type": "Point", "coordinates": [ 111104.583016654098174, 494453.728999998420477 ] } },
{ "type": "Feature", "properties": { "node_id": 1658, "node_type": "Basin", "name": "2120", "subnetwork_id": null, "source_priority": null, "cyclic_time": false, "meta_categorie": "bergend", "meta_waterbeheerder": "HollandsNoorderkwartier", "meta_node_id": null, "meta_old_node_id": null, "meta_couple_authority": null }, "geometry": { "type": "Point", "coordinates": [ 115906.270059174130438, 538810.02449999935925 ] } },
{ "type": "Feature", "properties": { "node_id": 1659, "node_type": "Basin", "name": "5822", "subnetwork_id": null, "source_priority": null, "cyclic_time": false, "meta_categorie": "bergend", "meta_waterbeheerder": "HollandsNoorderkwartier", "meta_node_id": null, "meta_old_node_id": null, "meta_couple_authority": null }, "geometry": { "type": "Point", "coordinates": [ 130095.446900745591847, 493749.944500001147389 ] } },
{ "type": "Feature", "properties": { "node_id": 1660, "node_type": "Basin", "name": "2100", "subnetwork_id": null, "source_priority": null, "cyclic_time": false, "meta_categorie": "bergend", "meta_waterbeheerder": "HollandsNoorderkwartier", "meta_node_id": null, "meta_old_node_id": null, "meta_couple_authority": null }, "geometry": { "type": "Point", "coordinates": [ 123398.009235637335223, 531692.298049999400973 ] } },
{ "type": "Feature", "properties": { "node_id": 1661, "node_type": "Basin", "name": "5250", "subnetwork_id": null, "source_priority": null, "cyclic_time": false, "meta_categorie": "bergend", "meta_waterbeheerder": "HollandsNoorderkwartier", "meta_node_id": null, "meta_old_node_id": null, "meta_couple_authority": null }, "geometry": { "type": "Point", "coordinates": [ 134106.493586950062308, 494042.531050000339746 ] } },
{ "type": "Feature", "properties": { "node_id": 1662, "node_type": "Basin", "name": "03703", "subnetwork_id": null, "source_priority": null, "cyclic_time": false, "meta_categorie": "bergend", "meta_waterbeheerder": "HollandsNoorderkwartier", "meta_node_id": null, "meta_old_node_id": null, "meta_couple_authority": null }, "geometry": { "type": "Point", "coordinates": [ 118144.870846359001007, 535046.514000000432134 ] } },
{ "type": "Feature", "properties": { "node_id": 1664, "node_type": "Basin", "name": "5320", "subnetwork_id": null, "source_priority": null, "cyclic_time": false, "meta_categorie": "bergend", "meta_waterbeheerder": "HollandsNoorderkwartier", "meta_node_id": null, "meta_old_node_id": null, "meta_couple_authority": null }, "geometry": { "type": "Point", "coordinates": [ 124538.217433275305666, 502701.213250000029802 ] } },
{ "type": "Feature", "properties": { "node_id": 1668, "node_type": "Basin", "name": "6080", "subnetwork_id": null, "source_priority": null, "cyclic_time": false, "meta_categorie": "bergend", "meta_waterbeheerder": "HollandsNoorderkwartier", "meta_node_id": null, "meta_old_node_id": null, "meta_couple_authority": null }, "geometry": { "type": "Point", "coordinates": [ 140435.532554774545133, 527747.8260000012815 ] } },
{ "type": "Feature", "properties": { "node_id": 3106, "node_type": "ManningResistance", "name": "", "subnetwork_id": null, "source_priority": null, "cyclic_time": false, "meta_categorie": null, "meta_waterbeheerder": null, "meta_node_id": 3106.0, "meta_old_node_id": null, "meta_couple_authority": null }, "geometry": { "type": "Point", "coordinates": [ 115115.43091698383796, 544056.079800000414252 ] } },
{ "type": "Feature", "properties": { "node_id": 3107, "node_type": "ManningResistance", "name": "", "subnetwork_id": null, "source_priority": null, "cyclic_time": false, "meta_categorie": null, "meta_waterbeheerder": null, "meta_node_id": 3107.0, "meta_old_node_id": null, "meta_couple_authority": null }, "geometry": { "type": "Point", "coordinates": [ 124484.30967901830445, 495040.773249998688698 ] } },
{ "type": "Feature", "properties": { "node_id": 3109, "node_type": "ManningResistance", "name": "", "subnetwork_id": null, "source_priority": null, "cyclic_time": false, "meta_categorie": null, "meta_waterbeheerder": null, "meta_node_id": 3109.0, "meta_old_node_id": null, "meta_couple_authority": null }, "geometry": { "type": "Point", "coordinates": [ 121393.192907832519268, 508418.245100000873208 ] } },
{ "type": "Feature", "properties": { "node_id": 3110, "node_type": "ManningResistance", "name": "", "subnetwork_id": null, "source_priority": null, "cyclic_time": false, "meta_categorie": null, "meta_waterbeheerder": null, "meta_node_id": 3110.0, "meta_old_node_id": null, "meta_couple_authority": null }, "geometry": { "type": "Point", "coordinates": [ 125926.644428861312917, 547064.765349999070168 ] } },
{ "type": "Feature", "properties": { "node_id": 3111, "node_type": "ManningResistance", "name": "", "subnetwork_id": null, "source_priority": null, "cyclic_time": false, "meta_categorie": null, "meta_waterbeheerder": null, "meta_node_id": 3111.0, "meta_old_node_id": null, "meta_couple_authority": null }, "geometry": { "type": "Point", "coordinates": [ 117168.771975818497594, 509473.628249999135733 ] } },
{ "type": "Feature", "properties": { "node_id": 3112, "node_type": "ManningResistance", "name": "", "subnetwork_id": null, "source_priority": null, "cyclic_time": false, "meta_categorie": null, "meta_waterbeheerder": null, "meta_node_id": 3112.0, "meta_old_node_id": null, "meta_couple_authority": null }, "geometry": { "type": "Point", "coordinates": [ 116776.401219982479233, 523913.723999999463558 ] } },
{ "type": "Feature", "properties": { "node_id": 3113, "node_type": "ManningResistance", "name": "", "subnetwork_id": null, "source_priority": null, "cyclic_time": false, "meta_categorie": null, "meta_waterbeheerder": null, "meta_node_id": 3113.0, "meta_old_node_id": null, "meta_couple_authority": null }, "geometry": { "type": "Point", "coordinates": [ 116509.244997281464748, 541857.827650001272559 ] } },
{ "type": "Feature", "properties": { "node_id": 3114, "node_type": "ManningResistance", "name": "", "subnetwork_id": null, "source_priority": null, "cyclic_time": false, "meta_categorie": null, "meta_waterbeheerder": null, "meta_node_id": 3114.0, "meta_old_node_id": null, "meta_couple_authority": null }, "geometry": { "type": "Point", "coordinates": [ 127204.360676873271586, 546780.003100000321865 ] } },
{ "type": "Feature", "properties": { "node_id": 3116, "node_type": "ManningResistance", "name": "", "subnetwork_id": null, "source_priority": null, "cyclic_time": false, "meta_categorie": null, "meta_waterbeheerder": null, "meta_node_id": 3116.0, "meta_old_node_id": null, "meta_couple_authority": null }, "geometry": { "type": "Point", "coordinates": [ 128910.985636077821255, 526316.214999999850988 ] } },
{ "type": "Feature", "properties": { "node_id": 3117, "node_type": "ManningResistance", "name": "", "subnetwork_id": null, "source_priority": null, "cyclic_time": false, "meta_categorie": null, "meta_waterbeheerder": null, "meta_node_id": 3117.0, "meta_old_node_id": null, "meta_couple_authority": null }, "geometry": { "type": "Point", "coordinates": [ 112515.413051636103773, 503223.129000000655651 ] } },
{ "type": "Feature", "properties": { "node_id": 3118, "node_type": "ManningResistance", "name": "", "subnetwork_id": null, "source_priority": null, "cyclic_time": false, "meta_categorie": null, "meta_waterbeheerder": null, "meta_node_id": 3118.0, "meta_old_node_id": null, "meta_couple_authority": null }, "geometry": { "type": "Point", "coordinates": [ 109541.485449643514585, 512729.673000000417233 ] } },
{ "type": "Feature", "properties": { "node_id": 3119, "node_type": "ManningResistance", "name": "", "subnetwork_id": null, "source_priority": null, "cyclic_time": false, "meta_categorie": null, "meta_waterbeheerder": null, "meta_node_id": 3119.0, "meta_old_node_id": null, "meta_couple_authority": null }, "geometry": { "type": "Point", "coordinates": [ 115517.311782579607097, 505787.695700000971556 ] } },
{ "type": "Feature", "properties": { "node_id": 3120, "node_type": "ManningResistance", "name": "", "subnetwork_id": null, "source_priority": null, "cyclic_time": false, "meta_categorie": null, "meta_waterbeheerder": null, "meta_node_id": 3120.0, "meta_old_node_id": null, "meta_couple_authority": null }, "geometry": { "type": "Point", "coordinates": [ 105870.628079524758505, 527883.847100000828505 ] } },
{ "type": "Feature", "properties": { "node_id": 3121, "node_type": "ManningResistance", "name": "", "subnetwork_id": null, "source_priority": null, "cyclic_time": false, "meta_categorie": null, "meta_waterbeheerder": null, "meta_node_id": 3121.0, "meta_old_node_id": null, "meta_couple_authority": null }, "geometry": { "type": "Point", "coordinates": [ 129475.162284900725354, 510840.115000000223517 ] } },
{ "type": "Feature", "properties": { "node_id": 3122, "node_type": "ManningResistance", "name": "", "subnetwork_id": null, "source_priority": null, "cyclic_time": false, "meta_categorie": null, "meta_waterbeheerder": null, "meta_node_id": 3122.0, "meta_old_node_id": null, "meta_couple_authority": null }, "geometry": { "type": "Point", "coordinates": [ 128368.290092056660797, 517851.747999999672174 ] } },
{ "type": "Feature", "properties": { "node_id": 3123, "node_type": "ManningResistance", "name": "", "subnetwork_id": null, "source_priority": null, "cyclic_time": false, "meta_categorie": null, "meta_waterbeheerder": null, "meta_node_id": 3123.0, "meta_old_node_id": null, "meta_couple_authority": null }, "geometry": { "type": "Point", "coordinates": [ 108869.020796674798476, 535684.010049998760223 ] } },
{ "type": "Feature", "properties": { "node_id": 3124, "node_type": "ManningResistance", "name": "", "subnetwork_id": null, "source_priority": null, "cyclic_time": false, "meta_categorie": null, "meta_waterbeheerder": null, "meta_node_id": 3124.0, "meta_old_node_id": null, "meta_couple_authority": null }, "geometry": { "type": "Point", "coordinates": [ 141097.061417992110364, 517992.77250000089407 ] } },
{ "type": "Feature", "properties": { "node_id": 3125, "node_type": "ManningResistance", "name": "", "subnetwork_id": null, "source_priority": null, "cyclic_time": false, "meta_categorie": null, "meta_waterbeheerder": null, "meta_node_id": 3125.0, "meta_old_node_id": null, "meta_couple_authority": null }, "geometry": { "type": "Point", "coordinates": [ 116842.626518244651379, 563773.898800000548363 ] } },
{ "type": "Feature", "properties": { "node_id": 3126, "node_type": "ManningResistance", "name": "", "subnetwork_id": null, "source_priority": null, "cyclic_time": false, "meta_categorie": null, "meta_waterbeheerder": null, "meta_node_id": 3126.0, "meta_old_node_id": null, "meta_couple_authority": null }, "geometry": { "type": "Point", "coordinates": [ 108143.089633696246892, 534248.716499999165535 ] } },
{ "type": "Feature", "properties": { "node_id": 3127, "node_type": "ManningResistance", "name": "", "subnetwork_id": null, "source_priority": null, "cyclic_time": false, "meta_categorie": null, "meta_waterbeheerder": null, "meta_node_id": 3127.0, "meta_old_node_id": null, "meta_couple_authority": null }, "geometry": { "type": "Point", "coordinates": [ 113059.021341185143683, 538042.62555 ] } },
{ "type": "Feature", "properties": { "node_id": 3128, "node_type": "ManningResistance", "name": "", "subnetwork_id": null, "source_priority": null, "cyclic_time": false, "meta_categorie": null, "meta_waterbeheerder": null, "meta_node_id": 3128.0, "meta_old_node_id": null, "meta_couple_authority": null }, "geometry": { "type": "Point", "coordinates": [ 108375.531977613485651, 531306.150100000202656 ] } },
{ "type": "Feature", "properties": { "node_id": 3129, "node_type": "ManningResistance", "name": "", "subnetwork_id": null, "source_priority": null, "cyclic_time": false, "meta_categorie": null, "meta_waterbeheerder": null, "meta_node_id": 3129.0, "meta_old_node_id": null, "meta_couple_authority": null }, "geometry": { "type": "Point", "coordinates": [ 116796.608190494822338, 493277.380499999970198 ] } },
{ "type": "Feature", "properties": { "node_id": 3131, "node_type": "ManningResistance", "name": "", "subnetwork_id": null, "source_priority": null, "cyclic_time": false, "meta_categorie": null, "meta_waterbeheerder": null, "meta_node_id": 3131.0, "meta_old_node_id": null, "meta_couple_authority": null }, "geometry": { "type": "Point", "coordinates": [ 125323.884516579302726, 498735.085200000554323 ] } },
{ "type": "Feature", "properties": { "node_id": 3132, "node_type": "ManningResistance", "name": "", "subnetwork_id": null, "source_priority": null, "cyclic_time": false, "meta_categorie": null, "meta_waterbeheerder": null, "meta_node_id": 3132.0, "meta_old_node_id": null, "meta_couple_authority": null }, "geometry": { "type": "Point", "coordinates": [ 115185.42859449525713, 493668.061500001698732 ] } },
{ "type": "Feature", "properties": { "node_id": 3133, "node_type": "ManningResistance", "name": "", "subnetwork_id": null, "source_priority": null, "cyclic_time": false, "meta_categorie": null, "meta_waterbeheerder": null, "meta_node_id": 3133.0, "meta_old_node_id": null, "meta_couple_authority": null }, "geometry": { "type": "Point", "coordinates": [ 106719.271510146631044, 518596.803649999201298 ] } },
{ "type": "Feature", "properties": { "node_id": 3134, "node_type": "ManningResistance", "name": "", "subnetwork_id": null, "source_priority": null, "cyclic_time": false, "meta_categorie": null, "meta_waterbeheerder": null, "meta_node_id": 3134.0, "meta_old_node_id": null, "meta_couple_authority": null }, "geometry": { "type": "Point", "coordinates": [ 105314.010046917785075, 498356.15400000102818 ] } },
{ "type": "Feature", "properties": { "node_id": 3135, "node_type": "ManningResistance", "name": "", "subnetwork_id": null, "source_priority": null, "cyclic_time": false, "meta_categorie": null, "meta_waterbeheerder": null, "meta_node_id": 3135.0, "meta_old_node_id": null, "meta_couple_authority": null }, "geometry": { "type": "Point", "coordinates": [ 114482.146173470100621, 498479.613600000739098 ] } },
{ "type": "Feature", "properties": { "node_id": 3136, "node_type": "ManningResistance", "name": "", "subnetwork_id": null, "source_priority": null, "cyclic_time": false, "meta_categorie": null, "meta_waterbeheerder": null, "meta_node_id": 3136.0, "meta_old_node_id": null, "meta_couple_authority": null }, "geometry": { "type": "Point", "coordinates": [ 119486.186510636063758, 530734.471000000834465 ] } },
{ "type": "Feature", "properties": { "node_id": 3137, "node_type": "ManningResistance", "name": "", "subnetwork_id": null, "source_priority": null, "cyclic_time": false, "meta_categorie": null, "meta_waterbeheerder": null, "meta_node_id": 3137.0, "meta_old_node_id": null, "meta_couple_authority": null }, "geometry": { "type": "Point", "coordinates": [ 115416.532384260368417, 532811.110499998554587 ] } },
{ "type": "Feature", "properties": { "node_id": 3138, "node_type": "ManningResistance", "name": "", "subnetwork_id": null, "source_priority": null, "cyclic_time": false, "meta_categorie": null, "meta_waterbeheerder": null, "meta_node_id": 3138.0, "meta_old_node_id": null, "meta_couple_authority": null }, "geometry": { "type": "Point", "coordinates": [ 116924.417077776102815, 498940.86204999871552 ] } },
{ "type": "Feature", "properties": { "node_id": 3139, "node_type": "ManningResistance", "name": "", "subnetwork_id": null, "source_priority": null, "cyclic_time": false, "meta_categorie": null, "meta_waterbeheerder": null, "meta_node_id": 3139.0, "meta_old_node_id": null, "meta_couple_authority": null }, "geometry": { "type": "Point", "coordinates": [ 121156.208531932526967, 534001.992499999701977 ] } },
{ "type": "Feature", "properties": { "node_id": 3140, "node_type": "ManningResistance", "name": "", "subnetwork_id": null, "source_priority": null, "cyclic_time": false, "meta_categorie": null, "meta_waterbeheerder": null, "meta_node_id": 3140.0, "meta_old_node_id": null, "meta_couple_authority": null }, "geometry": { "type": "Point", "coordinates": [ 118774.982813530092244, 521280.559499999508262 ] } },
{ "type": "Feature", "properties": { "node_id": 3141, "node_type": "ManningResistance", "name": "", "subnetwork_id": null, "source_priority": null, "cyclic_time": false, "meta_categorie": null, "meta_waterbeheerder": null, "meta_node_id": 3141.0, "meta_old_node_id": null, "meta_couple_authority": null }, "geometry": { "type": "Point", "coordinates": [ 113019.461870517552597, 539487.03999999910593 ] } },
{ "type": "Feature", "properties": { "node_id": 3142, "node_type": "ManningResistance", "name": "", "subnetwork_id": null, "source_priority": null, "cyclic_time": false, "meta_categorie": null, "meta_waterbeheerder": null, "meta_node_id": 3142.0, "meta_old_node_id": null, "meta_couple_authority": null }, "geometry": { "type": "Point", "coordinates": [ 107995.574792186904233, 516206.848149999976158 ] } },
{ "type": "Feature", "properties": { "node_id": 3143, "node_type": "ManningResistance", "name": "", "subnetwork_id": null, "source_priority": null, "cyclic_time": false, "meta_categorie": null, "meta_waterbeheerder": null, "meta_node_id": 3143.0, "meta_old_node_id": null, "meta_couple_authority": null }, "geometry": { "type": "Point", "coordinates": [ 129496.203479606148903, 495240.293349999934435 ] } },
{ "type": "Feature", "properties": { "node_id": 3144, "node_type": "ManningResistance", "name": "", "subnetwork_id": null, "source_priority": null, "cyclic_time": false, "meta_categorie": null, "meta_waterbeheerder": null, "meta_node_id": 3144.0, "meta_old_node_id": null, "meta_couple_authority": null }, "geometry": { "type": "Point", "coordinates": [ 126736.11248948215507, 491379.292549999430776 ] } },
{ "type": "Feature", "properties": { "node_id": 3145, "node_type": "ManningResistance", "name": "", "subnetwork_id": null, "source_priority": null, "cyclic_time": false, "meta_categorie": null, "meta_waterbeheerder": null, "meta_node_id": 3145.0, "meta_old_node_id": null, "meta_couple_authority": null }, "geometry": { "type": "Point", "coordinates": [ 111474.226059624081245, 510362.643450001254678 ] } },
{ "type": "Feature", "properties": { "node_id": 3146, "node_type": "ManningResistance", "name": "", "subnetwork_id": null, "source_priority": null, "cyclic_time": false, "meta_categorie": null, "meta_waterbeheerder": null, "meta_node_id": 3146.0, "meta_old_node_id": null, "meta_couple_authority": null }, "geometry": { "type": "Point", "coordinates": [ 121468.95309285793337, 541636.530000001192093 ] } },
{ "type": "Feature", "properties": { "node_id": 3147, "node_type": "ManningResistance", "name": "", "subnetwork_id": null, "source_priority": null, "cyclic_time": false, "meta_categorie": null, "meta_waterbeheerder": null, "meta_node_id": 3147.0, "meta_old_node_id": null, "meta_couple_authority": null }, "geometry": { "type": "Point", "coordinates": [ 129674.436552580591524, 506765.920199999585748 ] } },
{ "type": "Feature", "properties": { "node_id": 3148, "node_type": "ManningResistance", "name": "", "subnetwork_id": null, "source_priority": null, "cyclic_time": false, "meta_categorie": null, "meta_waterbeheerder": null, "meta_node_id": 3148.0, "meta_old_node_id": null, "meta_couple_authority": null }, "geometry": { "type": "Point", "coordinates": [ 117338.054372946891817, 510231.118000000715256 ] } },
{ "type": "Feature", "properties": { "node_id": 3149, "node_type": "ManningResistance", "name": "", "subnetwork_id": null, "source_priority": null, "cyclic_time": false, "meta_categorie": null, "meta_waterbeheerder": null, "meta_node_id": 3149.0, "meta_old_node_id": null, "meta_couple_authority": null }, "geometry": { "type": "Point", "coordinates": [ 121962.224563265452161, 522614.161641829879954 ] } },
{ "type": "Feature", "properties": { "node_id": 3150, "node_type": "ManningResistance", "name": "", "subnetwork_id": null, "source_priority": null, "cyclic_time": false, "meta_categorie": null, "meta_waterbeheerder": null, "meta_node_id": 3150.0, "meta_old_node_id": null, "meta_couple_authority": null }, "geometry": { "type": "Point", "coordinates": [ 114056.049434928543633, 539760.064850000664592 ] } },
{ "type": "Feature", "properties": { "node_id": 3151, "node_type": "ManningResistance", "name": "", "subnetwork_id": null, "source_priority": null, "cyclic_time": false, "meta_categorie": null, "meta_waterbeheerder": null, "meta_node_id": 3151.0, "meta_old_node_id": null, "meta_couple_authority": null }, "geometry": { "type": "Point", "coordinates": [ 105181.982626479293685, 511778.697599999606609 ] } },
{ "type": "Feature", "properties": { "node_id": 3152, "node_type": "ManningResistance", "name": "", "subnetwork_id": null, "source_priority": null, "cyclic_time": false, "meta_categorie": null, "meta_waterbeheerder": null, "meta_node_id": 3152.0, "meta_old_node_id": null, "meta_couple_authority": null }, "geometry": { "type": "Point", "coordinates": [ 134102.848612767033046, 519237.299403991375584 ] } },
{ "type": "Feature", "properties": { "node_id": 3153, "node_type": "ManningResistance", "name": "", "subnetwork_id": null, "source_priority": null, "cyclic_time": false, "meta_categorie": null, "meta_waterbeheerder": null, "meta_node_id": 3153.0, "meta_old_node_id": null, "meta_couple_authority": null }, "geometry": { "type": "Point", "coordinates": [ 120152.097968416957883, 571963.754499999806285 ] } },
{ "type": "Feature", "properties": { "node_id": 3154, "node_type": "ManningResistance", "name": "", "subnetwork_id": null, "source_priority": null, "cyclic_time": false, "meta_categorie": null, "meta_waterbeheerder": null, "meta_node_id": 3154.0, "meta_old_node_id": null, "meta_couple_authority": null }, "geometry": { "type": "Point", "coordinates": [ 119963.580376620695461, 527830.039049999788404 ] } },
{ "type": "Feature", "properties": { "node_id": 3155, "node_type": "ManningResistance", "name": "", "subnetwork_id": null, "source_priority": null, "cyclic_time": false, "meta_categorie": null, "meta_waterbeheerder": null, "meta_node_id": 3155.0, "meta_old_node_id": null, "meta_couple_authority": null }, "geometry": { "type": "Point", "coordinates": [ 119950.761316234187689, 512765.389550000429153 ] } },
{ "type": "Feature", "properties": { "node_id": 3156, "node_type": "ManningResistance", "name": "", "subnetwork_id": null, "source_priority": null, "cyclic_time": false, "meta_categorie": null, "meta_waterbeheerder": null, "meta_node_id": 3156.0, "meta_old_node_id": null, "meta_couple_authority": null }, "geometry": { "type": "Point", "coordinates": [ 107801.350695755827473, 508459.906500000506639 ] } },
{ "type": "Feature", "properties": { "node_id": 3157, "node_type": "ManningResistance", "name": "", "subnetwork_id": null, "source_priority": null, "cyclic_time": false, "meta_categorie": null, "meta_waterbeheerder": null, "meta_node_id": 3157.0, "meta_old_node_id": null, "meta_couple_authority": null }, "geometry": { "type": "Point", "coordinates": [ 131605.922676271118689, 492642.302503347862512 ] } },
{ "type": "Feature", "properties": { "node_id": 3158, "node_type": "ManningResistance", "name": "", "subnetwork_id": null, "source_priority": null, "cyclic_time": false, "meta_categorie": null, "meta_waterbeheerder": null, "meta_node_id": 3158.0, "meta_old_node_id": null, "meta_couple_authority": null }, "geometry": { "type": "Point", "coordinates": [ 107147.190894493920496, 519650.280450001358986 ] } },
{ "type": "Feature", "properties": { "node_id": 3159, "node_type": "ManningResistance", "name": "", "subnetwork_id": null, "source_priority": null, "cyclic_time": false, "meta_categorie": null, "meta_waterbeheerder": null, "meta_node_id": 3159.0, "meta_old_node_id": null, "meta_couple_authority": null }, "geometry": { "type": "Point", "coordinates": [ 119545.920151391910622, 502718.176999999210238 ] } },
{ "type": "Feature", "properties": { "node_id": 3160, "node_type": "ManningResistance", "name": "", "subnetwork_id": null, "source_priority": null, "cyclic_time": false, "meta_categorie": null, "meta_waterbeheerder": null, "meta_node_id": 3160.0, "meta_old_node_id": null, "meta_couple_authority": null }, "geometry": { "type": "Point", "coordinates": [ 127244.931368220844888, 488819.29615000076592 ] } },
{ "type": "Feature", "properties": { "node_id": 3161, "node_type": "ManningResistance", "name": "", "subnetwork_id": null, "source_priority": null, "cyclic_time": false, "meta_categorie": null, "meta_waterbeheerder": null, "meta_node_id": 3161.0, "meta_old_node_id": null, "meta_couple_authority": null }, "geometry": { "type": "Point", "coordinates": [ 110843.564549212038401, 541722.731000000610948 ] } },
{ "type": "Feature", "properties": { "node_id": 3162, "node_type": "ManningResistance", "name": "", "subnetwork_id": null, "source_priority": null, "cyclic_time": false, "meta_categorie": null, "meta_waterbeheerder": null, "meta_node_id": 3162.0, "meta_old_node_id": null, "meta_couple_authority": null }, "geometry": { "type": "Point", "coordinates": [ 127155.997558138711611, 498902.050249999389052 ] } },
{ "type": "Feature", "properties": { "node_id": 3163, "node_type": "ManningResistance", "name": "", "subnetwork_id": null, "source_priority": null, "cyclic_time": false, "meta_categorie": null, "meta_waterbeheerder": null, "meta_node_id": 3163.0, "meta_old_node_id": null, "meta_couple_authority": null }, "geometry": { "type": "Point", "coordinates": [ 104750.87826788390521, 526967.432000000029802 ] } },
{ "type": "Feature", "properties": { "node_id": 3164, "node_type": "ManningResistance", "name": "", "subnetwork_id": null, "source_priority": null, "cyclic_time": false, "meta_categorie": null, "meta_waterbeheerder": null, "meta_node_id": 3164.0, "meta_old_node_id": null, "meta_couple_authority": null }, "geometry": { "type": "Point", "coordinates": [ 122277.08100193348946, 520278.41300000064075 ] } },
{ "type": "Feature", "properties": { "node_id": 3165, "node_type": "ManningResistance", "name": "", "subnetwork_id": null, "source_priority": null, "cyclic_time": false, "meta_categorie": null, "meta_waterbeheerder": null, "meta_node_id": 3165.0, "meta_old_node_id": null, "meta_couple_authority": null }, "geometry": { "type": "Point", "coordinates": [ 130114.232011262851302, 512380.540049999952316 ] } },
{ "type": "Feature", "properties": { "node_id": 3166, "node_type": "ManningResistance", "name": "", "subnetwork_id": null, "source_priority": null, "cyclic_time": false, "meta_categorie": null, "meta_waterbeheerder": null, "meta_node_id": 3166.0, "meta_old_node_id": null, "meta_couple_authority": null }, "geometry": { "type": "Point", "coordinates": [ 107852.209309949656017, 532522.100050000473857 ] } },
{ "type": "Feature", "properties": { "node_id": 3167, "node_type": "ManningResistance", "name": "", "subnetwork_id": null, "source_priority": null, "cyclic_time": false, "meta_categorie": null, "meta_waterbeheerder": null, "meta_node_id": 3167.0, "meta_old_node_id": null, "meta_couple_authority": null }, "geometry": { "type": "Point", "coordinates": [ 137113.410775157914031, 525722.937049999833107 ] } },
{ "type": "Feature", "properties": { "node_id": 3168, "node_type": "ManningResistance", "name": "", "subnetwork_id": null, "source_priority": null, "cyclic_time": false, "meta_categorie": null, "meta_waterbeheerder": null, "meta_node_id": 3168.0, "meta_old_node_id": null, "meta_couple_authority": null }, "geometry": { "type": "Point", "coordinates": [ 116968.663131421169965, 527417.185000000521541 ] } },
{ "type": "Feature", "properties": { "node_id": 3169, "node_type": "ManningResistance", "name": "", "subnetwork_id": null, "source_priority": null, "cyclic_time": false, "meta_categorie": null, "meta_waterbeheerder": null, "meta_node_id": 3169.0, "meta_old_node_id": null, "meta_couple_authority": null }, "geometry": { "type": "Point", "coordinates": [ 116329.474138394856709, 522306.723600000143051 ] } },
{ "type": "Feature", "properties": { "node_id": 3170, "node_type": "ManningResistance", "name": "", "subnetwork_id": null, "source_priority": null, "cyclic_time": false, "meta_categorie": null, "meta_waterbeheerder": null, "meta_node_id": 3170.0, "meta_old_node_id": null, "meta_couple_authority": null }, "geometry": { "type": "Point", "coordinates": [ 117315.076414847193519, 512702.767699999734759 ] } },
{ "type": "Feature", "properties": { "node_id": 3171, "node_type": "ManningResistance", "name": "", "subnetwork_id": null, "source_priority": null, "cyclic_time": false, "meta_categorie": null, "meta_waterbeheerder": null, "meta_node_id": 3171.0, "meta_old_node_id": null, "meta_couple_authority": null }, "geometry": { "type": "Point", "coordinates": [ 142028.834256458852906, 529338.374549999833107 ] } },
{ "type": "Feature", "properties": { "node_id": 3172, "node_type": "ManningResistance", "name": "", "subnetwork_id": null, "source_priority": null, "cyclic_time": false, "meta_categorie": null, "meta_waterbeheerder": null, "meta_node_id": 3172.0, "meta_old_node_id": null, "meta_couple_authority": null }, "geometry": { "type": "Point", "coordinates": [ 109766.289795367687475, 535569.193800000473857 ] } },
{ "type": "Feature", "properties": { "node_id": 3173, "node_type": "ManningResistance", "name": "", "subnetwork_id": null, "source_priority": null, "cyclic_time": false, "meta_categorie": null, "meta_waterbeheerder": null, "meta_node_id": 3173.0, "meta_old_node_id": null, "meta_couple_authority": null }, "geometry": { "type": "Point", "coordinates": [ 116065.600886303000152, 536449.859600000083447 ] } },
{ "type": "Feature", "properties": { "node_id": 3174, "node_type": "ManningResistance", "name": "", "subnetwork_id": null, "source_priority": null, "cyclic_time": false, "meta_categorie": null, "meta_waterbeheerder": null, "meta_node_id": 3174.0, "meta_old_node_id": null, "meta_couple_authority": null }, "geometry": { "type": "Point", "coordinates": [ 122579.784789253229974, 527196.539599999785423 ] } },
{ "type": "Feature", "properties": { "node_id": 3175, "node_type": "ManningResistance", "name": "", "subnetwork_id": null, "source_priority": null, "cyclic_time": false, "meta_categorie": null, "meta_waterbeheerder": null, "meta_node_id": 3175.0, "meta_old_node_id": null, "meta_couple_authority": null }, "geometry": { "type": "Point", "coordinates": [ 106778.550205787323648, 511874.515049999579787 ] } },
{ "type": "Feature", "properties": { "node_id": 3176, "node_type": "ManningResistance", "name": "", "subnetwork_id": null, "source_priority": null, "cyclic_time": false, "meta_categorie": null, "meta_waterbeheerder": null, "meta_node_id": 3176.0, "meta_old_node_id": null, "meta_couple_authority": null }, "geometry": { "type": "Point", "coordinates": [ 109239.282127066777321, 523305.399000000208616 ] } },
{ "type": "Feature", "properties": { "node_id": 3177, "node_type": "ManningResistance", "name": "", "subnetwork_id": null, "source_priority": null, "cyclic_time": false, "meta_categorie": null, "meta_waterbeheerder": null, "meta_node_id": 3177.0, "meta_old_node_id": null, "meta_couple_authority": null }, "geometry": { "type": "Point", "coordinates": [ 123430.533727074362105, 518697.226999999955297 ] } },
{ "type": "Feature", "properties": { "node_id": 3178, "node_type": "ManningResistance", "name": "", "subnetwork_id": null, "source_priority": null, "cyclic_time": false, "meta_categorie": null, "meta_waterbeheerder": null, "meta_node_id": 3178.0, "meta_old_node_id": null, "meta_couple_authority": null }, "geometry": { "type": "Point", "coordinates": [ 108645.674236579434364, 535801.529450001195073 ] } },
{ "type": "Feature", "properties": { "node_id": 3179, "node_type": "ManningResistance", "name": "", "subnetwork_id": null, "source_priority": null, "cyclic_time": false, "meta_categorie": null, "meta_waterbeheerder": null, "meta_node_id": 3179.0, "meta_old_node_id": null, "meta_couple_authority": null }, "geometry": { "type": "Point", "coordinates": [ 117431.286058378900634, 530999.218499999493361 ] } },
{ "type": "Feature", "properties": { "node_id": 3180, "node_type": "ManningResistance", "name": "", "subnetwork_id": null, "source_priority": null, "cyclic_time": false, "meta_categorie": null, "meta_waterbeheerder": null, "meta_node_id": 3180.0, "meta_old_node_id": null, "meta_couple_authority": null }, "geometry": { "type": "Point", "coordinates": [ 130413.053981190634659, 548652.480049999430776 ] } },
{ "type": "Feature", "properties": { "node_id": 3181, "node_type": "ManningResistance", "name": "", "subnetwork_id": null, "source_priority": null, "cyclic_time": false, "meta_categorie": null, "meta_waterbeheerder": null, "meta_node_id": 3181.0, "meta_old_node_id": null, "meta_couple_authority": null }, "geometry": { "type": "Point", "coordinates": [ 131148.49524221237516, 493065.518600000068545 ] } },
{ "type": "Feature", "properties": { "node_id": 3182, "node_type": "ManningResistance", "name": "", "subnetwork_id": null, "source_priority": null, "cyclic_time": false, "meta_categorie": null, "meta_waterbeheerder": null, "meta_node_id": 3182.0, "meta_old_node_id": null, "meta_couple_authority": null }, "geometry": { "type": "Point", "coordinates": [ 112319.080365974034066, 546331.984999999403954 ] } },
{ "type": "Feature", "properties": { "node_id": 3183, "node_type": "ManningResistance", "name": "", "subnetwork_id": null, "source_priority": null, "cyclic_time": false, "meta_categorie": null, "meta_waterbeheerder": null, "meta_node_id": 3183.0, "meta_old_node_id": null, "meta_couple_authority": null }, "geometry": { "type": "Point", "coordinates": [ 103959.471623253950384, 509196.94370000064373 ] } },
{ "type": "Feature", "properties": { "node_id": 3184, "node_type": "ManningResistance", "name": "", "subnetwork_id": null, "source_priority": null, "cyclic_time": false, "meta_categorie": null, "meta_waterbeheerder": null, "meta_node_id": 3184.0, "meta_old_node_id": null, "meta_couple_authority": null }, "geometry": { "type": "Point", "coordinates": [ 142106.583519696549047, 522338.067949999123812 ] } },
{ "type": "Feature", "properties": { "node_id": 3186, "node_type": "ManningResistance", "name": "", "subnetwork_id": null, "source_priority": null, "cyclic_time": false, "meta_categorie": null, "meta_waterbeheerder": null, "meta_node_id": 3186.0, "meta_old_node_id": null, "meta_couple_authority": null }, "geometry": { "type": "Point", "coordinates": [ 125992.12056116014719, 502800.880049999803305 ] } },
{ "type": "Feature", "properties": { "node_id": 3187, "node_type": "ManningResistance", "name": "", "subnetwork_id": null, "source_priority": null, "cyclic_time": false, "meta_categorie": null, "meta_waterbeheerder": null, "meta_node_id": 3187.0, "meta_old_node_id": null, "meta_couple_authority": null }, "geometry": { "type": "Point", "coordinates": [ 124425.743778525356902, 492674.419999999925494 ] } },
{ "type": "Feature", "properties": { "node_id": 3188, "node_type": "ManningResistance", "name": "", "subnetwork_id": null, "source_priority": null, "cyclic_time": false, "meta_categorie": null, "meta_waterbeheerder": null, "meta_node_id": 3188.0, "meta_old_node_id": null, "meta_couple_authority": null }, "geometry": { "type": "Point", "coordinates": [ 113067.768288055231096, 535025.976950000971556 ] } },
{ "type": "Feature", "properties": { "node_id": 3189, "node_type": "ManningResistance", "name": "", "subnetwork_id": null, "source_priority": null, "cyclic_time": false, "meta_categorie": null, "meta_waterbeheerder": null, "meta_node_id": 3189.0, "meta_old_node_id": null, "meta_couple_authority": null }, "geometry": { "type": "Point", "coordinates": [ 107210.822408723412082, 527038.646749999374151 ] } },
{ "type": "Feature", "properties": { "node_id": 3190, "node_type": "ManningResistance", "name": "", "subnetwork_id": null, "source_priority": null, "cyclic_time": false, "meta_categorie": null, "meta_waterbeheerder": null, "meta_node_id": 3190.0, "meta_old_node_id": null, "meta_couple_authority": null }, "geometry": { "type": "Point", "coordinates": [ 118188.65376627635851, 528688.21169999986887 ] } },
{ "type": "Feature", "properties": { "node_id": 3191, "node_type": "ManningResistance", "name": "", "subnetwork_id": null, "source_priority": null, "cyclic_time": false, "meta_categorie": null, "meta_waterbeheerder": null, "meta_node_id": 3191.0, "meta_old_node_id": null, "meta_couple_authority": null }, "geometry": { "type": "Point", "coordinates": [ 129041.332143021078082, 540210.839999999850988 ] } },
{ "type": "Feature", "properties": { "node_id": 3192, "node_type": "ManningResistance", "name": "", "subnetwork_id": null, "source_priority": null, "cyclic_time": false, "meta_categorie": null, "meta_waterbeheerder": null, "meta_node_id": 3192.0, "meta_old_node_id": null, "meta_couple_authority": null }, "geometry": { "type": "Point", "coordinates": [ 121258.748331033217255, 523616.51549999974668 ] } },
{ "type": "Feature", "properties": { "node_id": 3193, "node_type": "ManningResistance", "name": "", "subnetwork_id": null, "source_priority": null, "cyclic_time": false, "meta_categorie": null, "meta_waterbeheerder": null, "meta_node_id": 3193.0, "meta_old_node_id": null, "meta_couple_authority": null }, "geometry": { "type": "Point", "coordinates": [ 105820.022898093622644, 518456.031649999320507 ] } },
{ "type": "Feature", "properties": { "node_id": 3194, "node_type": "ManningResistance", "name": "", "subnetwork_id": null, "source_priority": null, "cyclic_time": false, "meta_categorie": null, "meta_waterbeheerder": null, "meta_node_id": 3194.0, "meta_old_node_id": null, "meta_couple_authority": null }, "geometry": { "type": "Point", "coordinates": [ 106871.814866609754972, 529063.939999999478459 ] } },
{ "type": "Feature", "properties": { "node_id": 3195, "node_type": "ManningResistance", "name": "", "subnetwork_id": null, "source_priority": null, "cyclic_time": false, "meta_categorie": null, "meta_waterbeheerder": null, "meta_node_id": 3195.0, "meta_old_node_id": null, "meta_couple_authority": null }, "geometry": { "type": "Point", "coordinates": [ 110156.250691142835421, 515709.000149998813868 ] } },
{ "type": "Feature", "properties": { "node_id": 3196, "node_type": "ManningResistance", "name": "", "subnetwork_id": null, "source_priority": null, "cyclic_time": false, "meta_categorie": null, "meta_waterbeheerder": null, "meta_node_id": 3196.0, "meta_old_node_id": null, "meta_couple_authority": null }, "geometry": { "type": "Point", "coordinates": [ 116670.14527925181028, 500026.91499999910593 ] } },
{ "type": "Feature", "properties": { "node_id": 3197, "node_type": "ManningResistance", "name": "", "subnetwork_id": null, "source_priority": null, "cyclic_time": false, "meta_categorie": null, "meta_waterbeheerder": null, "meta_node_id": 3197.0, "meta_old_node_id": null, "meta_couple_authority": null }, "geometry": { "type": "Point", "coordinates": [ 109048.467416677915026, 518101.725700000301003 ] } },
{ "type": "Feature", "properties": { "node_id": 3198, "node_type": "ManningResistance", "name": "", "subnetwork_id": null, "source_priority": null, "cyclic_time": false, "meta_categorie": null, "meta_waterbeheerder": null, "meta_node_id": 3198.0, "meta_old_node_id": null, "meta_couple_authority": null }, "geometry": { "type": "Point", "coordinates": [ 109536.570426785605378, 531964.739099999889731 ] } },
{ "type": "Feature", "properties": { "node_id": 3199, "node_type": "ManningResistance", "name": "", "subnetwork_id": null, "source_priority": null, "cyclic_time": false, "meta_categorie": null, "meta_waterbeheerder": null, "meta_node_id": 3199.0, "meta_old_node_id": null, "meta_couple_authority": null }, "geometry": { "type": "Point", "coordinates": [ 118583.437928244733484, 532400.526499999687076 ] } },
{ "type": "Feature", "properties": { "node_id": 3200, "node_type": "ManningResistance", "name": "", "subnetwork_id": null, "source_priority": null, "cyclic_time": false, "meta_categorie": null, "meta_waterbeheerder": null, "meta_node_id": 3200.0, "meta_old_node_id": null, "meta_couple_authority": null }, "geometry": { "type": "Point", "coordinates": [ 113467.568166961835232, 531113.924750000238419 ] } },
{ "type": "Feature", "properties": { "node_id": 3201, "node_type": "ManningResistance", "name": "", "subnetwork_id": null, "source_priority": null, "cyclic_time": false, "meta_categorie": null, "meta_waterbeheerder": null, "meta_node_id": 3201.0, "meta_old_node_id": null, "meta_couple_authority": null }, "geometry": { "type": "Point", "coordinates": [ 110792.889940736495191, 507787.497100001201034 ] } },
{ "type": "Feature", "properties": { "node_id": 3202, "node_type": "ManningResistance", "name": "", "subnetwork_id": null, "source_priority": null, "cyclic_time": false, "meta_categorie": null, "meta_waterbeheerder": null, "meta_node_id": 3202.0, "meta_old_node_id": null, "meta_couple_authority": null }, "geometry": { "type": "Point", "coordinates": [ 129437.217654700682033, 501326.43099999986589 ] } },
{ "type": "Feature", "properties": { "node_id": 3203, "node_type": "ManningResistance", "name": "", "subnetwork_id": null, "source_priority": null, "cyclic_time": false, "meta_categorie": null, "meta_waterbeheerder": null, "meta_node_id": 3203.0, "meta_old_node_id": null, "meta_couple_authority": null }, "geometry": { "type": "Point", "coordinates": [ 109933.810642736032605, 498357.649049999192357 ] } },
{ "type": "Feature", "properties": { "node_id": 3204, "node_type": "ManningResistance", "name": "", "subnetwork_id": null, "source_priority": null, "cyclic_time": false, "meta_categorie": null, "meta_waterbeheerder": null, "meta_node_id": 3204.0, "meta_old_node_id": null, "meta_couple_authority": null }, "geometry": { "type": "Point", "coordinates": [ 121207.622777238371782, 496073.570000000298023 ] } },
{ "type": "Feature", "properties": { "node_id": 3205, "node_type": "ManningResistance", "name": "", "subnetwork_id": null, "source_priority": null, "cyclic_time": false, "meta_categorie": null, "meta_waterbeheerder": null, "meta_node_id": 3205.0, "meta_old_node_id": null, "meta_couple_authority": null }, "geometry": { "type": "Point", "coordinates": [ 110948.54762076609768, 551948.917000001296401 ] } },
{ "type": "Feature", "properties": { "node_id": 3206, "node_type": "ManningResistance", "name": "", "subnetwork_id": null, "source_priority": null, "cyclic_time": false, "meta_categorie": null, "meta_waterbeheerder": null, "meta_node_id": 3206.0, "meta_old_node_id": null, "meta_couple_authority": null }, "geometry": { "type": "Point", "coordinates": [ 127081.002578740910394, 511680.511350000277162 ] } },
{ "type": "Feature", "properties": { "node_id": 3207, "node_type": "ManningResistance", "name": "", "subnetwork_id": null, "source_priority": null, "cyclic_time": false, "meta_categorie": null, "meta_waterbeheerder": null, "meta_node_id": 3207.0, "meta_old_node_id": null, "meta_couple_authority": null }, "geometry": { "type": "Point", "coordinates": [ 112003.450617542068358, 514626.422649998217821 ] } },
{ "type": "Feature", "properties": { "node_id": 3208, "node_type": "ManningResistance", "name": "", "subnetwork_id": null, "source_priority": null, "cyclic_time": false, "meta_categorie": null, "meta_waterbeheerder": null, "meta_node_id": 3208.0, "meta_old_node_id": null, "meta_couple_authority": null }, "geometry": { "type": "Point", "coordinates": [ 112006.75542924014735, 529231.771999999880791 ] } },
{ "type": "Feature", "properties": { "node_id": 3209, "node_type": "ManningResistance", "name": "", "subnetwork_id": null, "source_priority": null, "cyclic_time": false, "meta_categorie": null, "meta_waterbeheerder": null, "meta_node_id": 3209.0, "meta_old_node_id": null, "meta_couple_authority": null }, "geometry": { "type": "Point", "coordinates": [ 129881.49029677832732, 490940.771549999713898 ] } },
{ "type": "Feature", "properties": { "node_id": 3210, "node_type": "ManningResistance", "name": "", "subnetwork_id": null, "source_priority": null, "cyclic_time": false, "meta_categorie": null, "meta_waterbeheerder": null, "meta_node_id": 3210.0, "meta_old_node_id": null, "meta_couple_authority": null }, "geometry": { "type": "Point", "coordinates": [ 109779.139575447828975, 516235.508050000295043 ] } },
{ "type": "Feature", "properties": { "node_id": 3211, "node_type": "ManningResistance", "name": "", "subnetwork_id": null, "source_priority": null, "cyclic_time": false, "meta_categorie": null, "meta_waterbeheerder": null, "meta_node_id": 3211.0, "meta_old_node_id": null, "meta_couple_authority": null }, "geometry": { "type": "Point", "coordinates": [ 112757.666350121115102, 533126.165999999269843 ] } },
{ "type": "Feature", "properties": { "node_id": 3212, "node_type": "ManningResistance", "name": "", "subnetwork_id": null, "source_priority": null, "cyclic_time": false, "meta_categorie": null, "meta_waterbeheerder": null, "meta_node_id": 3212.0, "meta_old_node_id": null, "meta_couple_authority": null }, "geometry": { "type": "Point", "coordinates": [ 115060.218574222933967, 502695.742550000548363 ] } },
{ "type": "Feature", "properties": { "node_id": 3213, "node_type": "ManningResistance", "name": "", "subnetwork_id": null, "source_priority": null, "cyclic_time": false, "meta_categorie": null, "meta_waterbeheerder": null, "meta_node_id": 3213.0, "meta_old_node_id": null, "meta_couple_authority": null }, "geometry": { "type": "Point", "coordinates": [ 127658.07935787414317, 492043.010150000452995 ] } },
{ "type": "Feature", "properties": { "node_id": 3214, "node_type": "ManningResistance", "name": "", "subnetwork_id": null, "source_priority": null, "cyclic_time": false, "meta_categorie": null, "meta_waterbeheerder": null, "meta_node_id": 3214.0, "meta_old_node_id": null, "meta_couple_authority": null }, "geometry": { "type": "Point", "coordinates": [ 108601.720999045035569, 504577.464999999850988 ] } },
{ "type": "Feature", "properties": { "node_id": 3215, "node_type": "ManningResistance", "name": "", "subnetwork_id": null, "source_priority": null, "cyclic_time": false, "meta_categorie": null, "meta_waterbeheerder": null, "meta_node_id": 3215.0, "meta_old_node_id": null, "meta_couple_authority": null }, "geometry": { "type": "Point", "coordinates": [ 111331.212559893683647, 517164.430250000208616 ] } },
{ "type": "Feature", "properties": { "node_id": 3216, "node_type": "ManningResistance", "name": "", "subnetwork_id": null, "source_priority": null, "cyclic_time": false, "meta_categorie": null, "meta_waterbeheerder": null, "meta_node_id": 3216.0, "meta_old_node_id": null, "meta_couple_authority": null }, "geometry": { "type": "Point", "coordinates": [ 111990.021255187195493, 559331.097849998623133 ] } },
{ "type": "Feature", "properties": { "node_id": 3217, "node_type": "ManningResistance", "name": "", "subnetwork_id": null, "source_priority": null, "cyclic_time": false, "meta_categorie": null, "meta_waterbeheerder": null, "meta_node_id": 3217.0, "meta_old_node_id": null, "meta_couple_authority": null }, "geometry": { "type": "Point", "coordinates": [ 133001.785876019421266, 501768.923200000077486 ] } },
{ "type": "Feature", "properties": { "node_id": 3219, "node_type": "ManningResistance", "name": "", "subnetwork_id": null, "source_priority": null, "cyclic_time": false, "meta_categorie": null, "meta_waterbeheerder": null, "meta_node_id": 3219.0, "meta_old_node_id": null, "meta_couple_authority": null }, "geometry": { "type": "Point", "coordinates": [ 127395.42168950435007, 501742.22014999948442 ] } },
{ "type": "Feature", "properties": { "node_id": 3220, "node_type": "ManningResistance", "name": "", "subnetwork_id": null, "source_priority": null, "cyclic_time": false, "meta_categorie": null, "meta_waterbeheerder": null, "meta_node_id": 3220.0, "meta_old_node_id": null, "meta_couple_authority": null }, "geometry": { "type": "Point", "coordinates": [ 127984.337449949089205, 491251.473950000479817 ] } },
{ "type": "Feature", "properties": { "node_id": 3221, "node_type": "ManningResistance", "name": "", "subnetwork_id": null, "source_priority": null, "cyclic_time": false, "meta_categorie": null, "meta_waterbeheerder": null, "meta_node_id": 3221.0, "meta_old_node_id": null, "meta_couple_authority": null }, "geometry": { "type": "Point", "coordinates": [ 129435.215610815415857, 492835.663100000470877 ] } },
{ "type": "Feature", "properties": { "node_id": 3223, "node_type": "ManningResistance", "name": "", "subnetwork_id": null, "source_priority": null, "cyclic_time": false, "meta_categorie": null, "meta_waterbeheerder": null, "meta_node_id": 3223.0, "meta_old_node_id": null, "meta_couple_authority": null }, "geometry": { "type": "Point", "coordinates": [ 108195.039674548403127, 525439.217000000178814 ] } },
{ "type": "Feature", "properties": { "node_id": 3224, "node_type": "ManningResistance", "name": "", "subnetwork_id": null, "source_priority": null, "cyclic_time": false, "meta_categorie": null, "meta_waterbeheerder": null, "meta_node_id": 3224.0, "meta_old_node_id": null, "meta_couple_authority": null }, "geometry": { "type": "Point", "coordinates": [ 130201.684624105546391, 498754.319649999961257 ] } },
{ "type": "Feature", "properties": { "node_id": 3225, "node_type": "ManningResistance", "name": "", "subnetwork_id": null, "source_priority": null, "cyclic_time": false, "meta_categorie": null, "meta_waterbeheerder": null, "meta_node_id": 3225.0, "meta_old_node_id": null, "meta_couple_authority": null }, "geometry": { "type": "Point", "coordinates": [ 131310.241968166985316, 500990.89299999922514 ] } },
{ "type": "Feature", "properties": { "node_id": 3226, "node_type": "ManningResistance", "name": "", "subnetwork_id": null, "source_priority": null, "cyclic_time": false, "meta_categorie": null, "meta_waterbeheerder": null, "meta_node_id": 3226.0, "meta_old_node_id": null, "meta_couple_authority": null }, "geometry": { "type": "Point", "coordinates": [ 106524.733312595300958, 513952.256599999964237 ] } },
{ "type": "Feature", "properties": { "node_id": 3227, "node_type": "ManningResistance", "name": "", "subnetwork_id": null, "source_priority": null, "cyclic_time": false, "meta_categorie": null, "meta_waterbeheerder": null, "meta_node_id": 3227.0, "meta_old_node_id": null, "meta_couple_authority": null }, "geometry": { "type": "Point", "coordinates": [ 106096.486585601902334, 531584.868500001728535 ] } },
{ "type": "Feature", "properties": { "node_id": 3228, "node_type": "ManningResistance", "name": "", "subnetwork_id": null, "source_priority": null, "cyclic_time": false, "meta_categorie": null, "meta_waterbeheerder": null, "meta_node_id": 3228.0, "meta_old_node_id": null, "meta_couple_authority": null }, "geometry": { "type": "Point", "coordinates": [ 111718.062475349724991, 512306.385999999940395 ] } },
{ "type": "Feature", "properties": { "node_id": 3229, "node_type": "ManningResistance", "name": "", "subnetwork_id": null, "source_priority": null, "cyclic_time": false, "meta_categorie": null, "meta_waterbeheerder": null, "meta_node_id": 3229.0, "meta_old_node_id": null, "meta_couple_authority": null }, "geometry": { "type": "Point", "coordinates": [ 123028.604800160828745, 529489.408549999818206 ] } },
{ "type": "Feature", "properties": { "node_id": 3230, "node_type": "ManningResistance", "name": "", "subnetwork_id": null, "source_priority": null, "cyclic_time": false, "meta_categorie": null, "meta_waterbeheerder": null, "meta_node_id": 3230.0, "meta_old_node_id": null, "meta_couple_authority": null }, "geometry": { "type": "Point", "coordinates": [ 105175.51741796186252, 500364.858999999240041 ] } },
{ "type": "Feature", "properties": { "node_id": 3231, "node_type": "ManningResistance", "name": "", "subnetwork_id": null, "source_priority": null, "cyclic_time": false, "meta_categorie": null, "meta_waterbeheerder": null, "meta_node_id": 3231.0, "meta_old_node_id": null, "meta_couple_authority": null }, "geometry": { "type": "Point", "coordinates": [ 111543.3670562938496, 533574.77559999935329 ] } },
{ "type": "Feature", "properties": { "node_id": 3232, "node_type": "ManningResistance", "name": "", "subnetwork_id": null, "source_priority": null, "cyclic_time": false, "meta_categorie": null, "meta_waterbeheerder": null, "meta_node_id": 3232.0, "meta_old_node_id": null, "meta_couple_authority": null }, "geometry": { "type": "Point", "coordinates": [ 128068.131756363145541, 488423.195000000298023 ] } },
{ "type": "Feature", "properties": { "node_id": 3233, "node_type": "ManningResistance", "name": "", "subnetwork_id": null, "source_priority": null, "cyclic_time": false, "meta_categorie": null, "meta_waterbeheerder": null, "meta_node_id": 3233.0, "meta_old_node_id": null, "meta_couple_authority": null }, "geometry": { "type": "Point", "coordinates": [ 119152.408296689638519, 534001.792999999597669 ] } },
{ "type": "Feature", "properties": { "node_id": 3234, "node_type": "ManningResistance", "name": "", "subnetwork_id": null, "source_priority": null, "cyclic_time": false, "meta_categorie": null, "meta_waterbeheerder": null, "meta_node_id": 3234.0, "meta_old_node_id": null, "meta_couple_authority": null }, "geometry": { "type": "Point", "coordinates": [ 102202.75197667327302, 500600.807450000196695 ] } },
{ "type": "Feature", "properties": { "node_id": 3235, "node_type": "ManningResistance", "name": "", "subnetwork_id": null, "source_priority": null, "cyclic_time": false, "meta_categorie": null, "meta_waterbeheerder": null, "meta_node_id": 3235.0, "meta_old_node_id": null, "meta_couple_authority": null }, "geometry": { "type": "Point", "coordinates": [ 120884.76088430712116, 500334.840250000357628 ] } },
{ "type": "Feature", "properties": { "node_id": 3236, "node_type": "ManningResistance", "name": "", "subnetwork_id": null, "source_priority": null, "cyclic_time": false, "meta_categorie": null, "meta_waterbeheerder": null, "meta_node_id": 3236.0, "meta_old_node_id": null, "meta_couple_authority": null }, "geometry": { "type": "Point", "coordinates": [ 115891.095487564685754, 567227.890500001609325 ] } },
{ "type": "Feature", "properties": { "node_id": 3237, "node_type": "ManningResistance", "name": "", "subnetwork_id": null, "source_priority": null, "cyclic_time": false, "meta_categorie": null, "meta_waterbeheerder": null, "meta_node_id": 3237.0, "meta_old_node_id": null, "meta_couple_authority": null }, "geometry": { "type": "Point", "coordinates": [ 114974.232672049693065, 537856.479950001463294 ] } },
{ "type": "Feature", "properties": { "node_id": 3238, "node_type": "ManningResistance", "name": "", "subnetwork_id": null, "source_priority": null, "cyclic_time": false, "meta_categorie": null, "meta_waterbeheerder": null, "meta_node_id": 3238.0, "meta_old_node_id": null, "meta_couple_authority": null }, "geometry": { "type": "Point", "coordinates": [ 110858.519266029878054, 538139.500099999830127 ] } },
{ "type": "Feature", "properties": { "node_id": 3239, "node_type": "ManningResistance", "name": "", "subnetwork_id": null, "source_priority": null, "cyclic_time": false, "meta_categorie": null, "meta_waterbeheerder": null, "meta_node_id": 3239.0, "meta_old_node_id": null, "meta_couple_authority": null }, "geometry": { "type": "Point", "coordinates": [ 136430.394124664162518, 516936.503499999642372 ] } },
{ "type": "Feature", "properties": { "node_id": 3240, "node_type": "ManningResistance", "name": "", "subnetwork_id": null, "source_priority": null, "cyclic_time": false, "meta_categorie": null, "meta_waterbeheerder": null, "meta_node_id": 3240.0, "meta_old_node_id": null, "meta_couple_authority": null }, "geometry": { "type": "Point", "coordinates": [ 106550.5663783607597, 517355.449049999937415 ] } },
{ "type": "Feature", "properties": { "node_id": 3241, "node_type": "ManningResistance", "name": "", "subnetwork_id": null, "source_priority": null, "cyclic_time": false, "meta_categorie": null, "meta_waterbeheerder": null, "meta_node_id": 3241.0, "meta_old_node_id": null, "meta_couple_authority": null }, "geometry": { "type": "Point", "coordinates": [ 109759.688539280105033, 539890.865500001236796 ] } },
{ "type": "Feature", "properties": { "node_id": 3242, "node_type": "ManningResistance", "name": "", "subnetwork_id": null, "source_priority": null, "cyclic_time": false, "meta_categorie": null, "meta_waterbeheerder": null, "meta_node_id": 3242.0, "meta_old_node_id": null, "meta_couple_authority": null }, "geometry": { "type": "Point", "coordinates": [ 125606.740628533400013, 543359.990249998867512 ] } },
{ "type": "Feature", "properties": { "node_id": 3243, "node_type": "ManningResistance", "name": "", "subnetwork_id": null, "source_priority": null, "cyclic_time": false, "meta_categorie": null, "meta_waterbeheerder": null, "meta_node_id": 3243.0, "meta_old_node_id": null, "meta_couple_authority": null }, "geometry": { "type": "Point", "coordinates": [ 129014.081729293437093, 497060.184599999338388 ] } },
{ "type": "Feature", "properties": { "node_id": 3244, "node_type": "ManningResistance", "name": "", "subnetwork_id": null, "source_priority": null, "cyclic_time": false, "meta_categorie": null, "meta_waterbeheerder": null, "meta_node_id": 3244.0, "meta_old_node_id": null, "meta_couple_authority": null }, "geometry": { "type": "Point", "coordinates": [ 131765.478183750761673, 499039.148049999028444 ] } },
{ "type": "Feature", "properties": { "node_id": 3245, "node_type": "ManningResistance", "name": "", "subnetwork_id": null, "source_priority": null, "cyclic_time": false, "meta_categorie": null, "meta_waterbeheerder": null, "meta_node_id": 3245.0, "meta_old_node_id": null, "meta_couple_authority": null }, "geometry": { "type": "Point", "coordinates": [ 121301.810762480716221, 525779.752049999311566 ] } },
{ "type": "Feature", "properties": { "node_id": 3246, "node_type": "ManningResistance", "name": "", "subnetwork_id": null, "source_priority": null, "cyclic_time": false, "meta_categorie": null, "meta_waterbeheerder": null, "meta_node_id": 3246.0, "meta_old_node_id": null, "meta_couple_authority": null }, "geometry": { "type": "Point", "coordinates": [ 108504.832317229011096, 526950.737099999561906 ] } },
{ "type": "Feature", "properties": { "node_id": 3247, "node_type": "ManningResistance", "name": "", "subnetwork_id": null, "source_priority": null, "cyclic_time": false, "meta_categorie": null, "meta_waterbeheerder": null, "meta_node_id": 3247.0, "meta_old_node_id": null, "meta_couple_authority": null }, "geometry": { "type": "Point", "coordinates": [ 120683.197278908686712, 518675.555499998852611 ] } },
{ "type": "Feature", "properties": { "node_id": 3248, "node_type": "ManningResistance", "name": "", "subnetwork_id": null, "source_priority": null, "cyclic_time": false, "meta_categorie": null, "meta_waterbeheerder": null, "meta_node_id": 3248.0, "meta_old_node_id": null, "meta_couple_authority": null }, "geometry": { "type": "Point", "coordinates": [ 126825.579145000170683, 503720.815199999138713 ] } },
{ "type": "Feature", "properties": { "node_id": 3249, "node_type": "ManningResistance", "name": "", "subnetwork_id": null, "source_priority": null, "cyclic_time": false, "meta_categorie": null, "meta_waterbeheerder": null, "meta_node_id": 3249.0, "meta_old_node_id": null, "meta_couple_authority": null }, "geometry": { "type": "Point", "coordinates": [ 110769.722884753442486, 508700.37360000051558 ] } },
{ "type": "Feature", "properties": { "node_id": 3250, "node_type": "ManningResistance", "name": "", "subnetwork_id": null, "source_priority": null, "cyclic_time": false, "meta_categorie": null, "meta_waterbeheerder": null, "meta_node_id": 3250.0, "meta_old_node_id": null, "meta_couple_authority": null }, "geometry": { "type": "Point", "coordinates": [ 124710.702908686798764, 490673.960750000551343 ] } },
{ "type": "Feature", "properties": { "node_id": 3251, "node_type": "ManningResistance", "name": "", "subnetwork_id": null, "source_priority": null, "cyclic_time": false, "meta_categorie": null, "meta_waterbeheerder": null, "meta_node_id": 3251.0, "meta_old_node_id": null, "meta_couple_authority": null }, "geometry": { "type": "Point", "coordinates": [ 113898.544609402102651, 503259.522099999710917 ] } },
{ "type": "Feature", "properties": { "node_id": 3252, "node_type": "ManningResistance", "name": "", "subnetwork_id": null, "source_priority": null, "cyclic_time": false, "meta_categorie": null, "meta_waterbeheerder": null, "meta_node_id": 3252.0, "meta_old_node_id": null, "meta_couple_authority": null }, "geometry": { "type": "Point", "coordinates": [ 126087.278088033141103, 534642.431450000032783 ] } },
{ "type": "Feature", "properties": { "node_id": 3253, "node_type": "ManningResistance", "name": "", "subnetwork_id": null, "source_priority": null, "cyclic_time": false, "meta_categorie": null, "meta_waterbeheerder": null, "meta_node_id": 3253.0, "meta_old_node_id": null, "meta_couple_authority": null }, "geometry": { "type": "Point", "coordinates": [ 122453.061866357238614, 491302.378399999812245 ] } },
{ "type": "Feature", "properties": { "node_id": 3254, "node_type": "ManningResistance", "name": "", "subnetwork_id": null, "source_priority": null, "cyclic_time": false, "meta_categorie": null, "meta_waterbeheerder": null, "meta_node_id": 3254.0, "meta_old_node_id": null, "meta_couple_authority": null }, "geometry": { "type": "Point", "coordinates": [ 110582.939127898571314, 534372.73505000025034 ] } },
{ "type": "Feature", "properties": { "node_id": 3255, "node_type": "ManningResistance", "name": "", "subnetwork_id": null, "source_priority": null, "cyclic_time": false, "meta_categorie": null, "meta_waterbeheerder": null, "meta_node_id": 3255.0, "meta_old_node_id": null, "meta_couple_authority": null }, "geometry": { "type": "Point", "coordinates": [ 112582.176834037702065, 523699.853999998420477 ] } },
{ "type": "Feature", "properties": { "node_id": 3256, "node_type": "ManningResistance", "name": "", "subnetwork_id": null, "source_priority": null, "cyclic_time": false, "meta_categorie": null, "meta_waterbeheerder": null, "meta_node_id": 3256.0, "meta_old_node_id": null, "meta_couple_authority": null }, "geometry": { "type": "Point", "coordinates": [ 118405.395234492490999, 495802.546550000086427 ] } },
{ "type": "Feature", "properties": { "node_id": 3257, "node_type": "ManningResistance", "name": "", "subnetwork_id": null, "source_priority": null, "cyclic_time": false, "meta_categorie": null, "meta_waterbeheerder": null, "meta_node_id": 3257.0, "meta_old_node_id": null, "meta_couple_authority": null }, "geometry": { "type": "Point", "coordinates": [ 108890.699188161845086, 521318.04615000076592 ] } },
{ "type": "Feature", "properties": { "node_id": 3258, "node_type": "ManningResistance", "name": "", "subnetwork_id": null, "source_priority": null, "cyclic_time": false, "meta_categorie": null, "meta_waterbeheerder": null, "meta_node_id": 3258.0, "meta_old_node_id": null, "meta_couple_authority": null }, "geometry": { "type": "Point", "coordinates": [ 130677.181304851648747, 490812.541600000113249 ] } },
{ "type": "Feature", "properties": { "node_id": 3259, "node_type": "ManningResistance", "name": "", "subnetwork_id": null, "source_priority": null, "cyclic_time": false, "meta_categorie": null, "meta_waterbeheerder": null, "meta_node_id": 3259.0, "meta_old_node_id": null, "meta_couple_authority": null }, "geometry": { "type": "Point", "coordinates": [ 126840.609728527371772, 493094.880139900720678 ] } },
{ "type": "Feature", "properties": { "node_id": 3260, "node_type": "ManningResistance", "name": "", "subnetwork_id": null, "source_priority": null, "cyclic_time": false, "meta_categorie": null, "meta_waterbeheerder": null, "meta_node_id": 3260.0, "meta_old_node_id": null, "meta_couple_authority": null }, "geometry": { "type": "Point", "coordinates": [ 123267.296485438157106, 524267.491949999704957 ] } },
{ "type": "Feature", "properties": { "node_id": 3261, "node_type": "ManningResistance", "name": "", "subnetwork_id": null, "source_priority": null, "cyclic_time": false, "meta_categorie": null, "meta_waterbeheerder": null, "meta_node_id": 3261.0, "meta_old_node_id": null, "meta_couple_authority": null }, "geometry": { "type": "Point", "coordinates": [ 127416.37025188919506, 494318.151500001549721 ] } },
{ "type": "Feature", "properties": { "node_id": 3262, "node_type": "ManningResistance", "name": "", "subnetwork_id": null, "source_priority": null, "cyclic_time": false, "meta_categorie": null, "meta_waterbeheerder": null, "meta_node_id": 3262.0, "meta_old_node_id": null, "meta_couple_authority": null }, "geometry": { "type": "Point", "coordinates": [ 131177.758220218151109, 494381.703499998897314 ] } },
{ "type": "Feature", "properties": { "node_id": 3263, "node_type": "ManningResistance", "name": "", "subnetwork_id": null, "source_priority": null, "cyclic_time": false, "meta_categorie": null, "meta_waterbeheerder": null, "meta_node_id": 3263.0, "meta_old_node_id": null, "meta_couple_authority": null }, "geometry": { "type": "Point", "coordinates": [ 117076.893463541011442, 506406.323499999940395 ] } },
{ "type": "Feature", "properties": { "node_id": 3264, "node_type": "ManningResistance", "name": "", "subnetwork_id": null, "source_priority": null, "cyclic_time": false, "meta_categorie": null, "meta_waterbeheerder": null, "meta_node_id": 3264.0, "meta_old_node_id": null, "meta_couple_authority": null }, "geometry": { "type": "Point", "coordinates": [ 130107.879634060605895, 511801.379999998956919 ] } },
{ "type": "Feature", "properties": { "node_id": 3265, "node_type": "ManningResistance", "name": "", "subnetwork_id": null, "source_priority": null, "cyclic_time": false, "meta_categorie": null, "meta_waterbeheerder": null, "meta_node_id": 3265.0, "meta_old_node_id": null, "meta_couple_authority": null }, "geometry": { "type": "Point", "coordinates": [ 112610.750549319156562, 494139.08049999922514 ] } },
{ "type": "Feature", "properties": { "node_id": 3266, "node_type": "ManningResistance", "name": "", "subnetwork_id": null, "source_priority": null, "cyclic_time": false, "meta_categorie": null, "meta_waterbeheerder": null, "meta_node_id": 3266.0, "meta_old_node_id": null, "meta_couple_authority": null }, "geometry": { "type": "Point", "coordinates": [ 115431.016429824318038, 527201.157499998807907 ] } },
{ "type": "Feature", "properties": { "node_id": 3267, "node_type": "ManningResistance", "name": "", "subnetwork_id": null, "source_priority": null, "cyclic_time": false, "meta_categorie": null, "meta_waterbeheerder": null, "meta_node_id": 3267.0, "meta_old_node_id": null, "meta_couple_authority": null }, "geometry": { "type": "Point", "coordinates": [ 111526.010693338699639, 496821.86629999987781 ] } },
{ "type": "Feature", "properties": { "node_id": 3268, "node_type": "ManningResistance", "name": "", "subnetwork_id": null, "source_priority": null, "cyclic_time": false, "meta_categorie": null, "meta_waterbeheerder": null, "meta_node_id": 3268.0, "meta_old_node_id": null, "meta_couple_authority": null }, "geometry": { "type": "Point", "coordinates": [ 107709.661767881625565, 520122.691250000149012 ] } },
{ "type": "Feature", "properties": { "node_id": 3269, "node_type": "ManningResistance", "name": "", "subnetwork_id": null, "source_priority": null, "cyclic_time": false, "meta_categorie": null, "meta_waterbeheerder": null, "meta_node_id": 3269.0, "meta_old_node_id": null, "meta_couple_authority": null }, "geometry": { "type": "Point", "coordinates": [ 127102.205727533029858, 489504.595049999654293 ] } },
{ "type": "Feature", "properties": { "node_id": 3270, "node_type": "ManningResistance", "name": "", "subnetwork_id": null, "source_priority": null, "cyclic_time": false, "meta_categorie": null, "meta_waterbeheerder": null, "meta_node_id": 3270.0, "meta_old_node_id": null, "meta_couple_authority": null }, "geometry": { "type": "Point", "coordinates": [ 129051.957466355408542, 487774.564999999478459 ] } },
{ "type": "Feature", "properties": { "node_id": 3271, "node_type": "ManningResistance", "name": "", "subnetwork_id": null, "source_priority": null, "cyclic_time": false, "meta_categorie": null, "meta_waterbeheerder": null, "meta_node_id": 3271.0, "meta_old_node_id": null, "meta_couple_authority": null }, "geometry": { "type": "Point", "coordinates": [ 123147.184825535587152, 490566.203999999910593 ] } },
{ "type": "Feature", "properties": { "node_id": 3272, "node_type": "ManningResistance", "name": "", "subnetwork_id": null, "source_priority": null, "cyclic_time": false, "meta_categorie": null, "meta_waterbeheerder": null, "meta_node_id": 3272.0, "meta_old_node_id": null, "meta_couple_authority": null }, "geometry": { "type": "Point", "coordinates": [ 122651.406501190329436, 516470.389549998566508 ] } },
{ "type": "Feature", "properties": { "node_id": 3273, "node_type": "ManningResistance", "name": "", "subnetwork_id": null, "source_priority": null, "cyclic_time": false, "meta_categorie": null, "meta_waterbeheerder": null, "meta_node_id": 3273.0, "meta_old_node_id": null, "meta_couple_authority": null }, "geometry": { "type": "Point", "coordinates": [ 112897.692387027462246, 506427.86009999923408 ] } },
{ "type": "Feature", "properties": { "node_id": 3274, "node_type": "ManningResistance", "name": "", "subnetwork_id": null, "source_priority": null, "cyclic_time": false, "meta_categorie": null, "meta_waterbeheerder": null, "meta_node_id": 3274.0, "meta_old_node_id": null, "meta_couple_authority": null }, "geometry": { "type": "Point", "coordinates": [ 122105.747252855275292, 491988.040999999269843 ] } },
{ "type": "Feature", "properties": { "node_id": 3275, "node_type": "ManningResistance", "name": "", "subnetwork_id": null, "source_priority": null, "cyclic_time": false, "meta_categorie": null, "meta_waterbeheerder": null, "meta_node_id": 3275.0, "meta_old_node_id": null, "meta_couple_authority": null }, "geometry": { "type": "Point", "coordinates": [ 109776.2243765660387, 530128.899050001055002 ] } },
{ "type": "Feature", "properties": { "node_id": 3276, "node_type": "ManningResistance", "name": "", "subnetwork_id": null, "source_priority": null, "cyclic_time": false, "meta_categorie": null, "meta_waterbeheerder": null, "meta_node_id": 3276.0, "meta_old_node_id": null, "meta_couple_authority": null }, "geometry": { "type": "Point", "coordinates": [ 107106.437595538314781, 506494.822499999776483 ] } },
{ "type": "Feature", "properties": { "node_id": 3277, "node_type": "ManningResistance", "name": "", "subnetwork_id": null, "source_priority": null, "cyclic_time": false, "meta_categorie": null, "meta_waterbeheerder": null, "meta_node_id": 3277.0, "meta_old_node_id": null, "meta_couple_authority": null }, "geometry": { "type": "Point", "coordinates": [ 108073.370635303930612, 528707.595000000670552 ] } },
{ "type": "Feature", "properties": { "node_id": 3278, "node_type": "ManningResistance", "name": "", "subnetwork_id": null, "source_priority": null, "cyclic_time": false, "meta_categorie": null, "meta_waterbeheerder": null, "meta_node_id": 3278.0, "meta_old_node_id": null, "meta_couple_authority": null }, "geometry": { "type": "Point", "coordinates": [ 109364.142114982649218, 525484.879499999806285 ] } },
{ "type": "Feature", "properties": { "node_id": 3279, "node_type": "ManningResistance", "name": "", "subnetwork_id": null, "source_priority": null, "cyclic_time": false, "meta_categorie": null, "meta_waterbeheerder": null, "meta_node_id": 3279.0, "meta_old_node_id": null, "meta_couple_authority": null }, "geometry": { "type": "Point", "coordinates": [ 129051.548039247165434, 490378.422900000587106 ] } },
{ "type": "Feature", "properties": { "node_id": 3280, "node_type": "ManningResistance", "name": "", "subnetwork_id": null, "source_priority": null, "cyclic_time": false, "meta_categorie": null, "meta_waterbeheerder": null, "meta_node_id": 3280.0, "meta_old_node_id": null, "meta_couple_authority": null }, "geometry": { "type": "Point", "coordinates": [ 122732.840454101853538, 498587.673000000417233 ] } },
{ "type": "Feature", "properties": { "node_id": 3281, "node_type": "ManningResistance", "name": "", "subnetwork_id": null, "source_priority": null, "cyclic_time": false, "meta_categorie": null, "meta_waterbeheerder": null, "meta_node_id": 3281.0, "meta_old_node_id": null, "meta_couple_authority": null }, "geometry": { "type": "Point", "coordinates": [ 108256.873621639650082, 502303.145800000056624 ] } },
{ "type": "Feature", "properties": { "node_id": 3282, "node_type": "ManningResistance", "name": "", "subnetwork_id": null, "source_priority": null, "cyclic_time": false, "meta_categorie": null, "meta_waterbeheerder": null, "meta_node_id": 3282.0, "meta_old_node_id": null, "meta_couple_authority": null }, "geometry": { "type": "Point", "coordinates": [ 115074.425387631927151, 530545.182049999013543 ] } },
{ "type": "Feature", "properties": { "node_id": 3283, "node_type": "ManningResistance", "name": "", "subnetwork_id": null, "source_priority": null, "cyclic_time": false, "meta_categorie": null, "meta_waterbeheerder": null, "meta_node_id": 3283.0, "meta_old_node_id": null, "meta_couple_authority": null }, "geometry": { "type": "Point", "coordinates": [ 107699.353409621864557, 513328.024000000208616 ] } },
{ "type": "Feature", "properties": { "node_id": 3284, "node_type": "ManningResistance", "name": "", "subnetwork_id": null, "source_priority": null, "cyclic_time": false, "meta_categorie": null, "meta_waterbeheerder": null, "meta_node_id": 3284.0, "meta_old_node_id": null, "meta_couple_authority": null }, "geometry": { "type": "Point", "coordinates": [ 113173.964314941404155, 522426.340500000864267 ] } },
{ "type": "Feature", "properties": { "node_id": 3285, "node_type": "ManningResistance", "name": "", "subnetwork_id": null, "source_priority": null, "cyclic_time": false, "meta_categorie": null, "meta_waterbeheerder": null, "meta_node_id": 3285.0, "meta_old_node_id": null, "meta_couple_authority": null }, "geometry": { "type": "Point", "coordinates": [ 113691.268494447445846, 559003.56900000013411 ] } },
{ "type": "Feature", "properties": { "node_id": 3286, "node_type": "ManningResistance", "name": "", "subnetwork_id": null, "source_priority": null, "cyclic_time": false, "meta_categorie": null, "meta_waterbeheerder": null, "meta_node_id": 3286.0, "meta_old_node_id": null, "meta_couple_authority": null }, "geometry": { "type": "Point", "coordinates": [ 121844.737951314120437, 533715.86600000038743 ] } },
{ "type": "Feature", "properties": { "node_id": 3288, "node_type": "ManningResistance", "name": "", "subnetwork_id": null, "source_priority": null, "cyclic_time": false, "meta_categorie": null, "meta_waterbeheerder": null, "meta_node_id": 3288.0, "meta_old_node_id": null, "meta_couple_authority": null }, "geometry": { "type": "Point", "coordinates": [ 123044.300712595315417, 513992.270649999380112 ] } },
{ "type": "Feature", "properties": { "node_id": 3289, "node_type": "ManningResistance", "name": "", "subnetwork_id": null, "source_priority": null, "cyclic_time": false, "meta_categorie": null, "meta_waterbeheerder": null, "meta_node_id": 3289.0, "meta_old_node_id": null, "meta_couple_authority": null }, "geometry": { "type": "Point", "coordinates": [ 107453.539663556992309, 497121.007000001147389 ] } },
{ "type": "Feature", "properties": { "node_id": 3290, "node_type": "ManningResistance", "name": "", "subnetwork_id": null, "source_priority": null, "cyclic_time": false, "meta_categorie": null, "meta_waterbeheerder": null, "meta_node_id": 3290.0, "meta_old_node_id": null, "meta_couple_authority": null }, "geometry": { "type": "Point", "coordinates": [ 113468.595483397250064, 536431.635000001639128 ] } },
{ "type": "Feature", "properties": { "node_id": 3291, "node_type": "ManningResistance", "name": "", "subnetwork_id": null, "source_priority": null, "cyclic_time": false, "meta_categorie": null, "meta_waterbeheerder": null, "meta_node_id": 3291.0, "meta_old_node_id": null, "meta_couple_authority": null }, "geometry": { "type": "Point", "coordinates": [ 129062.671352630626643, 494153.795049998909235 ] } },
{ "type": "Feature", "properties": { "node_id": 3292, "node_type": "ManningResistance", "name": "", "subnetwork_id": null, "source_priority": null, "cyclic_time": false, "meta_categorie": null, "meta_waterbeheerder": null, "meta_node_id": 3292.0, "meta_old_node_id": null, "meta_couple_authority": null }, "geometry": { "type": "Point", "coordinates": [ 111980.074668794797617, 517170.761749999597669 ] } },
{ "type": "Feature", "properties": { "node_id": 3293, "node_type": "ManningResistance", "name": "", "subnetwork_id": null, "source_priority": null, "cyclic_time": false, "meta_categorie": null, "meta_waterbeheerder": null, "meta_node_id": 3293.0, "meta_old_node_id": null, "meta_couple_authority": null }, "geometry": { "type": "Point", "coordinates": [ 123724.818055252893828, 522329.733500000089407 ] } },
{ "type": "Feature", "properties": { "node_id": 3294, "node_type": "ManningResistance", "name": "", "subnetwork_id": null, "source_priority": null, "cyclic_time": false, "meta_categorie": null, "meta_waterbeheerder": null, "meta_node_id": 3294.0, "meta_old_node_id": null, "meta_couple_authority": null }, "geometry": { "type": "Point", "coordinates": [ 129721.263277536054375, 547160.365000000223517 ] } },
{ "type": "Feature", "properties": { "node_id": 3296, "node_type": "ManningResistance", "name": "", "subnetwork_id": null, "source_priority": null, "cyclic_time": false, "meta_categorie": null, "meta_waterbeheerder": null, "meta_node_id": 3296.0, "meta_old_node_id": null, "meta_couple_authority": null }, "geometry": { "type": "Point", "coordinates": [ 122125.691947801009519, 492883.930650001391768 ] } },
{ "type": "Feature", "properties": { "node_id": 3298, "node_type": "ManningResistance", "name": "", "subnetwork_id": null, "source_priority": null, "cyclic_time": false, "meta_categorie": null, "meta_waterbeheerder": null, "meta_node_id": 3298.0, "meta_old_node_id": null, "meta_couple_authority": null }, "geometry": { "type": "Point", "coordinates": [ 124113.718620595012908, 499960.400149999186397 ] } },
{ "type": "Feature", "properties": { "node_id": 3299, "node_type": "ManningResistance", "name": "", "subnetwork_id": null, "source_priority": null, "cyclic_time": false, "meta_categorie": null, "meta_waterbeheerder": null, "meta_node_id": 3299.0, "meta_old_node_id": null, "meta_couple_authority": null }, "geometry": { "type": "Point", "coordinates": [ 116305.805883171036839, 508026.674850000068545 ] } },
{ "type": "Feature", "properties": { "node_id": 3300, "node_type": "ManningResistance", "name": "", "subnetwork_id": null, "source_priority": null, "cyclic_time": false, "meta_categorie": null, "meta_waterbeheerder": null, "meta_node_id": 3300.0, "meta_old_node_id": null, "meta_couple_authority": null }, "geometry": { "type": "Point", "coordinates": [ 115110.886996551707853, 511501.846099998801947 ] } },
{ "type": "Feature", "properties": { "node_id": 3301, "node_type": "ManningResistance", "name": "", "subnetwork_id": null, "source_priority": null, "cyclic_time": false, "meta_categorie": null, "meta_waterbeheerder": null, "meta_node_id": 3301.0, "meta_old_node_id": null, "meta_couple_authority": null }, "geometry": { "type": "Point", "coordinates": [ 116602.33375343165244, 534407.485999999567866 ] } },
{ "type": "Feature", "properties": { "node_id": 3302, "node_type": "ManningResistance", "name": "", "subnetwork_id": null, "source_priority": null, "cyclic_time": false, "meta_categorie": null, "meta_waterbeheerder": null, "meta_node_id": 3302.0, "meta_old_node_id": null, "meta_couple_authority": null }, "geometry": { "type": "Point", "coordinates": [ 111223.452830052672653, 506956.403200000524521 ] } },
{ "type": "Feature", "properties": { "node_id": 3303, "node_type": "ManningResistance", "name": "", "subnetwork_id": null, "source_priority": null, "cyclic_time": false, "meta_categorie": null, "meta_waterbeheerder": null, "meta_node_id": 3303.0, "meta_old_node_id": null, "meta_couple_authority": null }, "geometry": { "type": "Point", "coordinates": [ 127343.038017611936084, 495182.217550000175834 ] } },
{ "type": "Feature", "properties": { "node_id": 3304, "node_type": "ManningResistance", "name": "", "subnetwork_id": null, "source_priority": null, "cyclic_time": false, "meta_categorie": null, "meta_waterbeheerder": null, "meta_node_id": 3304.0, "meta_old_node_id": null, "meta_couple_authority": null }, "geometry": { "type": "Point", "coordinates": [ 128368.552067276817979, 510814.420150000602007 ] } },
{ "type": "Feature", "properties": { "node_id": 3305, "node_type": "ManningResistance", "name": "", "subnetwork_id": null, "source_priority": null, "cyclic_time": false, "meta_categorie": null, "meta_waterbeheerder": null, "meta_node_id": 3305.0, "meta_old_node_id": null, "meta_couple_authority": null }, "geometry": { "type": "Point", "coordinates": [ 125733.040222182971775, 501363.020150000229478 ] } },
{ "type": "Feature", "properties": { "node_id": 3307, "node_type": "ManningResistance", "name": "", "subnetwork_id": null, "source_priority": null, "cyclic_time": false, "meta_categorie": null, "meta_waterbeheerder": null, "meta_node_id": 3307.0, "meta_old_node_id": null, "meta_couple_authority": null }, "geometry": { "type": "Point", "coordinates": [ 111287.068664741702378, 517614.030350001528859 ] } },
{ "type": "Feature", "properties": { "node_id": 3309, "node_type": "ManningResistance", "name": "", "subnetwork_id": null, "source_priority": null, "cyclic_time": false, "meta_categorie": null, "meta_waterbeheerder": null, "meta_node_id": 3309.0, "meta_old_node_id": null, "meta_couple_authority": null }, "geometry": { "type": "Point", "coordinates": [ 136469.111605905636679, 496738.50620000064373 ] } },
{ "type": "Feature", "properties": { "node_id": 3310, "node_type": "ManningResistance", "name": "", "subnetwork_id": null, "source_priority": null, "cyclic_time": false, "meta_categorie": null, "meta_waterbeheerder": null, "meta_node_id": 3310.0, "meta_old_node_id": null, "meta_couple_authority": null }, "geometry": { "type": "Point", "coordinates": [ 124610.378022915741894, 529417.774100000038743 ] } },
{ "type": "Feature", "properties": { "node_id": 3311, "node_type": "ManningResistance", "name": "", "subnetwork_id": null, "source_priority": null, "cyclic_time": false, "meta_categorie": null, "meta_waterbeheerder": null, "meta_node_id": 3311.0, "meta_old_node_id": null, "meta_couple_authority": null }, "geometry": { "type": "Point", "coordinates": [ 129966.088044734424329, 496325.657449999824166 ] } },
{ "type": "Feature", "properties": { "node_id": 3312, "node_type": "ManningResistance", "name": "", "subnetwork_id": null, "source_priority": null, "cyclic_time": false, "meta_categorie": null, "meta_waterbeheerder": null, "meta_node_id": 3312.0, "meta_old_node_id": null, "meta_couple_authority": null }, "geometry": { "type": "Point", "coordinates": [ 110261.147592413122766, 506136.219550000503659 ] } },
{ "type": "Feature", "properties": { "node_id": 3313, "node_type": "ManningResistance", "name": "", "subnetwork_id": null, "source_priority": null, "cyclic_time": false, "meta_categorie": null, "meta_waterbeheerder": null, "meta_node_id": 3313.0, "meta_old_node_id": null, "meta_couple_authority": null }, "geometry": { "type": "Point", "coordinates": [ 123841.348900866694748, 544677.405000001192093 ] } },
{ "type": "Feature", "properties": { "node_id": 3314, "node_type": "ManningResistance", "name": "", "subnetwork_id": null, "source_priority": null, "cyclic_time": false, "meta_categorie": null, "meta_waterbeheerder": null, "meta_node_id": 3314.0, "meta_old_node_id": null, "meta_couple_authority": null }, "geometry": { "type": "Point", "coordinates": [ 115927.500080236262875, 525240.304099999368191 ] } },
{ "type": "Feature", "properties": { "node_id": 3315, "node_type": "ManningResistance", "name": "", "subnetwork_id": null, "source_priority": null, "cyclic_time": false, "meta_categorie": null, "meta_waterbeheerder": null, "meta_node_id": 3315.0, "meta_old_node_id": null, "meta_couple_authority": null }, "geometry": { "type": "Point", "coordinates": [ 133578.489898428728338, 501158.505999999120831 ] } },
{ "type": "Feature", "properties": { "node_id": 3316, "node_type": "ManningResistance", "name": "", "subnetwork_id": null, "source_priority": null, "cyclic_time": false, "meta_categorie": null, "meta_waterbeheerder": null, "meta_node_id": 3316.0, "meta_old_node_id": null, "meta_couple_authority": null }, "geometry": { "type": "Point", "coordinates": [ 114402.916324250836624, 527654.587000001221895 ] } },
{ "type": "Feature", "properties": { "node_id": 3317, "node_type": "ManningResistance", "name": "", "subnetwork_id": null, "source_priority": null, "cyclic_time": false, "meta_categorie": null, "meta_waterbeheerder": null, "meta_node_id": 3317.0, "meta_old_node_id": null, "meta_couple_authority": null }, "geometry": { "type": "Point", "coordinates": [ 133721.033477705786936, 536423.370999999344349 ] } },
{ "type": "Feature", "properties": { "node_id": 3318, "node_type": "ManningResistance", "name": "", "subnetwork_id": null, "source_priority": null, "cyclic_time": false, "meta_categorie": null, "meta_waterbeheerder": null, "meta_node_id": 3318.0, "meta_old_node_id": null, "meta_couple_authority": null }, "geometry": { "type": "Point", "coordinates": [ 119923.133572970284149, 536920.239349998533726 ] } },
{ "type": "Feature", "properties": { "node_id": 3320, "node_type": "ManningResistance", "name": "", "subnetwork_id": null, "source_priority": null, "cyclic_time": false, "meta_categorie": null, "meta_waterbeheerder": null, "meta_node_id": 3320.0, "meta_old_node_id": null, "meta_couple_authority": null }, "geometry": { "type": "Point", "coordinates": [ 131986.04659892161726, 496794.398150000721216 ] } },
{ "type": "Feature", "properties": { "node_id": 3321, "node_type": "ManningResistance", "name": "", "subnetwork_id": null, "source_priority": null, "cyclic_time": false, "meta_categorie": null, "meta_waterbeheerder": null, "meta_node_id": 3321.0, "meta_old_node_id": null, "meta_couple_authority": null }, "geometry": { "type": "Point", "coordinates": [ 112330.780781878565904, 535659.880149999633431 ] } },
{ "type": "Feature", "properties": { "node_id": 3322, "node_type": "ManningResistance", "name": "", "subnetwork_id": null, "source_priority": null, "cyclic_time": false, "meta_categorie": null, "meta_waterbeheerder": null, "meta_node_id": 3322.0, "meta_old_node_id": null, "meta_couple_authority": null }, "geometry": { "type": "Point", "coordinates": [ 113076.373704453959363, 516205.433650000020862 ] } },
{ "type": "Feature", "properties": { "node_id": 3324, "node_type": "ManningResistance", "name": "", "subnetwork_id": null, "source_priority": null, "cyclic_time": false, "meta_categorie": null, "meta_waterbeheerder": null, "meta_node_id": 3324.0, "meta_old_node_id": null, "meta_couple_authority": null }, "geometry": { "type": "Point", "coordinates": [ 120563.262037397333188, 532122.137500001117587 ] } },
{ "type": "Feature", "properties": { "node_id": 3325, "node_type": "ManningResistance", "name": "", "subnetwork_id": null, "source_priority": null, "cyclic_time": false, "meta_categorie": null, "meta_waterbeheerder": null, "meta_node_id": 3325.0, "meta_old_node_id": null, "meta_couple_authority": null }, "geometry": { "type": "Point", "coordinates": [ 130417.404000699956669, 511001.080000000074506 ] } },
{ "type": "Feature", "properties": { "node_id": 3326, "node_type": "ManningResistance", "name": "", "subnetwork_id": null, "source_priority": null, "cyclic_time": false, "meta_categorie": null, "meta_waterbeheerder": null, "meta_node_id": 3326.0, "meta_old_node_id": null, "meta_couple_authority": null }, "geometry": { "type": "Point", "coordinates": [ 111099.583016654098174, 494453.728999998420477 ] } },
{ "type": "Feature", "properties": { "node_id": 3327, "node_type": "ManningResistance", "name": "", "subnetwork_id": null, "source_priority": null, "cyclic_time": false, "meta_categorie": null, "meta_waterbeheerder": null, "meta_node_id": 3327.0, "meta_old_node_id": null, "meta_couple_authority": null }, "geometry": { "type": "Point", "coordinates": [ 115901.270059174130438, 538810.02449999935925 ] } },
{ "type": "Feature", "properties": { "node_id": 3328, "node_type": "ManningResistance", "name": "", "subnetwork_id": null, "source_priority": null, "cyclic_time": false, "meta_categorie": null, "meta_waterbeheerder": null, "meta_node_id": 3328.0, "meta_old_node_id": null, "meta_couple_authority": null }, "geometry": { "type": "Point", "coordinates": [ 130090.446900745591847, 493749.944500001147389 ] } },
{ "type": "Feature", "properties": { "node_id": 3329, "node_type": "ManningResistance", "name": "", "subnetwork_id": null, "source_priority": null, "cyclic_time": false, "meta_categorie": null, "meta_waterbeheerder": null, "meta_node_id": 3329.0, "meta_old_node_id": null, "meta_couple_authority": null }, "geometry": { "type": "Point", "coordinates": [ 123393.009235637335223, 531692.298049999400973 ] } },
{ "type": "Feature", "properties": { "node_id": 3330, "node_type": "ManningResistance", "name": "", "subnetwork_id": null, "source_priority": null, "cyclic_time": false, "meta_categorie": null, "meta_waterbeheerder": null, "meta_node_id": 3330.0, "meta_old_node_id": null, "meta_couple_authority": null }, "geometry": { "type": "Point", "coordinates": [ 134101.493586950062308, 494042.531050000339746 ] } },
{ "type": "Feature", "properties": { "node_id": 3331, "node_type": "ManningResistance", "name": "", "subnetwork_id": null, "source_priority": null, "cyclic_time": false, "meta_categorie": null, "meta_waterbeheerder": null, "meta_node_id": 3331.0, "meta_old_node_id": null, "meta_couple_authority": null }, "geometry": { "type": "Point", "coordinates": [ 118139.870846359001007, 535046.514000000432134 ] } },
{ "type": "Feature", "properties": { "node_id": 3333, "node_type": "ManningResistance", "name": "", "subnetwork_id": null, "source_priority": null, "cyclic_time": false, "meta_categorie": null, "meta_waterbeheerder": null, "meta_node_id": 3333.0, "meta_old_node_id": null, "meta_couple_authority": null }, "geometry": { "type": "Point", "coordinates": [ 124533.217433275305666, 502701.213250000029802 ] } },
{ "type": "Feature", "properties": { "node_id": 3337, "node_type": "ManningResistance", "name": "", "subnetwork_id": null, "source_priority": null, "cyclic_time": false, "meta_categorie": null, "meta_waterbeheerder": null, "meta_node_id": 3337.0, "meta_old_node_id": null, "meta_couple_authority": null }, "geometry": { "type": "Point", "coordinates": [ 140430.532554774545133, 527747.8260000012815 ] } },
{ "type": "Feature", "properties": { "node_id": 3584, "node_type": "LevelBoundary", "name": "", "subnetwork_id": null, "source_priority": null, "cyclic_time": false, "meta_categorie": null, "meta_waterbeheerder": null, "meta_node_id": 3584.0, "meta_old_node_id": 246.0, "meta_couple_authority": "Rijkswaterstaat" }, "geometry": { "type": "Point", "coordinates": [ 135679.468999997538049, 541715.016000000410713 ] } },
{ "type": "Feature", "properties": { "node_id": 3622, "node_type": "LevelBoundary", "name": "", "subnetwork_id": null, "source_priority": null, "cyclic_time": false, "meta_categorie": null, "meta_waterbeheerder": null, "meta_node_id": 3622.0, "meta_old_node_id": 284.0, "meta_couple_authority": "Rijkswaterstaat" }, "geometry": { "type": "Point", "coordinates": [ 136313.607999998988817, 536753.965000000083819 ] } },
{ "type": "Feature", "properties": { "node_id": 3660, "node_type": "LevelBoundary", "name": "", "subnetwork_id": null, "source_priority": null, "cyclic_time": false, "meta_categorie": null, "meta_waterbeheerder": null, "meta_node_id": 3660.0, "meta_old_node_id": 322.0, "meta_couple_authority": "Rijkswaterstaat" }, "geometry": { "type": "Point", "coordinates": [ 136370.03999999500229, 537338.741000002948567 ] } },
{ "type": "Feature", "properties": { "node_id": 3666, "node_type": "LevelBoundary", "name": "", "subnetwork_id": null, "source_priority": null, "cyclic_time": false, "meta_categorie": null, "meta_waterbeheerder": null, "meta_node_id": 3666.0, "meta_old_node_id": 328.0, "meta_couple_authority": "Rijkswaterstaat" }, "geometry": { "type": "Point", "coordinates": [ 130074.926100000811857, 512760.134300001373049 ] } },
{ "type": "Feature", "properties": { "node_id": 3670, "node_type": "LevelBoundary", "name": "", "subnetwork_id": null, "source_priority": null, "cyclic_time": false, "meta_categorie": null, "meta_waterbeheerder": null, "meta_node_id": 3670.0, "meta_old_node_id": 332.0, "meta_couple_authority": "Rijkswaterstaat" }, "geometry": { "type": "Point", "coordinates": [ 129914.618500000957283, 512871.961900000926107 ] } },
{ "type": "Feature", "properties": { "node_id": 3675, "node_type": "LevelBoundary", "name": "", "subnetwork_id": null, "source_priority": null, "cyclic_time": false, "meta_categorie": null, "meta_waterbeheerder": null, "meta_node_id": 3675.0, "meta_old_node_id": 337.0, "meta_couple_authority": "Rijkswaterstaat" }, "geometry": { "type": "Point", "coordinates": [ 123022.095659030819661, 490419.064000153157394 ] } },
{ "type": "Feature", "properties": { "node_id": 3793, "node_type": "LevelBoundary", "name": "", "subnetwork_id": null, "source_priority": null, "cyclic_time": false, "meta_categorie": null, "meta_waterbeheerder": null, "meta_node_id": 3793.0, "meta_old_node_id": 455.0, "meta_couple_authority": "Rijkswaterstaat" }, "geometry": { "type": "Point", "coordinates": [ 136522.171199999458622, 539012.020500002079643 ] } },
{ "type": "Feature", "properties": { "node_id": 3796, "node_type": "LevelBoundary", "name": "", "subnetwork_id": null, "source_priority": null, "cyclic_time": false, "meta_categorie": null, "meta_waterbeheerder": null, "meta_node_id": 3796.0, "meta_old_node_id": 458.0, "meta_couple_authority": "Rijkswaterstaat" }, "geometry": { "type": "Point", "coordinates": [ 148349.304999999440042, 523893.07499999931315 ] } },
{ "type": "Feature", "properties": { "node_id": 3836, "node_type": "LevelBoundary", "name": "", "subnetwork_id": null, "source_priority": null, "cyclic_time": false, "meta_categorie": null, "meta_waterbeheerder": null, "meta_node_id": 3836.0, "meta_old_node_id": 498.0, "meta_couple_authority": "Rijkswaterstaat" }, "geometry": { "type": "Point", "coordinates": [ 136447.08219999819994, 538180.944400001317263 ] } },
{ "type": "Feature", "properties": { "node_id": 3851, "node_type": "LevelBoundary", "name": "", "subnetwork_id": null, "source_priority": null, "cyclic_time": false, "meta_categorie": null, "meta_waterbeheerder": null, "meta_node_id": 3851.0, "meta_old_node_id": 513.0, "meta_couple_authority": "Rijkswaterstaat" }, "geometry": { "type": "Point", "coordinates": [ 122348.746430310638971, 488547.840526114625391 ] } },
{ "type": "Feature", "properties": { "node_id": 3868, "node_type": "LevelBoundary", "name": "", "subnetwork_id": null, "source_priority": null, "cyclic_time": false, "meta_categorie": null, "meta_waterbeheerder": null, "meta_node_id": 3868.0, "meta_old_node_id": 530.0, "meta_couple_authority": "Rijkswaterstaat" }, "geometry": { "type": "Point", "coordinates": [ 148377.621099999843864, 523657.825500001374166 ] } },
{ "type": "Feature", "properties": { "node_id": 3881, "node_type": "LevelBoundary", "name": "", "subnetwork_id": null, "source_priority": null, "cyclic_time": false, "meta_categorie": null, "meta_waterbeheerder": null, "meta_node_id": 3881.0, "meta_old_node_id": 543.0, "meta_couple_authority": "Rijkswaterstaat" }, "geometry": { "type": "Point", "coordinates": [ 136112.171999995713122, 534555.482000005198643 ] } },
{ "type": "Feature", "properties": { "node_id": 3983, "node_type": "LevelBoundary", "name": "", "subnetwork_id": null, "source_priority": null, "cyclic_time": false, "meta_categorie": null, "meta_waterbeheerder": null, "meta_node_id": 3983.0, "meta_old_node_id": 645.0, "meta_couple_authority": "Rijkswaterstaat" }, "geometry": { "type": "Point", "coordinates": [ 136492.474000001238892, 531550.337999999988824 ] } },
{ "type": "Feature", "properties": { "node_id": 3989, "node_type": "LevelBoundary", "name": "", "subnetwork_id": null, "source_priority": null, "cyclic_time": false, "meta_categorie": null, "meta_waterbeheerder": null, "meta_node_id": 3989.0, "meta_old_node_id": 651.0, "meta_couple_authority": "Rijkswaterstaat" }, "geometry": { "type": "Point", "coordinates": [ 131274.798999998689396, 548373.886999998241663 ] } },
{ "type": "Feature", "properties": { "node_id": 4010, "node_type": "LevelBoundary", "name": "", "subnetwork_id": null, "source_priority": null, "cyclic_time": false, "meta_categorie": null, "meta_waterbeheerder": null, "meta_node_id": 4010.0, "meta_old_node_id": 672.0, "meta_couple_authority": "Rijkswaterstaat" }, "geometry": { "type": "Point", "coordinates": [ 140010.316300001228228, 527734.178300002356991 ] } },
{ "type": "Feature", "properties": { "node_id": 4011, "node_type": "LevelBoundary", "name": "", "subnetwork_id": null, "source_priority": null, "cyclic_time": false, "meta_categorie": null, "meta_waterbeheerder": null, "meta_node_id": 4011.0, "meta_old_node_id": 673.0, "meta_couple_authority": "Rijkswaterstaat" }, "geometry": { "type": "Point", "coordinates": [ 134408.885799996991409, 544253.074299997999333 ] } },
{ "type": "Feature", "properties": { "node_id": 4046, "node_type": "LevelBoundary", "name": "", "subnetwork_id": null, "source_priority": null, "cyclic_time": false, "meta_categorie": null, "meta_waterbeheerder": null, "meta_node_id": 4046.0, "meta_old_node_id": 708.0, "meta_couple_authority": "Rijkswaterstaat" }, "geometry": { "type": "Point", "coordinates": [ 136521.635299999616109, 539014.882999999448657 ] } },
{ "type": "Feature", "properties": { "node_id": 4051, "node_type": "LevelBoundary", "name": "", "subnetwork_id": null, "source_priority": null, "cyclic_time": false, "meta_categorie": null, "meta_waterbeheerder": null, "meta_node_id": 4051.0, "meta_old_node_id": 713.0, "meta_couple_authority": "Rijkswaterstaat" }, "geometry": { "type": "Point", "coordinates": [ 136050.614000000205124, 531514.328000001609325 ] } },
{ "type": "Feature", "properties": { "node_id": 4092, "node_type": "LevelBoundary", "name": "", "subnetwork_id": null, "source_priority": null, "cyclic_time": false, "meta_categorie": null, "meta_waterbeheerder": null, "meta_node_id": 4092.0, "meta_old_node_id": 754.0, "meta_couple_authority": "Rijkswaterstaat" }, "geometry": { "type": "Point", "coordinates": [ 136164.16950000153156, 516459.5854000003892 ] } },
{ "type": "Feature", "properties": { "node_id": 4100, "node_type": "LevelBoundary", "name": "", "subnetwork_id": null, "source_priority": null, "cyclic_time": false, "meta_categorie": null, "meta_waterbeheerder": null, "meta_node_id": 4100.0, "meta_old_node_id": 762.0, "meta_couple_authority": "Rijkswaterstaat" }, "geometry": { "type": "Point", "coordinates": [ 135543.467300002317643, 496767.285000002360903 ] } },
{ "type": "Feature", "properties": { "node_id": 4121, "node_type": "LevelBoundary", "name": "", "subnetwork_id": null, "source_priority": null, "cyclic_time": false, "meta_categorie": null, "meta_waterbeheerder": null, "meta_node_id": 4121.0, "meta_old_node_id": 783.0, "meta_couple_authority": "Rijkswaterstaat" }, "geometry": { "type": "Point", "coordinates": [ 132699.944400001288159, 500343.554000001400709 ] } },
{ "type": "Feature", "properties": { "node_id": 4140, "node_type": "LevelBoundary", "name": "", "subnetwork_id": null, "source_priority": null, "cyclic_time": false, "meta_categorie": null, "meta_waterbeheerder": null, "meta_node_id": 4140.0, "meta_old_node_id": 802.0, "meta_couple_authority": "Rijkswaterstaat" }, "geometry": { "type": "Point", "coordinates": [ 134316.050200000259792, 494320.662999998428859 ] } },
{ "type": "Feature", "properties": { "node_id": 4169, "node_type": "LevelBoundary", "name": "", "subnetwork_id": null, "source_priority": null, "cyclic_time": false, "meta_categorie": null, "meta_waterbeheerder": null, "meta_node_id": 4169.0, "meta_old_node_id": 831.0, "meta_couple_authority": "Rijkswaterstaat" }, "geometry": { "type": "Point", "coordinates": [ 136213.973999999434454, 535672.826000001048669 ] } },
{ "type": "Feature", "properties": { "node_id": 4214, "node_type": "LevelBoundary", "name": "", "subnetwork_id": null, "source_priority": null, "cyclic_time": false, "meta_categorie": null, "meta_waterbeheerder": null, "meta_node_id": 4214.0, "meta_old_node_id": 876.0, "meta_couple_authority": "Rijkswaterstaat" }, "geometry": { "type": "Point", "coordinates": [ 148766.379999998956919, 524343.14299999922514 ] } },
{ "type": "Feature", "properties": { "node_id": 4219, "node_type": "LevelBoundary", "name": "", "subnetwork_id": null, "source_priority": null, "cyclic_time": false, "meta_categorie": null, "meta_waterbeheerder": null, "meta_node_id": 4219.0, "meta_old_node_id": 881.0, "meta_couple_authority": "Rijkswaterstaat" }, "geometry": { "type": "Point", "coordinates": [ 131034.085073531532544, 497383.035962156369351 ] } },
{ "type": "Feature", "properties": { "node_id": 4253, "node_type": "LevelBoundary", "name": "", "subnetwork_id": null, "source_priority": null, "cyclic_time": false, "meta_categorie": null, "meta_waterbeheerder": null, "meta_node_id": 4253.0, "meta_old_node_id": 915.0, "meta_couple_authority": "Rijkswaterstaat" }, "geometry": { "type": "Point", "coordinates": [ 134832.14000000001397, 543405.256000001216307 ] } },
{ "type": "Feature", "properties": { "node_id": 4283, "node_type": "LevelBoundary", "name": "", "subnetwork_id": null, "source_priority": null, "cyclic_time": false, "meta_categorie": null, "meta_waterbeheerder": null, "meta_node_id": 4283.0, "meta_old_node_id": 945.0, "meta_couple_authority": "Rijkswaterstaat" }, "geometry": { "type": "Point", "coordinates": [ 136981.852999997732695, 516246.500999998883344 ] } },
{ "type": "Feature", "properties": { "node_id": 4305, "node_type": "LevelBoundary", "name": "", "subnetwork_id": null, "source_priority": null, "cyclic_time": false, "meta_categorie": null, "meta_waterbeheerder": null, "meta_node_id": 4305.0, "meta_old_node_id": 967.0, "meta_couple_authority": "Rijkswaterstaat" }, "geometry": { "type": "Point", "coordinates": [ 134610.779999999911524, 543852.882399999187328 ] } },
{ "type": "Feature", "properties": { "node_id": 4318, "node_type": "LevelBoundary", "name": "", "subnetwork_id": null, "source_priority": null, "cyclic_time": false, "meta_categorie": null, "meta_waterbeheerder": null, "meta_node_id": 4318.0, "meta_old_node_id": 980.0, "meta_couple_authority": null }, "geometry": { "type": "Point", "coordinates": [ 109558.766600002607447, 542214.398899997584522 ] } },
{ "type": "Feature", "properties": { "node_id": 4357, "node_type": "LevelBoundary", "name": "", "subnetwork_id": null, "source_priority": null, "cyclic_time": false, "meta_categorie": null, "meta_waterbeheerder": null, "meta_node_id": 4357.0, "meta_old_node_id": 1019.0, "meta_couple_authority": "Rijkswaterstaat" }, "geometry": { "type": "Point", "coordinates": [ 136158.79210000106832, 535078.983699999633245 ] } },
{ "type": "Feature", "properties": { "node_id": 4358, "node_type": "LevelBoundary", "name": "", "subnetwork_id": null, "source_priority": null, "cyclic_time": false, "meta_categorie": null, "meta_waterbeheerder": null, "meta_node_id": 4358.0, "meta_old_node_id": 1020.0, "meta_couple_authority": "Rijkswaterstaat" }, "geometry": { "type": "Point", "coordinates": [ 131505.741980657359818, 548321.47690376220271 ] } },
{ "type": "Feature", "properties": { "node_id": 4362, "node_type": "LevelBoundary", "name": "", "subnetwork_id": null, "source_priority": null, "cyclic_time": false, "meta_categorie": null, "meta_waterbeheerder": null, "meta_node_id": 4362.0, "meta_old_node_id": 1024.0, "meta_couple_authority": "Rijkswaterstaat" }, "geometry": { "type": "Point", "coordinates": [ 132288.496999998926185, 497222.220999998389743 ] } },
{ "type": "Feature", "properties": { "node_id": 4370, "node_type": "LevelBoundary", "name": "", "subnetwork_id": null, "source_priority": null, "cyclic_time": false, "meta_categorie": null, "meta_waterbeheerder": null, "meta_node_id": 4370.0, "meta_old_node_id": 1032.0, "meta_couple_authority": "Rijkswaterstaat" }, "geometry": { "type": "Point", "coordinates": [ 122410.693999998926301, 491278.331000001984648 ] } },
{ "type": "Feature", "properties": { "node_id": 4388, "node_type": "LevelBoundary", "name": "", "subnetwork_id": null, "source_priority": null, "cyclic_time": false, "meta_categorie": null, "meta_waterbeheerder": null, "meta_node_id": 4388.0, "meta_old_node_id": 1050.0, "meta_couple_authority": "Rijkswaterstaat" }, "geometry": { "type": "Point", "coordinates": [ 130326.806999999884283, 511668.467999998596497 ] } },
{ "type": "Feature", "properties": { "node_id": 4394, "node_type": "LevelBoundary", "name": "", "subnetwork_id": null, "source_priority": null, "cyclic_time": false, "meta_categorie": null, "meta_waterbeheerder": null, "meta_node_id": 4394.0, "meta_old_node_id": 1056.0, "meta_couple_authority": "Rijkswaterstaat" }, "geometry": { "type": "Point", "coordinates": [ 117391.870000000431901, 494066.180000000633299 ] } },
{ "type": "Feature", "properties": { "node_id": 4397, "node_type": "LevelBoundary", "name": "", "subnetwork_id": null, "source_priority": null, "cyclic_time": false, "meta_categorie": null, "meta_waterbeheerder": null, "meta_node_id": 4397.0, "meta_old_node_id": 1059.0, "meta_couple_authority": "Rijkswaterstaat" }, "geometry": { "type": "Point", "coordinates": [ 132870.087000000959961, 517254.42499999969732 ] } },
{ "type": "Feature", "properties": { "node_id": 4418, "node_type": "LevelBoundary", "name": "", "subnetwork_id": null, "source_priority": null, "cyclic_time": false, "meta_categorie": null, "meta_waterbeheerder": null, "meta_node_id": 4418.0, "meta_old_node_id": 1080.0, "meta_couple_authority": "Rijkswaterstaat" }, "geometry": { "type": "Point", "coordinates": [ 131273.407999999617459, 548374.157000001519918 ] } },
{ "type": "Feature", "properties": { "node_id": 4442, "node_type": "LevelBoundary", "name": "", "subnetwork_id": null, "source_priority": null, "cyclic_time": false, "meta_categorie": null, "meta_waterbeheerder": null, "meta_node_id": 4442.0, "meta_old_node_id": 1104.0, "meta_couple_authority": "Rijkswaterstaat" }, "geometry": { "type": "Point", "coordinates": [ 131032.063867948236293, 497380.146065584849566 ] } },
{ "type": "Feature", "properties": { "node_id": 4450, "node_type": "LevelBoundary", "name": "", "subnetwork_id": null, "source_priority": null, "cyclic_time": false, "meta_categorie": null, "meta_waterbeheerder": null, "meta_node_id": 4450.0, "meta_old_node_id": 1112.0, "meta_couple_authority": "Rijkswaterstaat" }, "geometry": { "type": "Point", "coordinates": [ 129940.156599493566318, 512804.759887454390991 ] } },
{ "type": "Feature", "properties": { "node_id": 4464, "node_type": "LevelBoundary", "name": "", "subnetwork_id": null, "source_priority": null, "cyclic_time": false, "meta_categorie": null, "meta_waterbeheerder": null, "meta_node_id": 4464.0, "meta_old_node_id": 1126.0, "meta_couple_authority": "Rijkswaterstaat" }, "geometry": { "type": "Point", "coordinates": [ 131270.747999999264721, 548374.69900000107009 ] } },
{ "type": "Feature", "properties": { "node_id": 4480, "node_type": "LevelBoundary", "name": "", "subnetwork_id": null, "source_priority": null, "cyclic_time": false, "meta_categorie": null, "meta_waterbeheerder": null, "meta_node_id": 4480.0, "meta_old_node_id": 1142.0, "meta_couple_authority": "Rijkswaterstaat" }, "geometry": { "type": "Point", "coordinates": [ 132677.18090000009397, 500348.394600000232458 ] } },
{ "type": "Feature", "properties": { "node_id": 4488, "node_type": "LevelBoundary", "name": "", "subnetwork_id": null, "source_priority": null, "cyclic_time": false, "meta_categorie": null, "meta_waterbeheerder": null, "meta_node_id": 4488.0, "meta_old_node_id": 1150.0, "meta_couple_authority": "Rijkswaterstaat" }, "geometry": { "type": "Point", "coordinates": [ 106400.855999997234903, 498681.675700002873782 ] } },
{ "type": "Feature", "properties": { "node_id": 4494, "node_type": "LevelBoundary", "name": "", "subnetwork_id": null, "source_priority": null, "cyclic_time": false, "meta_categorie": null, "meta_waterbeheerder": null, "meta_node_id": 4494.0, "meta_old_node_id": 1156.0, "meta_couple_authority": "Rijkswaterstaat" }, "geometry": { "type": "Point", "coordinates": [ 142838.873199999565259, 517511.968100000289269 ] } },
{ "type": "Feature", "properties": { "node_id": 4525, "node_type": "LevelBoundary", "name": "", "subnetwork_id": null, "source_priority": null, "cyclic_time": false, "meta_categorie": null, "meta_waterbeheerder": null, "meta_node_id": 4525.0, "meta_old_node_id": 1187.0, "meta_couple_authority": "Rijkswaterstaat" }, "geometry": { "type": "Point", "coordinates": [ 136226.652722330763936, 516535.68145591870416 ] } },
{ "type": "Feature", "properties": { "node_id": 4526, "node_type": "LevelBoundary", "name": "", "subnetwork_id": null, "source_priority": null, "cyclic_time": false, "meta_categorie": null, "meta_waterbeheerder": null, "meta_node_id": 4526.0, "meta_old_node_id": 1188.0, "meta_couple_authority": "Rijkswaterstaat" }, "geometry": { "type": "Point", "coordinates": [ 136586.690900001383852, 539745.070599999511614 ] } },
{ "type": "Feature", "properties": { "node_id": 4533, "node_type": "LevelBoundary", "name": "", "subnetwork_id": null, "source_priority": null, "cyclic_time": false, "meta_categorie": null, "meta_waterbeheerder": null, "meta_node_id": 4533.0, "meta_old_node_id": 1195.0, "meta_couple_authority": "Rijkswaterstaat" }, "geometry": { "type": "Point", "coordinates": [ 124447.076000001572538, 489358.690000001399312 ] } },
{ "type": "Feature", "properties": { "node_id": 4536, "node_type": "LevelBoundary", "name": "", "subnetwork_id": null, "source_priority": null, "cyclic_time": false, "meta_categorie": null, "meta_waterbeheerder": null, "meta_node_id": 4536.0, "meta_old_node_id": 1198.0, "meta_couple_authority": "Rijkswaterstaat" }, "geometry": { "type": "Point", "coordinates": [ 130083.898800000519259, 513237.168400002468843 ] } },
{ "type": "Feature", "properties": { "node_id": 4544, "node_type": "LevelBoundary", "name": "", "subnetwork_id": null, "source_priority": null, "cyclic_time": false, "meta_categorie": null, "meta_waterbeheerder": null, "meta_node_id": 4544.0, "meta_old_node_id": 1206.0, "meta_couple_authority": "Rijkswaterstaat" }, "geometry": { "type": "Point", "coordinates": [ 135509.030000001279404, 542056.207999999285676 ] } },
{ "type": "Feature", "properties": { "node_id": 4560, "node_type": "LevelBoundary", "name": "", "subnetwork_id": null, "source_priority": null, "cyclic_time": false, "meta_categorie": null, "meta_waterbeheerder": null, "meta_node_id": 4560.0, "meta_old_node_id": 1222.0, "meta_couple_authority": "Rijkswaterstaat" }, "geometry": { "type": "Point", "coordinates": [ 131150.606085097067989, 496873.38416111638071 ] } },
{ "type": "Feature", "properties": { "node_id": 4561, "node_type": "LevelBoundary", "name": "", "subnetwork_id": null, "source_priority": null, "cyclic_time": false, "meta_categorie": null, "meta_waterbeheerder": null, "meta_node_id": 4561.0, "meta_old_node_id": 1223.0, "meta_couple_authority": "Rijkswaterstaat" }, "geometry": { "type": "Point", "coordinates": [ 140366.673900001798756, 516005.977600002253894 ] } },
{ "type": "Feature", "properties": { "node_id": 4562, "node_type": "LevelBoundary", "name": "", "subnetwork_id": null, "source_priority": null, "cyclic_time": false, "meta_categorie": null, "meta_waterbeheerder": null, "meta_node_id": 4562.0, "meta_old_node_id": 1224.0, "meta_couple_authority": "Rijkswaterstaat" }, "geometry": { "type": "Point", "coordinates": [ 136397.572999999072636, 537626.926400000229478 ] } },
{ "type": "Feature", "properties": { "node_id": 4576, "node_type": "LevelBoundary", "name": "", "subnetwork_id": null, "source_priority": null, "cyclic_time": false, "meta_categorie": null, "meta_waterbeheerder": null, "meta_node_id": 4576.0, "meta_old_node_id": 1238.0, "meta_couple_authority": "Rijkswaterstaat" }, "geometry": { "type": "Point", "coordinates": [ 135622.526000000332715, 541827.247999999905005 ] } },
{ "type": "Feature", "properties": { "node_id": 4583, "node_type": "LevelBoundary", "name": "", "subnetwork_id": null, "source_priority": null, "cyclic_time": false, "meta_categorie": null, "meta_waterbeheerder": null, "meta_node_id": 4583.0, "meta_old_node_id": 1245.0, "meta_couple_authority": "Rijkswaterstaat" }, "geometry": { "type": "Point", "coordinates": [ 123280.857085724710487, 490064.005047790356912 ] } },
{ "type": "Feature", "properties": { "node_id": 4590, "node_type": "LevelBoundary", "name": "", "subnetwork_id": null, "source_priority": null, "cyclic_time": false, "meta_categorie": null, "meta_waterbeheerder": null, "meta_node_id": 4590.0, "meta_old_node_id": 1252.0, "meta_couple_authority": null }, "geometry": { "type": "Point", "coordinates": [ 108675.154199997108663, 538337.645300002186559 ] } },
{ "type": "Feature", "properties": { "node_id": 4609, "node_type": "LevelBoundary", "name": "", "subnetwork_id": null, "source_priority": null, "cyclic_time": false, "meta_categorie": null, "meta_waterbeheerder": null, "meta_node_id": 4609.0, "meta_old_node_id": 1271.0, "meta_couple_authority": "Rijkswaterstaat" }, "geometry": { "type": "Point", "coordinates": [ 130135.855800000383169, 512737.083299996040296 ] } },
{ "type": "Feature", "properties": { "node_id": 4614, "node_type": "LevelBoundary", "name": "", "subnetwork_id": null, "source_priority": null, "cyclic_time": false, "meta_categorie": null, "meta_waterbeheerder": null, "meta_node_id": 4614.0, "meta_old_node_id": 1276.0, "meta_couple_authority": "Rijkswaterstaat" }, "geometry": { "type": "Point", "coordinates": [ 131027.757808436930645, 497372.502092987124342 ] } },
{ "type": "Feature", "properties": { "node_id": 4618, "node_type": "LevelBoundary", "name": "", "subnetwork_id": null, "source_priority": null, "cyclic_time": false, "meta_categorie": null, "meta_waterbeheerder": null, "meta_node_id": 4618.0, "meta_old_node_id": 1280.0, "meta_couple_authority": "Rijkswaterstaat" }, "geometry": { "type": "Point", "coordinates": [ 131267.556999999535037, 548375.381999999284744 ] } },
{ "type": "Feature", "properties": { "node_id": 4628, "node_type": "LevelBoundary", "name": "", "subnetwork_id": null, "source_priority": null, "cyclic_time": false, "meta_categorie": null, "meta_waterbeheerder": null, "meta_node_id": 4628.0, "meta_old_node_id": 1290.0, "meta_couple_authority": "Rijkswaterstaat" }, "geometry": { "type": "Point", "coordinates": [ 133660.87809999746969, 545747.39369999920018 ] } },
{ "type": "Feature", "properties": { "node_id": 4629, "node_type": "LevelBoundary", "name": "", "subnetwork_id": null, "source_priority": null, "cyclic_time": false, "meta_categorie": null, "meta_waterbeheerder": null, "meta_node_id": 4629.0, "meta_old_node_id": 1291.0, "meta_couple_authority": "Rijkswaterstaat" }, "geometry": { "type": "Point", "coordinates": [ 136184.291400000278372, 540711.205499998759478 ] } },
{ "type": "Feature", "properties": { "node_id": 4630, "node_type": "LevelBoundary", "name": "", "subnetwork_id": null, "source_priority": null, "cyclic_time": false, "meta_categorie": null, "meta_waterbeheerder": null, "meta_node_id": 4630.0, "meta_old_node_id": 1292.0, "meta_couple_authority": "Rijkswaterstaat" }, "geometry": { "type": "Point", "coordinates": [ 135289.298000000213506, 542494.502000000094995 ] } },
{ "type": "Feature", "properties": { "node_id": 4632, "node_type": "LevelBoundary", "name": "", "subnetwork_id": null, "source_priority": null, "cyclic_time": false, "meta_categorie": null, "meta_waterbeheerder": null, "meta_node_id": 4632.0, "meta_old_node_id": 1294.0, "meta_couple_authority": "Rijkswaterstaat" }, "geometry": { "type": "Point", "coordinates": [ 131974.605999997234903, 507262.960000002000015 ] } },
{ "type": "Feature", "properties": { "node_id": 4637, "node_type": "LevelBoundary", "name": "", "subnetwork_id": null, "source_priority": null, "cyclic_time": false, "meta_categorie": null, "meta_waterbeheerder": null, "meta_node_id": 4637.0, "meta_old_node_id": 1299.0, "meta_couple_authority": "Rijkswaterstaat" }, "geometry": { "type": "Point", "coordinates": [ 137225.050999999773921, 515913.971000003220979 ] } },
{ "type": "Feature", "properties": { "node_id": 4638, "node_type": "LevelBoundary", "name": "", "subnetwork_id": null, "source_priority": null, "cyclic_time": false, "meta_categorie": null, "meta_waterbeheerder": null, "meta_node_id": 4638.0, "meta_old_node_id": 1300.0, "meta_couple_authority": "Rijkswaterstaat" }, "geometry": { "type": "Point", "coordinates": [ 137310.876255082403077, 515953.691641570359934 ] } },
{ "type": "Feature", "properties": { "node_id": 4639, "node_type": "LevelBoundary", "name": "", "subnetwork_id": null, "source_priority": null, "cyclic_time": false, "meta_categorie": null, "meta_waterbeheerder": null, "meta_node_id": 4639.0, "meta_old_node_id": 1301.0, "meta_couple_authority": "Rijkswaterstaat" }, "geometry": { "type": "Point", "coordinates": [ 129937.451988709013676, 512004.110000532353297 ] } },
{ "type": "Feature", "properties": { "node_id": 4643, "node_type": "LevelBoundary", "name": "", "subnetwork_id": null, "source_priority": null, "cyclic_time": false, "meta_categorie": null, "meta_waterbeheerder": null, "meta_node_id": 4643.0, "meta_old_node_id": 1305.0, "meta_couple_authority": "Rijkswaterstaat" }, "geometry": { "type": "Point", "coordinates": [ 148001.582393550983397, 526073.135799955576658 ] } },
{ "type": "Feature", "properties": { "node_id": 10240, "node_type": "ContinuousControl", "name": "", "subnetwork_id": null, "source_priority": null, "cyclic_time": false, "meta_categorie": null, "meta_waterbeheerder": null, "meta_node_id": 10240.0, "meta_old_node_id": null, "meta_couple_authority": null }, "geometry": { "type": "Point", "coordinates": [ 128030.298999997758074, 494317.346000002871733 ] } },
{ "type": "Feature", "properties": { "node_id": 10247, "node_type": "ContinuousControl", "name": "", "subnetwork_id": null, "source_priority": null, "cyclic_time": false, "meta_categorie": null, "meta_waterbeheerder": null, "meta_node_id": 10247.0, "meta_old_node_id": null, "meta_couple_authority": null }, "geometry": { "type": "Point", "coordinates": [ 116937.696299999865005, 510762.251400001288857 ] } },
{ "type": "Feature", "properties": { "node_id": 10255, "node_type": "ContinuousControl", "name": "", "subnetwork_id": null, "source_priority": null, "cyclic_time": false, "meta_categorie": null, "meta_waterbeheerder": null, "meta_node_id": 10255.0, "meta_old_node_id": null, "meta_couple_authority": null }, "geometry": { "type": "Point", "coordinates": [ 124568.383999999336083, 493323.054000001517124 ] } },
{ "type": "Feature", "properties": { "node_id": 10257, "node_type": "ContinuousControl", "name": "", "subnetwork_id": null, "source_priority": null, "cyclic_time": false, "meta_categorie": null, "meta_waterbeheerder": null, "meta_node_id": 10257.0, "meta_old_node_id": null, "meta_couple_authority": null }, "geometry": { "type": "Point", "coordinates": [ 134990.971999999164836, 525980.256999999284744 ] } },
{ "type": "Feature", "properties": { "node_id": 10263, "node_type": "ContinuousControl", "name": "", "subnetwork_id": null, "source_priority": null, "cyclic_time": false, "meta_categorie": null, "meta_waterbeheerder": null, "meta_node_id": 10263.0, "meta_old_node_id": null, "meta_couple_authority": null }, "geometry": { "type": "Point", "coordinates": [ 130382.239999998259009, 491621.45300000149291 ] } },
{ "type": "Feature", "properties": { "node_id": 10265, "node_type": "ContinuousControl", "name": "", "subnetwork_id": null, "source_priority": null, "cyclic_time": false, "meta_categorie": null, "meta_waterbeheerder": null, "meta_node_id": 10265.0, "meta_old_node_id": null, "meta_couple_authority": null }, "geometry": { "type": "Point", "coordinates": [ 130018.006999999226537, 495628.331999998539686 ] } },
{ "type": "Feature", "properties": { "node_id": 10274, "node_type": "ContinuousControl", "name": "", "subnetwork_id": null, "source_priority": null, "cyclic_time": false, "meta_categorie": null, "meta_waterbeheerder": null, "meta_node_id": 10274.0, "meta_old_node_id": null, "meta_couple_authority": null }, "geometry": { "type": "Point", "coordinates": [ 126042.6601000038645, 491412.897600001771934 ] } },
{ "type": "Feature", "properties": { "node_id": 10279, "node_type": "ContinuousControl", "name": "", "subnetwork_id": null, "source_priority": null, "cyclic_time": false, "meta_categorie": null, "meta_waterbeheerder": null, "meta_node_id": 10279.0, "meta_old_node_id": null, "meta_couple_authority": null }, "geometry": { "type": "Point", "coordinates": [ 115488.976922834219295, 547470.233046720619313 ] } },
{ "type": "Feature", "properties": { "node_id": 10296, "node_type": "ContinuousControl", "name": "", "subnetwork_id": null, "source_priority": null, "cyclic_time": false, "meta_categorie": null, "meta_waterbeheerder": null, "meta_node_id": 10296.0, "meta_old_node_id": null, "meta_couple_authority": null }, "geometry": { "type": "Point", "coordinates": [ 116694.891000000585336, 506380.140999999362975 ] } },
{ "type": "Feature", "properties": { "node_id": 10310, "node_type": "ContinuousControl", "name": "", "subnetwork_id": null, "source_priority": null, "cyclic_time": false, "meta_categorie": null, "meta_waterbeheerder": null, "meta_node_id": 10310.0, "meta_old_node_id": null, "meta_couple_authority": null }, "geometry": { "type": "Point", "coordinates": [ 113132.940000000118744, 534182.910000001080334 ] } },
{ "type": "Feature", "properties": { "node_id": 10311, "node_type": "ContinuousControl", "name": "", "subnetwork_id": null, "source_priority": null, "cyclic_time": false, "meta_categorie": null, "meta_waterbeheerder": null, "meta_node_id": 10311.0, "meta_old_node_id": null, "meta_couple_authority": null }, "geometry": { "type": "Point", "coordinates": [ 116160.600699998671189, 499576.328299999237061 ] } },
{ "type": "Feature", "properties": { "node_id": 10312, "node_type": "ContinuousControl", "name": "", "subnetwork_id": null, "source_priority": null, "cyclic_time": false, "meta_categorie": null, "meta_waterbeheerder": null, "meta_node_id": 10312.0, "meta_old_node_id": null, "meta_couple_authority": null }, "geometry": { "type": "Point", "coordinates": [ 128755.852115311645321, 491453.911378632648848 ] } },
{ "type": "Feature", "properties": { "node_id": 10315, "node_type": "ContinuousControl", "name": "", "subnetwork_id": null, "source_priority": null, "cyclic_time": false, "meta_categorie": null, "meta_waterbeheerder": null, "meta_node_id": 10315.0, "meta_old_node_id": null, "meta_couple_authority": null }, "geometry": { "type": "Point", "coordinates": [ 130899.631000000605127, 493032.221999999892432 ] } },
{ "type": "Feature", "properties": { "node_id": 10330, "node_type": "ContinuousControl", "name": "", "subnetwork_id": null, "source_priority": null, "cyclic_time": false, "meta_categorie": null, "meta_waterbeheerder": null, "meta_node_id": 10330.0, "meta_old_node_id": null, "meta_couple_authority": null }, "geometry": { "type": "Point", "coordinates": [ 129696.120000000621076, 520954.61800000135554 ] } },
{ "type": "Feature", "properties": { "node_id": 10356, "node_type": "ContinuousControl", "name": "", "subnetwork_id": null, "source_priority": null, "cyclic_time": false, "meta_categorie": null, "meta_waterbeheerder": null, "meta_node_id": 10356.0, "meta_old_node_id": null, "meta_couple_authority": null }, "geometry": { "type": "Point", "coordinates": [ 129790.631000000794302, 493635.315699998347554 ] } },
{ "type": "Feature", "properties": { "node_id": 10358, "node_type": "ContinuousControl", "name": "", "subnetwork_id": null, "source_priority": null, "cyclic_time": false, "meta_categorie": null, "meta_waterbeheerder": null, "meta_node_id": 10358.0, "meta_old_node_id": null, "meta_couple_authority": null }, "geometry": { "type": "Point", "coordinates": [ 108820.56996231393714, 506669.670844038075302 ] } },
{ "type": "Feature", "properties": { "node_id": 10371, "node_type": "ContinuousControl", "name": "", "subnetwork_id": null, "source_priority": null, "cyclic_time": false, "meta_categorie": null, "meta_waterbeheerder": null, "meta_node_id": 10371.0, "meta_old_node_id": null, "meta_couple_authority": null }, "geometry": { "type": "Point", "coordinates": [ 120445.953999999983353, 516392.863800000282936 ] } },
{ "type": "Feature", "properties": { "node_id": 10382, "node_type": "ContinuousControl", "name": "", "subnetwork_id": null, "source_priority": null, "cyclic_time": false, "meta_categorie": null, "meta_waterbeheerder": null, "meta_node_id": 10382.0, "meta_old_node_id": null, "meta_couple_authority": null }, "geometry": { "type": "Point", "coordinates": [ 116579.585999999326305, 523392.877000000386033 ] } },
{ "type": "Feature", "properties": { "node_id": 10387, "node_type": "ContinuousControl", "name": "", "subnetwork_id": null, "source_priority": null, "cyclic_time": false, "meta_categorie": null, "meta_waterbeheerder": null, "meta_node_id": 10387.0, "meta_old_node_id": null, "meta_couple_authority": null }, "geometry": { "type": "Point", "coordinates": [ 115319.414999998945859, 508038.741999998048414 ] } },
{ "type": "Feature", "properties": { "node_id": 10402, "node_type": "ContinuousControl", "name": "", "subnetwork_id": null, "source_priority": null, "cyclic_time": false, "meta_categorie": null, "meta_waterbeheerder": null, "meta_node_id": 10402.0, "meta_old_node_id": null, "meta_couple_authority": null }, "geometry": { "type": "Point", "coordinates": [ 128429.690000002738088, 494651.822999999509193 ] } },
{ "type": "Feature", "properties": { "node_id": 10414, "node_type": "ContinuousControl", "name": "", "subnetwork_id": null, "source_priority": null, "cyclic_time": false, "meta_categorie": null, "meta_waterbeheerder": null, "meta_node_id": 10414.0, "meta_old_node_id": null, "meta_couple_authority": null }, "geometry": { "type": "Point", "coordinates": [ 108784.928600003826432, 536084.51550000149291 ] } },
{ "type": "Feature", "properties": { "node_id": 10418, "node_type": "ContinuousControl", "name": "", "subnetwork_id": null, "source_priority": null, "cyclic_time": false, "meta_categorie": null, "meta_waterbeheerder": null, "meta_node_id": 10418.0, "meta_old_node_id": null, "meta_couple_authority": null }, "geometry": { "type": "Point", "coordinates": [ 129755.157999999559252, 548326.458000001381151 ] } },
{ "type": "Feature", "properties": { "node_id": 10422, "node_type": "ContinuousControl", "name": "", "subnetwork_id": null, "source_priority": null, "cyclic_time": false, "meta_categorie": null, "meta_waterbeheerder": null, "meta_node_id": 10422.0, "meta_old_node_id": null, "meta_couple_authority": null }, "geometry": { "type": "Point", "coordinates": [ 105198.252000000415137, 508421.078000001667533 ] } },
{ "type": "Feature", "properties": { "node_id": 10427, "node_type": "ContinuousControl", "name": "", "subnetwork_id": null, "source_priority": null, "cyclic_time": false, "meta_categorie": null, "meta_waterbeheerder": null, "meta_node_id": 10427.0, "meta_old_node_id": null, "meta_couple_authority": null }, "geometry": { "type": "Point", "coordinates": [ 130377.715999999418273, 491004.750000000116415 ] } },
{ "type": "Feature", "properties": { "node_id": 10486, "node_type": "ContinuousControl", "name": "", "subnetwork_id": null, "source_priority": null, "cyclic_time": false, "meta_categorie": null, "meta_waterbeheerder": null, "meta_node_id": 10486.0, "meta_old_node_id": null, "meta_couple_authority": null }, "geometry": { "type": "Point", "coordinates": [ 128238.293999999281368, 493964.805000000633299 ] } },
{ "type": "Feature", "properties": { "node_id": 10499, "node_type": "ContinuousControl", "name": "", "subnetwork_id": null, "source_priority": null, "cyclic_time": false, "meta_categorie": null, "meta_waterbeheerder": null, "meta_node_id": 10499.0, "meta_old_node_id": null, "meta_couple_authority": null }, "geometry": { "type": "Point", "coordinates": [ 123092.370999998092884, 490387.334600002097432 ] } },
{ "type": "Feature", "properties": { "node_id": 10512, "node_type": "ContinuousControl", "name": "", "subnetwork_id": null, "source_priority": null, "cyclic_time": false, "meta_categorie": null, "meta_waterbeheerder": null, "meta_node_id": 10512.0, "meta_old_node_id": null, "meta_couple_authority": null }, "geometry": { "type": "Point", "coordinates": [ 133161.151999998575775, 521240.22199999896111 ] } },
{ "type": "Feature", "properties": { "node_id": 10517, "node_type": "ContinuousControl", "name": "", "subnetwork_id": null, "source_priority": null, "cyclic_time": false, "meta_categorie": null, "meta_waterbeheerder": null, "meta_node_id": 10517.0, "meta_old_node_id": null, "meta_couple_authority": null }, "geometry": { "type": "Point", "coordinates": [ 123633.548000001508626, 519814.388999998453073 ] } },
{ "type": "Feature", "properties": { "node_id": 10526, "node_type": "ContinuousControl", "name": "", "subnetwork_id": null, "source_priority": null, "cyclic_time": false, "meta_categorie": null, "meta_waterbeheerder": null, "meta_node_id": 10526.0, "meta_old_node_id": null, "meta_couple_authority": null }, "geometry": { "type": "Point", "coordinates": [ 133718.676000000152271, 500758.46099999913713 ] } },
{ "type": "Feature", "properties": { "node_id": 10554, "node_type": "ContinuousControl", "name": "", "subnetwork_id": null, "source_priority": null, "cyclic_time": false, "meta_categorie": null, "meta_waterbeheerder": null, "meta_node_id": 10554.0, "meta_old_node_id": null, "meta_couple_authority": null }, "geometry": { "type": "Point", "coordinates": [ 127282.741799998271745, 492130.477300000900868 ] } },
{ "type": "Feature", "properties": { "node_id": 10594, "node_type": "ContinuousControl", "name": "", "subnetwork_id": null, "source_priority": null, "cyclic_time": false, "meta_categorie": null, "meta_waterbeheerder": null, "meta_node_id": 10594.0, "meta_old_node_id": null, "meta_couple_authority": null }, "geometry": { "type": "Point", "coordinates": [ 117574.120999999140622, 534756.5760000012815 ] } },
{ "type": "Feature", "properties": { "node_id": 10627, "node_type": "ContinuousControl", "name": "", "subnetwork_id": null, "source_priority": null, "cyclic_time": false, "meta_categorie": null, "meta_waterbeheerder": null, "meta_node_id": 10627.0, "meta_old_node_id": null, "meta_couple_authority": null }, "geometry": { "type": "Point", "coordinates": [ 125892.305299995729001, 490610.272700004221406 ] } },
{ "type": "Feature", "properties": { "node_id": 10688, "node_type": "ContinuousControl", "name": "", "subnetwork_id": null, "source_priority": null, "cyclic_time": false, "meta_categorie": null, "meta_waterbeheerder": null, "meta_node_id": 10688.0, "meta_old_node_id": null, "meta_couple_authority": null }, "geometry": { "type": "Point", "coordinates": [ 131980.642000000341795, 492978.686999999219552 ] } },
{ "type": "Feature", "properties": { "node_id": 10689, "node_type": "ContinuousControl", "name": "", "subnetwork_id": null, "source_priority": null, "cyclic_time": false, "meta_categorie": null, "meta_waterbeheerder": null, "meta_node_id": 10689.0, "meta_old_node_id": null, "meta_couple_authority": null }, "geometry": { "type": "Point", "coordinates": [ 120544.440000001341105, 495609.368999999016523 ] } },
{ "type": "Feature", "properties": { "node_id": 10695, "node_type": "ContinuousControl", "name": "", "subnetwork_id": null, "source_priority": null, "cyclic_time": false, "meta_categorie": null, "meta_waterbeheerder": null, "meta_node_id": 10695.0, "meta_old_node_id": null, "meta_couple_authority": null }, "geometry": { "type": "Point", "coordinates": [ 128853.72500000121363, 489867.486000000615604 ] } },
{ "type": "Feature", "properties": { "node_id": 10700, "node_type": "ContinuousControl", "name": "", "subnetwork_id": null, "source_priority": null, "cyclic_time": false, "meta_categorie": null, "meta_waterbeheerder": null, "meta_node_id": 10700.0, "meta_old_node_id": null, "meta_couple_authority": null }, "geometry": { "type": "Point", "coordinates": [ 128779.272011743363691, 488570.240007230197079 ] } },
{ "type": "Feature", "properties": { "node_id": 10712, "node_type": "ContinuousControl", "name": "", "subnetwork_id": null, "source_priority": null, "cyclic_time": false, "meta_categorie": null, "meta_waterbeheerder": null, "meta_node_id": 10712.0, "meta_old_node_id": null, "meta_couple_authority": null }, "geometry": { "type": "Point", "coordinates": [ 127555.039996297578909, 492272.921088460716419 ] } },
{ "type": "Feature", "properties": { "node_id": 10749, "node_type": "ContinuousControl", "name": "", "subnetwork_id": null, "source_priority": null, "cyclic_time": false, "meta_categorie": null, "meta_waterbeheerder": null, "meta_node_id": 10749.0, "meta_old_node_id": null, "meta_couple_authority": null }, "geometry": { "type": "Point", "coordinates": [ 108729.276999999099644, 499596.399999998335261 ] } },
{ "type": "Feature", "properties": { "node_id": 10750, "node_type": "ContinuousControl", "name": "", "subnetwork_id": null, "source_priority": null, "cyclic_time": false, "meta_categorie": null, "meta_waterbeheerder": null, "meta_node_id": 10750.0, "meta_old_node_id": null, "meta_couple_authority": null }, "geometry": { "type": "Point", "coordinates": [ 128937.154000003662077, 493423.087000000174157 ] } },
{ "type": "Feature", "properties": { "node_id": 10752, "node_type": "ContinuousControl", "name": "", "subnetwork_id": null, "source_priority": null, "cyclic_time": false, "meta_categorie": null, "meta_waterbeheerder": null, "meta_node_id": 10752.0, "meta_old_node_id": null, "meta_couple_authority": null }, "geometry": { "type": "Point", "coordinates": [ 122140.486000001503271, 498345.927000001189299 ] } },
{ "type": "Feature", "properties": { "node_id": 10763, "node_type": "ContinuousControl", "name": "", "subnetwork_id": null, "source_priority": null, "cyclic_time": false, "meta_categorie": null, "meta_waterbeheerder": null, "meta_node_id": 10763.0, "meta_old_node_id": null, "meta_couple_authority": null }, "geometry": { "type": "Point", "coordinates": [ 120413.096999999092077, 541436.736999999266118 ] } },
{ "type": "Feature", "properties": { "node_id": 10790, "node_type": "ContinuousControl", "name": "", "subnetwork_id": null, "source_priority": null, "cyclic_time": false, "meta_categorie": null, "meta_waterbeheerder": null, "meta_node_id": 10790.0, "meta_old_node_id": null, "meta_couple_authority": null }, "geometry": { "type": "Point", "coordinates": [ 115520.519499996109516, 547460.88219999964349 ] } },
{ "type": "Feature", "properties": { "node_id": 10795, "node_type": "ContinuousControl", "name": "", "subnetwork_id": null, "source_priority": null, "cyclic_time": false, "meta_categorie": null, "meta_waterbeheerder": null, "meta_node_id": 10795.0, "meta_old_node_id": null, "meta_couple_authority": null }, "geometry": { "type": "Point", "coordinates": [ 122441.504000000175438, 492841.659000003652181 ] } },
{ "type": "Feature", "properties": { "node_id": 10803, "node_type": "ContinuousControl", "name": "", "subnetwork_id": null, "source_priority": null, "cyclic_time": false, "meta_categorie": null, "meta_waterbeheerder": null, "meta_node_id": 10803.0, "meta_old_node_id": null, "meta_couple_authority": null }, "geometry": { "type": "Point", "coordinates": [ 127480.271000001594075, 489585.170000001788139 ] } },
{ "type": "Feature", "properties": { "node_id": 10812, "node_type": "ContinuousControl", "name": "", "subnetwork_id": null, "source_priority": null, "cyclic_time": false, "meta_categorie": null, "meta_waterbeheerder": null, "meta_node_id": 10812.0, "meta_old_node_id": null, "meta_couple_authority": null }, "geometry": { "type": "Point", "coordinates": [ 127449.511999998183455, 488235.739999997080304 ] } },
{ "type": "Feature", "properties": { "node_id": 10828, "node_type": "ContinuousControl", "name": "", "subnetwork_id": null, "source_priority": null, "cyclic_time": false, "meta_categorie": null, "meta_waterbeheerder": null, "meta_node_id": 10828.0, "meta_old_node_id": null, "meta_couple_authority": null }, "geometry": { "type": "Point", "coordinates": [ 126370.222300001914846, 494996.561900003231131 ] } },
{ "type": "Feature", "properties": { "node_id": 10842, "node_type": "ContinuousControl", "name": "", "subnetwork_id": null, "source_priority": null, "cyclic_time": false, "meta_categorie": null, "meta_waterbeheerder": null, "meta_node_id": 10842.0, "meta_old_node_id": null, "meta_couple_authority": null }, "geometry": { "type": "Point", "coordinates": [ 106880.653999999252846, 508394.649000000208616 ] } },
{ "type": "Feature", "properties": { "node_id": 10878, "node_type": "ContinuousControl", "name": "", "subnetwork_id": null, "source_priority": null, "cyclic_time": false, "meta_categorie": null, "meta_waterbeheerder": null, "meta_node_id": 10878.0, "meta_old_node_id": null, "meta_couple_authority": null }, "geometry": { "type": "Point", "coordinates": [ 122103.099100001374609, 491647.575300001190044 ] } },
{ "type": "Feature", "properties": { "node_id": 10917, "node_type": "ContinuousControl", "name": "", "subnetwork_id": null, "source_priority": null, "cyclic_time": false, "meta_categorie": null, "meta_waterbeheerder": null, "meta_node_id": 10917.0, "meta_old_node_id": null, "meta_couple_authority": null }, "geometry": { "type": "Point", "coordinates": [ 105274.660999997635372, 498910.60500000132015 ] } },
{ "type": "Feature", "properties": { "node_id": 10919, "node_type": "ContinuousControl", "name": "", "subnetwork_id": null, "source_priority": null, "cyclic_time": false, "meta_categorie": null, "meta_waterbeheerder": null, "meta_node_id": 10919.0, "meta_old_node_id": null, "meta_couple_authority": null }, "geometry": { "type": "Point", "coordinates": [ 132583.360800000897143, 493878.856699999596458 ] } },
{ "type": "Feature", "properties": { "node_id": 10922, "node_type": "ContinuousControl", "name": "", "subnetwork_id": null, "source_priority": null, "cyclic_time": false, "meta_categorie": null, "meta_waterbeheerder": null, "meta_node_id": 10922.0, "meta_old_node_id": null, "meta_couple_authority": null }, "geometry": { "type": "Point", "coordinates": [ 129550.41670000187878, 494414.232200000609737 ] } },
{ "type": "Feature", "properties": { "node_id": 10943, "node_type": "ContinuousControl", "name": "", "subnetwork_id": null, "source_priority": null, "cyclic_time": false, "meta_categorie": null, "meta_waterbeheerder": null, "meta_node_id": 10943.0, "meta_old_node_id": null, "meta_couple_authority": null }, "geometry": { "type": "Point", "coordinates": [ 128125.151700001137215, 546879.124899999704212 ] } },
{ "type": "Feature", "properties": { "node_id": 10973, "node_type": "ContinuousControl", "name": "", "subnetwork_id": null, "source_priority": null, "cyclic_time": false, "meta_categorie": null, "meta_waterbeheerder": null, "meta_node_id": 10973.0, "meta_old_node_id": null, "meta_couple_authority": null }, "geometry": { "type": "Point", "coordinates": [ 122245.602000001745182, 498613.649999998160638 ] } },
{ "type": "Feature", "properties": { "node_id": 10999, "node_type": "ContinuousControl", "name": "", "subnetwork_id": null, "source_priority": null, "cyclic_time": false, "meta_categorie": null, "meta_waterbeheerder": null, "meta_node_id": 10999.0, "meta_old_node_id": null, "meta_couple_authority": null }, "geometry": { "type": "Point", "coordinates": [ 108191.162000000942498, 504740.293000001518521 ] } },
{ "type": "Feature", "properties": { "node_id": 11004, "node_type": "ContinuousControl", "name": "", "subnetwork_id": null, "source_priority": null, "cyclic_time": false, "meta_categorie": null, "meta_waterbeheerder": null, "meta_node_id": 11004.0, "meta_old_node_id": null, "meta_couple_authority": null }, "geometry": { "type": "Point", "coordinates": [ 125237.985300000756979, 530035.136800000909716 ] } },
{ "type": "Feature", "properties": { "node_id": 11008, "node_type": "ContinuousControl", "name": "", "subnetwork_id": null, "source_priority": null, "cyclic_time": false, "meta_categorie": null, "meta_waterbeheerder": null, "meta_node_id": 11008.0, "meta_old_node_id": null, "meta_couple_authority": null }, "geometry": { "type": "Point", "coordinates": [ 117275.921300001093186, 500442.144900004786905 ] } },
{ "type": "Feature", "properties": { "node_id": 11009, "node_type": "ContinuousControl", "name": "", "subnetwork_id": null, "source_priority": null, "cyclic_time": false, "meta_categorie": null, "meta_waterbeheerder": null, "meta_node_id": 11009.0, "meta_old_node_id": null, "meta_couple_authority": null }, "geometry": { "type": "Point", "coordinates": [ 121798.010999999300111, 532963.629000001121312 ] } },
{ "type": "Feature", "properties": { "node_id": 11055, "node_type": "ContinuousControl", "name": "", "subnetwork_id": null, "source_priority": null, "cyclic_time": false, "meta_categorie": null, "meta_waterbeheerder": null, "meta_node_id": 11055.0, "meta_old_node_id": null, "meta_couple_authority": null }, "geometry": { "type": "Point", "coordinates": [ 107282.585799999375013, 498960.739000000117812 ] } },
{ "type": "Feature", "properties": { "node_id": 11094, "node_type": "ContinuousControl", "name": "", "subnetwork_id": null, "source_priority": null, "cyclic_time": false, "meta_categorie": null, "meta_waterbeheerder": null, "meta_node_id": 11094.0, "meta_old_node_id": null, "meta_couple_authority": null }, "geometry": { "type": "Point", "coordinates": [ 109016.837799999222625, 534332.669300001347438 ] } },
{ "type": "Feature", "properties": { "node_id": 11129, "node_type": "ContinuousControl", "name": "", "subnetwork_id": null, "source_priority": null, "cyclic_time": false, "meta_categorie": null, "meta_waterbeheerder": null, "meta_node_id": 11129.0, "meta_old_node_id": null, "meta_couple_authority": null }, "geometry": { "type": "Point", "coordinates": [ 111595.040999995238963, 551456.372000007890165 ] } },
{ "type": "Feature", "properties": { "node_id": 11172, "node_type": "ContinuousControl", "name": "", "subnetwork_id": null, "source_priority": null, "cyclic_time": false, "meta_categorie": null, "meta_waterbeheerder": null, "meta_node_id": 11172.0, "meta_old_node_id": null, "meta_couple_authority": null }, "geometry": { "type": "Point", "coordinates": [ 126851.545000001511653, 490694.427999999315944 ] } },
{ "type": "Feature", "properties": { "node_id": 11185, "node_type": "ContinuousControl", "name": "", "subnetwork_id": null, "source_priority": null, "cyclic_time": false, "meta_categorie": null, "meta_waterbeheerder": null, "meta_node_id": 11185.0, "meta_old_node_id": null, "meta_couple_authority": null }, "geometry": { "type": "Point", "coordinates": [ 105583.268599999180879, 505147.742600000696257 ] } },
{ "type": "Feature", "properties": { "node_id": 11263, "node_type": "ContinuousControl", "name": "", "subnetwork_id": null, "source_priority": null, "cyclic_time": false, "meta_categorie": null, "meta_waterbeheerder": null, "meta_node_id": 11263.0, "meta_old_node_id": null, "meta_couple_authority": null }, "geometry": { "type": "Point", "coordinates": [ 121815.085999999224441, 492601.274000000092201 ] } },
{ "type": "Feature", "properties": { "node_id": 11417, "node_type": "ContinuousControl", "name": "", "subnetwork_id": null, "source_priority": null, "cyclic_time": false, "meta_categorie": null, "meta_waterbeheerder": null, "meta_node_id": 11417.0, "meta_old_node_id": null, "meta_couple_authority": null }, "geometry": { "type": "Point", "coordinates": [ 115572.0, 502628.0 ] } }
]
}
